<![LOG[RDU cleanup timer configured (disabled initially)...]LOG]!><time="10:14:51.6948169" date="5-29-2026" component="IntuneManagementExtension" context="" type="1" thread="1" file="">
<![LOG[[WindowsRemoteHelpUnattended] Retrieved 0 helpers from registry]LOG]!><time="10:14:51.6985620" date="5-29-2026" component="IntuneManagementExtension" context="" type="1" thread="1" file="">
<![LOG[[WindowsRemoteHelpUnattended] Retrieved all helpers from registry]LOG]!><time="10:14:51.6985620" date="5-29-2026" component="IntuneManagementExtension" context="" type="1" thread="1" file="">
<![LOG[EMS Agent Started]LOG]!><time="10:14:51.8904678" date="5-29-2026" component="IntuneManagementExtension" context="" type="1" thread="4" file="">
<![LOG[RecycleScripts = True]LOG]!><time="10:14:51.8964748" date="5-29-2026" component="IntuneManagementExtension" context="" type="1" thread="4" file="">
<![LOG[EnableRotateBitLockerKeys = False]LOG]!><time="10:14:51.8964748" date="5-29-2026" component="IntuneManagementExtension" context="" type="1" thread="4" file="">
<![LOG[MaxTotalKeysAllowedToDelete = 8]LOG]!><time="10:14:51.8964748" date="5-29-2026" component="IntuneManagementExtension" context="" type="1" thread="4" file="">
<![LOG[EnableDeviceAction = True]LOG]!><time="10:14:51.8964748" date="5-29-2026" component="IntuneManagementExtension" context="" type="1" thread="4" file="">
<![LOG[Found 1 MDM certificates from Local Computer Store.]LOG]!><time="10:14:51.9122370" date="5-29-2026" component="IntuneManagementExtension" context="" type="1" thread="4" file="">
<![LOG[Found 1 MDM certificates from Local Computer Store.]LOG]!><time="10:14:51.9162420" date="5-29-2026" component="IntuneManagementExtension" context="" type="1" thread="4" file="">
<![LOG[Found 1 MDM certificates from Local Computer Store.]LOG]!><time="10:14:51.9162420" date="5-29-2026" component="IntuneManagementExtension" context="" type="1" thread="4" file="">
<![LOG[Found 1 MDM certificates from Local Computer Store.]LOG]!><time="10:14:51.9162420" date="5-29-2026" component="IntuneManagementExtension" context="" type="1" thread="4" file="">
<![LOG[Found 1 MDM certificates from Local Computer Store.]LOG]!><time="10:14:51.9162420" date="5-29-2026" component="IntuneManagementExtension" context="" type="1" thread="4" file="">
<![LOG[Found 1 MDM certificates from Local Computer Store.]LOG]!><time="10:14:51.9162420" date="5-29-2026" component="IntuneManagementExtension" context="" type="1" thread="4" file="">
<![LOG[Found 1 MDM certificates from Local Computer Store.]LOG]!><time="10:14:51.9179846" date="5-29-2026" component="IntuneManagementExtension" context="" type="1" thread="4" file="">
<![LOG[Found 1 MDM certificates from Local Computer Store.]LOG]!><time="10:14:51.9179846" date="5-29-2026" component="IntuneManagementExtension" context="" type="1" thread="4" file="">
<![LOG[[EMS] Working on C:\ProgramData\Microsoft\IntuneManagementExtension\Logs.]LOG]!><time="10:14:51.9179846" date="5-29-2026" component="IntuneManagementExtension" context="" type="1" thread="4" file="">
<![LOG[[EMS] Unexpected ACL detected: S-1-5-32-545 - ReadAndExecute, Synchronize]LOG]!><time="10:14:51.9297367" date="5-29-2026" component="IntuneManagementExtension" context="" type="1" thread="4" file="">
<![LOG[[EMS] Some expected ACLs are missing!]LOG]!><time="10:14:51.9317385" date="5-29-2026" component="IntuneManagementExtension" context="" type="1" thread="4" file="">
<![LOG[[EMS] Desired ACLs are not applied. Setting them now.]LOG]!><time="10:14:51.9317385" date="5-29-2026" component="IntuneManagementExtension" context="" type="1" thread="4" file="">
<![LOG[[EMS] Successfully took ownership of C:\ProgramData\Microsoft\IntuneManagementExtension\Logs]LOG]!><time="10:14:51.9337404" date="5-29-2026" component="IntuneManagementExtension" context="" type="1" thread="4" file="">
<![LOG[[EMS] Updated ACLs applied successfully.]LOG]!><time="10:14:51.9357426" date="5-29-2026" component="IntuneManagementExtension" context="" type="1" thread="4" file="">
<![LOG[Found 1 MDM certificates from Local Computer Store.]LOG]!><time="10:14:51.9377443" date="5-29-2026" component="IntuneManagementExtension" context="" type="1" thread="4" file="">
<![LOG[Found 1 MDM certificates from Local Computer Store.]LOG]!><time="10:14:51.9377443" date="5-29-2026" component="IntuneManagementExtension" context="" type="1" thread="4" file="">
<![LOG[OnStart, public cloud env.]LOG]!><time="10:14:51.9377443" date="5-29-2026" component="IntuneManagementExtension" context="" type="1" thread="4" file="">
<![LOG[Found 1 MDM certificates from Local Computer Store.]LOG]!><time="10:14:51.9377443" date="5-29-2026" component="IntuneManagementExtension" context="" type="1" thread="4" file="">
<![LOG[Starting ECS flighting client initialization]LOG]!><time="10:14:52.0437932" date="5-29-2026" component="IntuneManagementExtension" context="" type="1" thread="4" file="">
<![LOG[2026-05-29 10:14:52 AM | thread[4] | [Flighting] ASU parameter is null or empty, using empty value]LOG]!><time="10:14:52.0765001" date="5-29-2026" component="IntuneManagementExtension" context="" type="2" thread="4" file="">
<![LOG[[Flighting] Client initialized successfully for environment: PE]LOG]!><time="10:14:52.1820319" date="5-29-2026" component="IntuneManagementExtension" context="" type="1" thread="4" file="">
<![LOG[Agent version is: 1.101.111.0]LOG]!><time="10:14:52.1860682" date="5-29-2026" component="IntuneManagementExtension" context="" type="1" thread="4" file="">
<![LOG[Populating AccountId and DeviceId globally. Account ID is : 5f09d589-ad94-4886-bc14-bcafeea7dc2c Device Id is : 4006f577-5328-4139-9ed3-27b9fc6b018f]LOG]!><time="10:14:52.1860682" date="5-29-2026" component="IntuneManagementExtension" context="" type="1" thread="4" file="">
<![LOG[Found 1 MDM certificates from Local Computer Store.]LOG]!><time="10:14:52.1860682" date="5-29-2026" component="IntuneManagementExtension" context="" type="1" thread="4" file="">
<![LOG[[Location Service] Service URL is not available or expired, retrieving with LocationService ServiceAddresses Controller]LOG]!><time="10:14:52.1900752" date="5-29-2026" component="IntuneManagementExtension" context="" type="1" thread="4" file="">
<![LOG[RegistryKeyExistsFullPath opening subPath SOFTWARE\Microsoft\Provisioning\OMADM\Accounts...]LOG]!><time="10:14:52.1940925" date="5-29-2026" component="IntuneManagementExtension" context="" type="1" thread="4" file="">
<![LOG[[Discovery Service] Got gateway addr: https://r.manage.microsoft.com/devicegatewayproxy/cimhandler.ashx]LOG]!><time="10:14:52.1940925" date="5-29-2026" component="IntuneManagementExtension" context="" type="1" thread="4" file="">
<![LOG[[Location Service] Calling LocationService ServiceAddresses Controller with https://manage.microsoft.com/RestUserAuthLocationService/RestUserAuthLocationService/Certificate/ServiceAddresses with True]LOG]!><time="10:14:52.1981009" date="5-29-2026" component="IntuneManagementExtension" context="" type="1" thread="4" file="">
<![LOG[[Location Service] SendWebRequest, client-request-id: 4006f577-5328-4139-9ed3-27b9fc6b018f, Method: GET]LOG]!><time="10:14:52.2643149" date="5-29-2026" component="IntuneManagementExtension" context="" type="1" thread="4" file="">
<![LOG[[Location Service] Success!! LocationService ServiceAddresses Controller with https://manage.microsoft.com/RestUserAuthLocationService/RestUserAuthLocationService/Certificate/ServiceAddresses with True, statusCode = OK]LOG]!><time="10:14:52.7936633" date="5-29-2026" component="IntuneManagementExtension" context="" type="1" thread="4" file="">
<![LOG[[Location Service] Got address for service: AriaService, url: https://self.events.data.microsoft.com/]LOG]!><time="10:14:52.9237498" date="5-29-2026" component="IntuneManagementExtension" context="" type="1" thread="4" file="">
<![LOG[[Location Service] Got address for service: CollectorService, url: https://us-mobile.events.data.microsoft.com/OneCollector/1.0/]LOG]!><time="10:14:52.9237498" date="5-29-2026" component="IntuneManagementExtension" context="" type="1" thread="4" file="">
<![LOG[[Location Service] Got address for service: SideCarGatewayService, url: https://agents.amsua0202.manage.microsoft.com/TrafficGateway/TrafficRoutingService/SideCar/StatelessSideCarGatewayService]LOG]!><time="10:14:52.9237498" date="5-29-2026" component="IntuneManagementExtension" context="" type="1" thread="4" file="">
<![LOG[[Location Service] Intune DownloadServiceUrl is https://agents.amsua0202.manage.microsoft.com/TrafficGateway/TrafficRoutingService/DownloadService]LOG]!><time="10:14:52.9337616" date="5-29-2026" component="IntuneManagementExtension" context="" type="1" thread="4" file="">
<![LOG[[ServiceGateway] Device ID: 4006f577-5328-4139-9ed3-27b9fc6b018f]LOG]!><time="10:14:52.9337616" date="5-29-2026" component="IntuneManagementExtension" context="" type="1" thread="4" file="">
<![LOG[The sideCar gateway url from OnStart is : https://agents.amsua0202.manage.microsoft.com/TrafficGateway/TrafficRoutingService/SideCar/StatelessSideCarGatewayService]LOG]!><time="10:14:52.9337616" date="5-29-2026" component="IntuneManagementExtension" context="" type="1" thread="4" file="">
<![LOG[Found 1 MDM certificates from Local Computer Store.]LOG]!><time="10:14:52.9337616" date="5-29-2026" component="IntuneManagementExtension" context="" type="1" thread="4" file="">
<![LOG[[Telemetry] Telemetry is enabled. Starting mananger...]LOG]!><time="10:14:52.9437721" date="5-29-2026" component="IntuneManagementExtension" context="" type="1" thread="4" file="">
<![LOG[[Telemetry] Telemetry metadata registry values initialized.]LOG]!><time="10:14:52.9477758" date="5-29-2026" component="IntuneManagementExtension" context="" type="1" thread="4" file="">
<![LOG[Start watching registry SOFTWARE\MICROSOFT\IntuneWindowsAgent\Logging]LOG]!><time="10:14:52.9477758" date="5-29-2026" component="IntuneManagementExtension" context="" type="1" thread="4" file="">
<![LOG[[Flighting] Fetching flighting value for key EnableOneDSProxyFeature...]LOG]!><time="10:14:52.9833651" date="5-29-2026" component="IntuneManagementExtension" context="" type="1" thread="5" file="">
<![LOG[[Flighting] Cache expired. Refreshing cache...]LOG]!><time="10:14:52.9864493" date="5-29-2026" component="IntuneManagementExtension" context="" type="1" thread="5" file="">
<![LOG[[Flighting] Getting flighting information from https://ecs.office.com/config/v1/Intune/1.0.0.0]LOG]!><time="10:14:52.9894594" date="5-29-2026" component="IntuneManagementExtension" context="" type="1" thread="5" file="">
<![LOG[[OnStart](Agent Started) {"Message":"Agent Started in OnStart","Colmetadata":"DeviceId;AccountId;ScaleUnit;Exception;","Col1":"4006f577-5328-4139-9ed3-27b9fc6b018f","Col2":"5f09d589-ad94-4886-bc14-bcafeea7dc2c","Col3":"amsua0202","Col4":"","Col5":"","Col6":""}]LOG]!><time="10:14:53.0219605" date="5-29-2026" component="IntuneManagementExtension" context="" type="1" thread="4" file="">
<![LOG[[Policy] Current agent environment is: PE]LOG]!><time="10:14:53.0402620" date="5-29-2026" component="IntuneManagementExtension" context="" type="1" thread="4" file="">
<![LOG[[Policy] Current agent environment after override is: PE]LOG]!><time="10:14:53.0402620" date="5-29-2026" component="IntuneManagementExtension" context="" type="1" thread="4" file="">
<![LOG[[Policy] FlightingV2 SkipV2ChainValidation = False, existing value = False]LOG]!><time="10:14:53.0986083" date="5-29-2026" component="IntuneManagementExtension" context="" type="1" thread="4" file="">
<![LOG[[Flighting] Fetching flighting value for key DisableV2ChainValidation...]LOG]!><time="10:14:53.0986083" date="5-29-2026" component="IntuneManagementExtension" context="" type="1" thread="13" file="">
<![LOG[[Flighting] Cache expired. Refreshing cache...]LOG]!><time="10:14:53.0986083" date="5-29-2026" component="IntuneManagementExtension" context="" type="1" thread="13" file="">
<![LOG[[Flighting] Getting flighting information from https://ecs.office.com/config/v1/Intune/1.0.0.0]LOG]!><time="10:14:53.0986083" date="5-29-2026" component="IntuneManagementExtension" context="" type="1" thread="13" file="">
<![LOG[[Registry ACL Protection] Root registry key ACL is updated. key=Software\Microsoft\IntuneManagementExtension.]LOG]!><time="10:14:53.1006142" date="5-29-2026" component="IntuneManagementExtension" context="" type="1" thread="4" file="">
<![LOG[[Policy] check in interval from cache is : 3600 seconds]LOG]!><time="10:14:53.1006142" date="5-29-2026" component="IntuneManagementExtension" context="" type="1" thread="4" file="">
<![LOG[[PowerShell] Check flighting to CallSelectedOnTimer for OnStart.]LOG]!><time="10:14:53.1026206" date="5-29-2026" component="IntuneManagementExtension" context="" type="2" thread="4" file="">
<![LOG[[PowerShell] Script Default Timer is set to 24 hour]LOG]!><time="10:14:53.1026206" date="5-29-2026" component="IntuneManagementExtension" context="" type="1" thread="4" file="">
<![LOG[Detect whether the managed installer is enabled.]LOG]!><time="10:14:53.1026206" date="5-29-2026" component="IntuneManagementExtension" context="" type="1" thread="4" file="">
<![LOG[[Flighting] Fetching flighting value for key CommonSchemaEventsProcessing...]LOG]!><time="10:14:53.1067139" date="5-29-2026" component="IntuneManagementExtension" context="" type="1" thread="13" file="">
<![LOG[[Flighting] Cache expired. Refreshing cache...]LOG]!><time="10:14:53.1067139" date="5-29-2026" component="IntuneManagementExtension" context="" type="1" thread="13" file="">
<![LOG[[Flighting] Getting flighting information from https://ecs.office.com/config/v1/Intune/1.0.0.0]LOG]!><time="10:14:53.1067139" date="5-29-2026" component="IntuneManagementExtension" context="" type="1" thread="13" file="">
<![LOG[starting task]LOG]!><time="10:14:53.1541512" date="5-29-2026" component="IntuneManagementExtension" context="" type="1" thread="4" file="">
<![LOG[Win32AppTimer interval is : 3600000 ms]LOG]!><time="10:14:53.1541512" date="5-29-2026" component="IntuneManagementExtension" context="" type="1" thread="4" file="">
<![LOG[Starting Win32AppOnTimer task...]LOG]!><time="10:14:53.1729642" date="5-29-2026" component="IntuneManagementExtension" context="" type="1" thread="4" file="">
<![LOG[[EmsAgentService:RequiredAppTask] Device is either not in 'Win 10 S Mode' or not a '19H2 (Win 10 S supported) or later' build.]LOG]!><time="10:14:53.1729642" date="5-29-2026" component="IntuneManagementExtension" context="" type="1" thread="4" file="">
<![LOG[set timer, delayed seconds = 278 for workload Win32RequiredApp]LOG]!><time="10:14:53.1729642" date="5-29-2026" component="IntuneManagementExtension" context="" type="1" thread="4" file="">
<![LOG[Starting Available app timer task...]LOG]!><time="10:14:53.1773366" date="5-29-2026" component="IntuneManagementExtension" context="" type="1" thread="4" file="">
<![LOG[[EmsAgentService:AvailableAppTask] Device is either not in 'Win 10 S Mode' or not a '19H2 (Win 10 S supported) or later' build.]LOG]!><time="10:14:53.1773366" date="5-29-2026" component="IntuneManagementExtension" context="" type="1" thread="4" file="">
<![LOG[set timer, delayed seconds = 119 for workload Win32AvailableApp]LOG]!><time="10:14:53.1773366" date="5-29-2026" component="IntuneManagementExtension" context="" type="1" thread="4" file="">
<![LOG[Starting content manager initialization...]LOG]!><time="10:14:53.1773366" date="5-29-2026" component="IntuneManagementExtension" context="" type="1" thread="4" file="">
<![LOG[Delaying all checkins by seconds = 37 in the first check in on start/restart.]LOG]!><time="10:14:53.1773366" date="5-29-2026" component="IntuneManagementExtension" context="" type="1" thread="11" file="">
<![LOG[[Notification] Starting Notification infra ManagerService initialization...]LOG]!><time="10:14:53.1803952" date="5-29-2026" component="IntuneManagementExtension" context="" type="1" thread="17" file="">
<![LOG[[NotificationManagerService] Notification Infra Manager init...]LOG]!><time="10:14:53.1814015" date="5-29-2026" component="IntuneManagementExtension" context="" type="1" thread="17" file="">
<![LOG[[NotificationManagerService] Notification Infra Manager initialized successfully]LOG]!><time="10:14:53.1834085" date="5-29-2026" component="IntuneManagementExtension" context="" type="1" thread="17" file="">
<![LOG[[Notification] Notification infra ManagerService initialized successfully]LOG]!><time="10:14:53.1834085" date="5-29-2026" component="IntuneManagementExtension" context="" type="1" thread="17" file="">
<![LOG[[Flighting] Fetching flighting value for key EnableIC3Feature...]LOG]!><time="10:14:53.1917542" date="5-29-2026" component="IntuneManagementExtension" context="" type="1" thread="13" file="">
<![LOG[[Flighting] Cache expired. Refreshing cache...]LOG]!><time="10:14:53.1917542" date="5-29-2026" component="IntuneManagementExtension" context="" type="1" thread="13" file="">
<![LOG[[Flighting] Getting flighting information from https://ecs.office.com/config/v1/Intune/1.0.0.0]LOG]!><time="10:14:53.1917542" date="5-29-2026" component="IntuneManagementExtension" context="" type="1" thread="13" file="">
<![LOG[Mixed mode policy feature is supported on this device.]LOG]!><time="10:14:53.1937601" date="5-29-2026" component="IntuneManagementExtension" context="" type="1" thread="4" file="">
<![LOG[[UnlockWin: GetAllBaseAndSupplementalPolicyInfos] Getting all PolicyInfos]LOG]!><time="10:14:53.1981531" date="5-29-2026" component="IntuneManagementExtension" context="" type="1" thread="4" file="">
<![LOG[[Flighting] Completed getting flighting information from the service.]LOG]!><time="10:14:53.3971743" date="5-29-2026" component="IntuneManagementExtension" context="" type="1" thread="5" file="">
<![LOG[[Flighting] Key: EnableIC3Feature, value not found. Falling back to default value: False.]LOG]!><time="10:14:53.3971743" date="5-29-2026" component="IntuneManagementExtension" context="" type="2" thread="5" file="">
<![LOG[[Flighting] Completed getting flighting information from the service.]LOG]!><time="10:14:53.3971743" date="5-29-2026" component="IntuneManagementExtension" context="" type="1" thread="21" file="">
<![LOG[[Flighting] Key: DisableV2ChainValidation, value not found. Falling back to default value: False.]LOG]!><time="10:14:53.3971743" date="5-29-2026" component="IntuneManagementExtension" context="" type="2" thread="21" file="">
<![LOG[[Flighting] Completed getting flighting information from the service.]LOG]!><time="10:14:53.3971743" date="5-29-2026" component="IntuneManagementExtension" context="" type="1" thread="18" file="">
<![LOG[[Flighting] Key: EnableOneDSProxyFeature, value not found. Falling back to default value: False.]LOG]!><time="10:14:53.3971743" date="5-29-2026" component="IntuneManagementExtension" context="" type="2" thread="18" file="">
<![LOG[[Flighting] Completed getting flighting information from the service.]LOG]!><time="10:14:53.3990408" date="5-29-2026" component="IntuneManagementExtension" context="" type="1" thread="13" file="">
<![LOG[[EcsFlighting](PublishFlightingInfo) {"Message":"","Colmetadata":"lastused;config;filters;","Col1":";EnableOneDSProxyFeature:False;DisableV2ChainValidation:False;EnableIC3Feature:False","Col2":"{\"FlightingV2\":{\"APv2EnableAutoReconnectOnRestart\":\"{\\\"FlightValue\\\":\\\"true\\\",\\\"FlightExpiry\\\":\\\"2027-03-17T00:00:00.0402432Z\\\"}\",\"redirectFsForScriptsEnabled\":\"{\\\"FlightValue\\\":\\\"true\\\",\\\"FlightExpiry\\\":\\\"2026-11-01T00:00:01Z\\\"}\",\"skipUserContextAppsWithoutUserLoggedInEnabled\":\"{\\\"FlightValue\\\":\\\"true\\\",\\\"FlightExpiry\\\":\\\"2026-06-01T00:00:01Z\\\"}\",\"TcpProbe\":\"{\\\"FlightValue\\\":\\\"true\\\",\\\"FlightExpiry\\\":\\\"2026-08-01T00:00:00Z\\\"}\",\"RouteInventoryEventsToSidecarDB\":\"{\\\"FlightValue\\\":\\\"true\\\",\\\"FlightExpiry\\\":\\\"2026-12-31T00:00:01Z\\\"}\",\"EnableUserSessionFix\":\"{\\\"FlightValue\\\":\\\"false\\\",\\\"FlightExpiry\\\":\\\"2026-01-02T00:00:00.0402432Z\\\"}\",\"ClearGRSInESP\":\"{\\\"FlightValue\\\":\\\"true\\\",\\\"FlightExpiry\\\":\\\"2026-04-01T00:00:00Z\\\"}\",\"CommonSchemaEventsProcessing\":\"{\\\"FlightValue\\\":\\\"true\\\",\\\"FlightExpiry\\\":\\\"2025-08-01T00:00:00Z\\\"}\",\"SingletonBootstrapperFlight\":\"{\\\"FlightValue\\\":\\\"true\\\",\\\"FlightExpiry\\\":\\\"2026-06-19T00:00:00.0402432Z\\\"}\",\"EnableGoldenSignals\":\"{\\\"FlightValue\\\":\\\"true\\\",\\\"FlightExpiry\\\":\\\"2025-10-18T00:00:00Z\\\"}\",\"EnableWin32PowerMgmt\":\"{\\\"FlightValue\\\":\\\"true\\\",\\\"FlightExpiry\\\":\\\"2025-11-01T00:00:01Z\\\"}\",\"SetIMELogACL\":\"{\\\"FlightValue\\\":\\\"true\\\",\\\"FlightExpiry\\\":\\\"2026-03-04T00:00:01Z\\\"}\",\"APv2UseStandardUserProviderNative\":\"{\\\"FlightValue\\\":\\\"true\\\",\\\"FlightExpiry\\\":\\\"2026-06-20T00:00:00.0402432Z\\\"}\",\"FileStreamForDetectionScripts\":\"{\\\"FlightValue\\\":\\\"true\\\",\\\"FlightExpiry\\\":\\\"2025-05-01T00:00:01Z\\\"}\",\"wingetAppTimeoutHandlerEnabled\":\"{\\\"FlightValue\\\":\\\"true\\\",\\\"FlightExpiry\\\":\\\"2025-06-30T23:59:00Z\\\"}\",\"RemediationSendResultFirst\":\"{\\\"FlightValue\\\":\\\"true\\\",\\\"FlightExpiry\\\":\\\"2025-04-28T00:00:00.0402432Z\\\"}\"}}","Col3":";environment:PE;tenantId:5f09d589-ad94-4886-bc14-bcafeea7dc2c;clientId:4006f577-5328-4139-9ed3-27b9fc6b018f","Col4":"","Col5":"","Col6":""}]LOG]!><time="10:14:53.4030555" date="5-29-2026" component="IntuneManagementExtension" context="" type="1" thread="21" file="">
<![LOG[[EcsFlighting](PublishFlightingInfo) {"Message":"","Colmetadata":"lastused;config;filters;","Col1":";EnableOneDSProxyFeature:False;DisableV2ChainValidation:False;EnableIC3Feature:False","Col2":"{\"FlightingV2\":{\"APv2EnableAutoReconnectOnRestart\":\"{\\\"FlightValue\\\":\\\"true\\\",\\\"FlightExpiry\\\":\\\"2027-03-17T00:00:00.0402432Z\\\"}\",\"redirectFsForScriptsEnabled\":\"{\\\"FlightValue\\\":\\\"true\\\",\\\"FlightExpiry\\\":\\\"2026-11-01T00:00:01Z\\\"}\",\"skipUserContextAppsWithoutUserLoggedInEnabled\":\"{\\\"FlightValue\\\":\\\"true\\\",\\\"FlightExpiry\\\":\\\"2026-06-01T00:00:01Z\\\"}\",\"TcpProbe\":\"{\\\"FlightValue\\\":\\\"true\\\",\\\"FlightExpiry\\\":\\\"2026-08-01T00:00:00Z\\\"}\",\"RouteInventoryEventsToSidecarDB\":\"{\\\"FlightValue\\\":\\\"true\\\",\\\"FlightExpiry\\\":\\\"2026-12-31T00:00:01Z\\\"}\",\"EnableUserSessionFix\":\"{\\\"FlightValue\\\":\\\"false\\\",\\\"FlightExpiry\\\":\\\"2026-01-02T00:00:00.0402432Z\\\"}\",\"ClearGRSInESP\":\"{\\\"FlightValue\\\":\\\"true\\\",\\\"FlightExpiry\\\":\\\"2026-04-01T00:00:00Z\\\"}\",\"CommonSchemaEventsProcessing\":\"{\\\"FlightValue\\\":\\\"true\\\",\\\"FlightExpiry\\\":\\\"2025-08-01T00:00:00Z\\\"}\",\"SingletonBootstrapperFlight\":\"{\\\"FlightValue\\\":\\\"true\\\",\\\"FlightExpiry\\\":\\\"2026-06-19T00:00:00.0402432Z\\\"}\",\"EnableGoldenSignals\":\"{\\\"FlightValue\\\":\\\"true\\\",\\\"FlightExpiry\\\":\\\"2025-10-18T00:00:00Z\\\"}\",\"EnableWin32PowerMgmt\":\"{\\\"FlightValue\\\":\\\"true\\\",\\\"FlightExpiry\\\":\\\"2025-11-01T00:00:01Z\\\"}\",\"SetIMELogACL\":\"{\\\"FlightValue\\\":\\\"true\\\",\\\"FlightExpiry\\\":\\\"2026-03-04T00:00:01Z\\\"}\",\"APv2UseStandardUserProviderNative\":\"{\\\"FlightValue\\\":\\\"true\\\",\\\"FlightExpiry\\\":\\\"2026-06-20T00:00:00.0402432Z\\\"}\",\"FileStreamForDetectionScripts\":\"{\\\"FlightValue\\\":\\\"true\\\",\\\"FlightExpiry\\\":\\\"2025-05-01T00:00:01Z\\\"}\",\"wingetAppTimeoutHandlerEnabled\":\"{\\\"FlightValue\\\":\\\"true\\\",\\\"FlightExpiry\\\":\\\"2025-06-30T23:59:00Z\\\"}\",\"RemediationSendResultFirst\":\"{\\\"FlightValue\\\":\\\"true\\\",\\\"FlightExpiry\\\":\\\"2025-04-28T00:00:00.0402432Z\\\"}\"}}","Col3":";environment:PE;tenantId:5f09d589-ad94-4886-bc14-bcafeea7dc2c;clientId:4006f577-5328-4139-9ed3-27b9fc6b018f","Col4":"","Col5":"","Col6":""}]LOG]!><time="10:14:53.4050603" date="5-29-2026" component="IntuneManagementExtension" context="" type="1" thread="18" file="">
<![LOG[[EcsFlighting](PublishFlightingInfo) {"Message":"","Colmetadata":"lastused;config;filters;","Col1":";EnableOneDSProxyFeature:False;DisableV2ChainValidation:False;EnableIC3Feature:False","Col2":"{\"FlightingV2\":{\"APv2EnableAutoReconnectOnRestart\":\"{\\\"FlightValue\\\":\\\"true\\\",\\\"FlightExpiry\\\":\\\"2027-03-17T00:00:00.0402432Z\\\"}\",\"redirectFsForScriptsEnabled\":\"{\\\"FlightValue\\\":\\\"true\\\",\\\"FlightExpiry\\\":\\\"2026-11-01T00:00:01Z\\\"}\",\"skipUserContextAppsWithoutUserLoggedInEnabled\":\"{\\\"FlightValue\\\":\\\"true\\\",\\\"FlightExpiry\\\":\\\"2026-06-01T00:00:01Z\\\"}\",\"TcpProbe\":\"{\\\"FlightValue\\\":\\\"true\\\",\\\"FlightExpiry\\\":\\\"2026-08-01T00:00:00Z\\\"}\",\"RouteInventoryEventsToSidecarDB\":\"{\\\"FlightValue\\\":\\\"true\\\",\\\"FlightExpiry\\\":\\\"2026-12-31T00:00:01Z\\\"}\",\"EnableUserSessionFix\":\"{\\\"FlightValue\\\":\\\"false\\\",\\\"FlightExpiry\\\":\\\"2026-01-02T00:00:00.0402432Z\\\"}\",\"ClearGRSInESP\":\"{\\\"FlightValue\\\":\\\"true\\\",\\\"FlightExpiry\\\":\\\"2026-04-01T00:00:00Z\\\"}\",\"CommonSchemaEventsProcessing\":\"{\\\"FlightValue\\\":\\\"true\\\",\\\"FlightExpiry\\\":\\\"2025-08-01T00:00:00Z\\\"}\",\"SingletonBootstrapperFlight\":\"{\\\"FlightValue\\\":\\\"true\\\",\\\"FlightExpiry\\\":\\\"2026-06-19T00:00:00.0402432Z\\\"}\",\"EnableGoldenSignals\":\"{\\\"FlightValue\\\":\\\"true\\\",\\\"FlightExpiry\\\":\\\"2025-10-18T00:00:00Z\\\"}\",\"EnableWin32PowerMgmt\":\"{\\\"FlightValue\\\":\\\"true\\\",\\\"FlightExpiry\\\":\\\"2025-11-01T00:00:01Z\\\"}\",\"SetIMELogACL\":\"{\\\"FlightValue\\\":\\\"true\\\",\\\"FlightExpiry\\\":\\\"2026-03-04T00:00:01Z\\\"}\",\"APv2UseStandardUserProviderNative\":\"{\\\"FlightValue\\\":\\\"true\\\",\\\"FlightExpiry\\\":\\\"2026-06-20T00:00:00.0402432Z\\\"}\",\"FileStreamForDetectionScripts\":\"{\\\"FlightValue\\\":\\\"true\\\",\\\"FlightExpiry\\\":\\\"2025-05-01T00:00:01Z\\\"}\",\"wingetAppTimeoutHandlerEnabled\":\"{\\\"FlightValue\\\":\\\"true\\\",\\\"FlightExpiry\\\":\\\"2025-06-30T23:59:00Z\\\"}\",\"RemediationSendResultFirst\":\"{\\\"FlightValue\\\":\\\"true\\\",\\\"FlightExpiry\\\":\\\"2025-04-28T00:00:00.0402432Z\\\"}\"}}","Col3":";environment:PE;tenantId:5f09d589-ad94-4886-bc14-bcafeea7dc2c;clientId:4006f577-5328-4139-9ed3-27b9fc6b018f","Col4":"","Col5":"","Col6":""}]LOG]!><time="10:14:53.4050603" date="5-29-2026" component="IntuneManagementExtension" context="" type="1" thread="5" file="">
<![LOG[[Flighting] Fetching flighting value for key EnableOneDSProxyFeature...]LOG]!><time="10:14:53.4095227" date="5-29-2026" component="IntuneManagementExtension" context="" type="1" thread="20" file="">
<![LOG[[Flighting] Key: EnableOneDSProxyFeature, value not found. Falling back to default value: False.]LOG]!><time="10:14:53.4095227" date="5-29-2026" component="IntuneManagementExtension" context="" type="2" thread="20" file="">
<![LOG[Found 1 MDM certificates from Local Computer Store.]LOG]!><time="10:14:53.4095227" date="5-29-2026" component="IntuneManagementExtension" context="" type="1" thread="18" file="">
<![LOG[Found 1 MDM certificates from Local Computer Store.]LOG]!><time="10:14:53.4095227" date="5-29-2026" component="IntuneManagementExtension" context="" type="1" thread="18" file="">
<![LOG[[Flighting] Key: CommonSchemaEventsProcessing, found value: True.]LOG]!><time="10:14:53.4132034" date="5-29-2026" component="IntuneManagementExtension" context="" type="1" thread="13" file="">
<![LOG[Found 1 MDM certificates from Local Computer Store.]LOG]!><time="10:14:53.4132034" date="5-29-2026" component="IntuneManagementExtension" context="" type="1" thread="18" file="">
<![LOG[Found 1 MDM certificates from Local Computer Store.]LOG]!><time="10:14:53.4132034" date="5-29-2026" component="IntuneManagementExtension" context="" type="1" thread="18" file="">
<![LOG[Found 1 MDM certificates from Local Computer Store.]LOG]!><time="10:14:53.4152101" date="5-29-2026" component="IntuneManagementExtension" context="" type="1" thread="18" file="">
<![LOG[Found 1 MDM certificates from Local Computer Store.]LOG]!><time="10:14:53.4152101" date="5-29-2026" component="IntuneManagementExtension" context="" type="1" thread="18" file="">
<![LOG[Found 1 MDM certificates from Local Computer Store.]LOG]!><time="10:14:53.4152101" date="5-29-2026" component="IntuneManagementExtension" context="" type="1" thread="18" file="">
<![LOG[Found 1 MDM certificates from Local Computer Store.]LOG]!><time="10:14:53.4172161" date="5-29-2026" component="IntuneManagementExtension" context="" type="1" thread="18" file="">
<![LOG[Found 1 MDM certificates from Local Computer Store.]LOG]!><time="10:14:53.4172161" date="5-29-2026" component="IntuneManagementExtension" context="" type="1" thread="18" file="">
<![LOG[Found 1 MDM certificates from Local Computer Store.]LOG]!><time="10:14:53.4172161" date="5-29-2026" component="IntuneManagementExtension" context="" type="1" thread="18" file="">
<![LOG[Found 1 MDM certificates from Local Computer Store.]LOG]!><time="10:14:53.4192229" date="5-29-2026" component="IntuneManagementExtension" context="" type="1" thread="18" file="">
<![LOG[Found 1 MDM certificates from Local Computer Store.]LOG]!><time="10:14:53.4192229" date="5-29-2026" component="IntuneManagementExtension" context="" type="1" thread="18" file="">
<![LOG[Found 1 MDM certificates from Local Computer Store.]LOG]!><time="10:14:53.4192229" date="5-29-2026" component="IntuneManagementExtension" context="" type="1" thread="18" file="">
<![LOG[Initializing EventManager with environment [PE]]LOG]!><time="10:14:53.4212299" date="5-29-2026" component="IntuneManagementExtension" context="" type="1" thread="18" file="">
<![LOG[[Flighting] Fetching flighting value for key EnableGoldenSignals...]LOG]!><time="10:14:53.4232366" date="5-29-2026" component="IntuneManagementExtension" context="" type="1" thread="13" file="">
<![LOG[[Flighting] Key: EnableGoldenSignals, found value: True.]LOG]!><time="10:14:53.4232366" date="5-29-2026" component="IntuneManagementExtension" context="" type="1" thread="13" file="">
<![LOG[[Flighting] Fetching flighting value for key EnableExpandedCrashTelemetry...]LOG]!><time="10:14:53.4252414" date="5-29-2026" component="IntuneManagementExtension" context="" type="1" thread="13" file="">
<![LOG[[Flighting] Key: EnableExpandedCrashTelemetry, value not found. Falling back to default value: False.]LOG]!><time="10:14:53.4252414" date="5-29-2026" component="IntuneManagementExtension" context="" type="2" thread="13" file="">
<![LOG[[SetupCommonTelemetry] Starting initializing. enableGoldenSignals:True; enableExpandedCrashTelemetry:False]LOG]!><time="10:14:53.4252414" date="5-29-2026" component="IntuneManagementExtension" context="" type="1" thread="13" file="">
<![LOG[System.Exception: GetAADJoinInfo - Failed to get Azure AD Join information using NetGetAadJoinInformation.  hr:1
   at Microsoft.Management.Services.IntuneWindowsAgent.AgentCommon.AADJoinHelper.GetAADJoinInfo()]LOG]!><time="10:14:53.4294952" date="5-29-2026" component="IntuneManagementExtension" context="" type="2" thread="5" file="">
<![LOG[Failed to check if device is WPJ, ex is System.Exception: GetAADJoinInfo - Failed to get Azure AD Join information using NetGetAadJoinInformation.  hr:1
   at Microsoft.Management.Services.IntuneWindowsAgent.AgentCommon.AADJoinHelper.GetAADJoinInfo()
   at Microsoft.Management.Services.IntuneWindowsAgent.AgentCommon.AADJoinHelper.IsDeviceWPJ()]LOG]!><time="10:14:53.4294952" date="5-29-2026" component="IntuneManagementExtension" context="" type="2" thread="5" file="">
<![LOG[2026-05-29 10:14:53 AM | thread[13] | [TelemetryManagerFactory.Create] Creating telemetry mananger...]LOG]!><time="10:14:53.4425021" date="5-29-2026" component="IntuneManagementExtension" context="" type="1" thread="13" file="">
<![LOG[[Flighting] Fetching flighting value for key RouteInventoryEventsToSidecarDB...]LOG]!><time="10:14:53.4671209" date="5-29-2026" component="IntuneManagementExtension" context="" type="1" thread="18" file="">
<![LOG[[Flighting] Key: RouteInventoryEventsToSidecarDB, found value: True.]LOG]!><time="10:14:53.4671209" date="5-29-2026" component="IntuneManagementExtension" context="" type="1" thread="18" file="">
<![LOG[[Flighting] Fetching flighting value for key CommonSchemaEventsProcessing...]LOG]!><time="10:14:53.4671209" date="5-29-2026" component="IntuneManagementExtension" context="" type="1" thread="18" file="">
<![LOG[[Flighting] Key: CommonSchemaEventsProcessing, found value: True.]LOG]!><time="10:14:53.4671209" date="5-29-2026" component="IntuneManagementExtension" context="" type="1" thread="18" file="">
<![LOG[Initializing EventManager with common schema application BareMetalRecovery query.]LOG]!><time="10:14:53.4671209" date="5-29-2026" component="IntuneManagementExtension" context="" type="1" thread="18" file="">
<![LOG[Initializing EventManager with common schema application EpmAgent query.]LOG]!><time="10:14:53.4671209" date="5-29-2026" component="IntuneManagementExtension" context="" type="1" thread="18" file="">
<![LOG[Initializing EventManager with common schema application InventoryAgent query for Inventory Telemetry because inventory agent DB flight is enabled.]LOG]!><time="10:14:53.4671209" date="5-29-2026" component="IntuneManagementExtension" context="" type="1" thread="18" file="">
<![LOG[Initializing EventManager with common schema application SidecarAgent query.]LOG]!><time="10:14:53.4671209" date="5-29-2026" component="IntuneManagementExtension" context="" type="1" thread="18" file="">
<![LOG[Initializing EventManager with common schema application WindowsCompanyPortal query.]LOG]!><time="10:14:53.4671209" date="5-29-2026" component="IntuneManagementExtension" context="" type="1" thread="18" file="">
<![LOG[Initializing EventManager with common schema application WSLPlugin query.]LOG]!><time="10:14:53.4671209" date="5-29-2026" component="IntuneManagementExtension" context="" type="1" thread="18" file="">
<![LOG[Initializing EventManager with common schema application ControlConfigAdapter query.]LOG]!><time="10:14:53.4671209" date="5-29-2026" component="IntuneManagementExtension" context="" type="1" thread="18" file="">
<![LOG[Last update time of URL is 2026-05-29 5:14:52 AM]LOG]!><time="10:14:53.4755109" date="5-29-2026" component="IntuneManagementExtension" context="" type="1" thread="18" file="">
<![LOG[Current collector endpoint = ]LOG]!><time="10:14:53.4755109" date="5-29-2026" component="IntuneManagementExtension" context="" type="1" thread="18" file="">
<![LOG[Found 1 MDM certificates from Local Computer Store.]LOG]!><time="10:14:53.4755109" date="5-29-2026" component="IntuneManagementExtension" context="" type="1" thread="18" file="">
<![LOG[Last update time of URL is 2026-05-29 5:14:52 AM]LOG]!><time="10:14:53.4755109" date="5-29-2026" component="IntuneManagementExtension" context="" type="1" thread="18" file="">
<![LOG[[Location Service] Service URL is not available or expired, retrieving with LocationService ServiceAddresses Controller]LOG]!><time="10:14:53.4755109" date="5-29-2026" component="IntuneManagementExtension" context="" type="1" thread="18" file="">
<![LOG[RegistryKeyExistsFullPath opening subPath SOFTWARE\Microsoft\Provisioning\OMADM\Accounts...]LOG]!><time="10:14:53.4755109" date="5-29-2026" component="IntuneManagementExtension" context="" type="1" thread="18" file="">
<![LOG[[Discovery Service] Got gateway addr: https://r.manage.microsoft.com/devicegatewayproxy/cimhandler.ashx]LOG]!><time="10:14:53.4755109" date="5-29-2026" component="IntuneManagementExtension" context="" type="1" thread="18" file="">
<![LOG[[Flighting] Fetching flighting value for key MoveMTLSTrafficToAgentsEndpoint...]LOG]!><time="10:14:53.4755109" date="5-29-2026" component="IntuneManagementExtension" context="" type="1" thread="18" file="">
<![LOG[[Flighting] Key: MoveMTLSTrafficToAgentsEndpoint, value not found. Falling back to default value: False.]LOG]!><time="10:14:53.4755109" date="5-29-2026" component="IntuneManagementExtension" context="" type="2" thread="18" file="">
<![LOG[2026-05-29 10:14:53 AM | thread[13] | [TelemetryManagerFactory.Create] Applying permissions to ETW provider e20927af-32d7-4d5d-9f73-82f077a1c891...]LOG]!><time="10:14:53.4798091" date="5-29-2026" component="IntuneManagementExtension" context="" type="1" thread="13" file="">
<![LOG[2026-05-29 10:14:53 AM | thread[13] | [TelemetryManagerFactory.Create] Removing all permissions from ETW provider e20927af-32d7-4d5d-9f73-82f077a1c891...]LOG]!><time="10:14:53.4798091" date="5-29-2026" component="IntuneManagementExtension" context="" type="1" thread="13" file="">
<![LOG[[Location Service] Calling LocationService ServiceAddresses Controller with https://manage.microsoft.com/RestUserAuthLocationService/RestUserAuthLocationService/Certificate/ServiceAddresses with True]LOG]!><time="10:14:53.4798091" date="5-29-2026" component="IntuneManagementExtension" context="" type="1" thread="18" file="">
<![LOG[[Location Service] SendWebRequest, client-request-id: 4006f577-5328-4139-9ed3-27b9fc6b018f, Method: GET]LOG]!><time="10:14:53.4798091" date="5-29-2026" component="IntuneManagementExtension" context="" type="1" thread="18" file="">
<![LOG[2026-05-29 10:14:53 AM | thread[13] | [TelemetryManagerFactory.Create] Unable to remove all permissions from ETW provider e20927af-32d7-4d5d-9f73-82f077a1c891, hr=0x80070002 (2147942402)]LOG]!><time="10:14:53.4798091" date="5-29-2026" component="IntuneManagementExtension" context="" type="2" thread="13" file="">
<![LOG[2026-05-29 10:14:53 AM | thread[13] | [TelemetryManagerFactory.Create] Applying permission LocalSystemSid, access type Allow, operation Add, to ETW provider e20927af-32d7-4d5d-9f73-82f077a1c891...]LOG]!><time="10:14:53.4798091" date="5-29-2026" component="IntuneManagementExtension" context="" type="1" thread="13" file="">
<![LOG[2026-05-29 10:14:53 AM | thread[13] | [TelemetryManagerFactory.Create] Applying permission BuiltinAdministratorsSid, access type Allow, operation Add, to ETW provider e20927af-32d7-4d5d-9f73-82f077a1c891...]LOG]!><time="10:14:53.4838549" date="5-29-2026" component="IntuneManagementExtension" context="" type="1" thread="13" file="">
<![LOG[2026-05-29 10:14:53 AM | thread[13] | [TelemetryManagerFactory.Create] Creating telemetry channels EtwProvider...]LOG]!><time="10:14:53.4838549" date="5-29-2026" component="IntuneManagementExtension" context="" type="1" thread="13" file="">
<![LOG[2026-05-29 10:14:53 AM | thread[13] | [TelemetryManagerFactory.Create] Telemetry manager created]LOG]!><time="10:14:53.4838549" date="5-29-2026" component="IntuneManagementExtension" context="" type="1" thread="13" file="">
<![LOG[[SetupCommonTelemetry] CommonTelemetryManager is ready... Starting agent crash telemetry task]LOG]!><time="10:14:53.4838549" date="5-29-2026" component="IntuneManagementExtension" context="" type="1" thread="13" file="">
<![LOG[2026-05-29 10:14:53 AM | thread[13] | [BackgroundTasksExecutor.StartAsync] Starting background task executor...]LOG]!><time="10:14:53.4878679" date="5-29-2026" component="IntuneManagementExtension" context="" type="1" thread="13" file="">
<![LOG[2026-05-29 10:14:53 AM | thread[13] | [TelemetryBackgroundExecutionManager.Start] Background task executor started.]LOG]!><time="10:14:53.4878679" date="5-29-2026" component="IntuneManagementExtension" context="" type="1" thread="13" file="">
<![LOG[[SetupCommonTelemetry] Agent crash telemetry task started... Starting heartbeat task]LOG]!><time="10:14:53.4878679" date="5-29-2026" component="IntuneManagementExtension" context="" type="1" thread="13" file="">
<![LOG[2026-05-29 10:14:53 AM | thread[21] | [SerialJobScheduler.StartAsync] Calling initialize on each job.]LOG]!><time="10:14:53.4878679" date="5-29-2026" component="IntuneManagementExtension" context="" type="1" thread="21" file="">
<![LOG[2026-05-29 10:14:53 AM | thread[21] | [JobBase.Initialize] Initializing job 'AppCrashCollectionJob']LOG]!><time="10:14:53.4878679" date="5-29-2026" component="IntuneManagementExtension" context="" type="1" thread="21" file="">
<![LOG[[AgentHeartbeatSignal] Signal emitted.]LOG]!><time="10:14:53.4918763" date="5-29-2026" component="IntuneManagementExtension" context="" type="1" thread="13" file="">
<![LOG[2026-05-29 10:14:53 AM | thread[21] | [JobBaseWithPersistentState.LoadLastRuntime] Unable to retrieve last runtime for job AppCrashCollectionJob from registry."]LOG]!><time="10:14:53.4918763" date="5-29-2026" component="IntuneManagementExtension" context="" type="2" thread="21" file="">
<![LOG[2026-05-29 10:14:53 AM | thread[21] | [SerialJobScheduler.StartAsync] Starting the tasks Add and Execute.]LOG]!><time="10:14:53.4918763" date="5-29-2026" component="IntuneManagementExtension" context="" type="1" thread="21" file="">
<![LOG[[SetupCommonTelemetry] ETW telemetry manager setup completed.]LOG]!><time="10:14:53.4918763" date="5-29-2026" component="IntuneManagementExtension" context="" type="1" thread="13" file="">
<![LOG[[Flighting] Fetching flighting value for key CommonSchemaEventsProcessing...]LOG]!><time="10:14:53.4918763" date="5-29-2026" component="IntuneManagementExtension" context="" type="1" thread="5" file="">
<![LOG[[Flighting] Key: CommonSchemaEventsProcessing, found value: True.]LOG]!><time="10:14:53.4918763" date="5-29-2026" component="IntuneManagementExtension" context="" type="1" thread="5" file="">
<![LOG[[Flighting] Fetching flighting value for key EnableGoldenSignals...]LOG]!><time="10:14:53.4918763" date="5-29-2026" component="IntuneManagementExtension" context="" type="1" thread="5" file="">
<![LOG[2026-05-29 10:14:53 AM | thread[21] | [JobBase.IsDue] Job 'AppCrashCollectionJob' is due for execution.]LOG]!><time="10:14:53.4918763" date="5-29-2026" component="IntuneManagementExtension" context="" type="1" thread="21" file="">
<![LOG[[Flighting] Key: EnableGoldenSignals, found value: True.]LOG]!><time="10:14:53.4918763" date="5-29-2026" component="IntuneManagementExtension" context="" type="1" thread="5" file="">
<![LOG[2026-05-29 10:14:53 AM | thread[21] | [SerialJobScheduler.Add] Adding job AppCrashCollectionJob to serial job scheduler.]LOG]!><time="10:14:53.4958885" date="5-29-2026" component="IntuneManagementExtension" context="" type="1" thread="21" file="">
<![LOG[2026-05-29 10:14:53 AM | thread[21] | [JobBase.NextCheckNeededIn] Next check for job 'AppCrashCollectionJob' is in 12 Minutes.]LOG]!><time="10:14:53.4999993" date="5-29-2026" component="IntuneManagementExtension" context="" type="1" thread="21" file="">
<![LOG[2026-05-29 10:14:53 AM | thread[21] | [SerialJobScheduler.Add] Wait span to check for jobs in the scheduler 12 Minutes.]LOG]!><time="10:14:53.4999993" date="5-29-2026" component="IntuneManagementExtension" context="" type="1" thread="21" file="">
<![LOG[2026-05-29 10:14:53 AM | thread[21] | [SerialJobScheduler.Execute] Starting execution of job AppCrashCollectionJob.]LOG]!><time="10:14:53.4999993" date="5-29-2026" component="IntuneManagementExtension" context="" type="1" thread="21" file="">
<![LOG[2026-05-29 10:14:53 AM | thread[21] | [AppCrashCollectionJob.Execute] Retrieving Windows crash from startTime=2026-05-28 5:14:53 PM, collectionLevel=Basic.]LOG]!><time="10:14:53.5040108" date="5-29-2026" component="IntuneManagementExtension" context="" type="1" thread="21" file="">
<![LOG[[Location Service] Success!! LocationService ServiceAddresses Controller with https://manage.microsoft.com/RestUserAuthLocationService/RestUserAuthLocationService/Certificate/ServiceAddresses with True, statusCode = OK]LOG]!><time="10:14:53.5080482" date="5-29-2026" component="IntuneManagementExtension" context="" type="1" thread="18" file="">
<![LOG[[Location Service] Got address for service: AriaService, url: https://self.events.data.microsoft.com/]LOG]!><time="10:14:53.5120757" date="5-29-2026" component="IntuneManagementExtension" context="" type="1" thread="18" file="">
<![LOG[[Location Service] Got address for service: CollectorService, url: https://us-mobile.events.data.microsoft.com/OneCollector/1.0/]LOG]!><time="10:14:53.5120757" date="5-29-2026" component="IntuneManagementExtension" context="" type="1" thread="18" file="">
<![LOG[[Location Service] Got address for service: SideCarGatewayService, url: https://agents.amsua0202.manage.microsoft.com/TrafficGateway/TrafficRoutingService/SideCar/StatelessSideCarGatewayService]LOG]!><time="10:14:53.5120757" date="5-29-2026" component="IntuneManagementExtension" context="" type="1" thread="18" file="">
<![LOG[[Location Service] Intune DownloadServiceUrl is https://agents.amsua0202.manage.microsoft.com/TrafficGateway/TrafficRoutingService/DownloadService]LOG]!><time="10:14:53.5120757" date="5-29-2026" component="IntuneManagementExtension" context="" type="1" thread="18" file="">
<![LOG[[datasensor](collector++) Succeeded to retrieve collector++ URL: https://us-mobile.events.data.microsoft.com/OneCollector/1.0/]LOG]!><time="10:14:53.5120757" date="5-29-2026" component="IntuneManagementExtension" context="" type="1" thread="18" file="">
<![LOG[Fetched a new endpoint. Current=, New=https://us-mobile.events.data.microsoft.com/OneCollector/1.0/]LOG]!><time="10:14:53.5120757" date="5-29-2026" component="IntuneManagementExtension" context="" type="1" thread="18" file="">
<![LOG[[Flighting] Fetching flighting value for key EnableOneDSProxyFeature...]LOG]!><time="10:14:53.5120757" date="5-29-2026" component="IntuneManagementExtension" context="" type="1" thread="18" file="">
<![LOG[[Flighting] Key: EnableOneDSProxyFeature, value not found. Falling back to default value: False.]LOG]!><time="10:14:53.5120757" date="5-29-2026" component="IntuneManagementExtension" context="" type="2" thread="18" file="">
<![LOG[[datasensor](EventManager) endpoint = [https://us-mobile.events.data.microsoft.com/OneCollector/1.0/], IsReady = False, expired = True, IsTransmissionEnabled = False]LOG]!><time="10:14:53.5120757" date="5-29-2026" component="IntuneManagementExtension" context="" type="1" thread="18" file="">
<![LOG[[datasensor](EventManager) Create Event Manager without a Proxy.]LOG]!><time="10:14:53.5120757" date="5-29-2026" component="IntuneManagementExtension" context="" type="1" thread="18" file="">
<![LOG[[EventManagerDelegate](RefreshEventManager) {"Message":"Create Event Manager without a Proxy.","Colmetadata":"","Col1":"","Col2":"","Col3":"","Col4":"","Col5":"","Col6":""}]LOG]!><time="10:14:53.5120757" date="5-29-2026" component="IntuneManagementExtension" context="" type="1" thread="18" file="">
<![LOG[2026-05-29 10:14:53 AM | thread[21] | [AppCrashCollectionJob.Execute] No crash events retrieved.]LOG]!><time="10:14:53.5204779" date="5-29-2026" component="IntuneManagementExtension" context="" type="1" thread="21" file="">
<![LOG[2026-05-29 10:14:53 AM | thread[21] | [JobBase.Execute] Executing job AppCrashCollectionJob current run time 2026-05-29 5:14:53 PM last run time 0001-01-01 12:00:00 AM elapsed 1 Hour.]LOG]!><time="10:14:53.5204779" date="5-29-2026" component="IntuneManagementExtension" context="" type="1" thread="21" file="">
<![LOG[Current collector endpoint = https://us-mobile.events.data.microsoft.com/OneCollector/1.0/]LOG]!><time="10:14:53.5657783" date="5-29-2026" component="IntuneManagementExtension" context="" type="1" thread="18" file="">
<![LOG[[Flighting] Fetching flighting value for key EnableOneDSProxyFeature...]LOG]!><time="10:14:53.5657783" date="5-29-2026" component="IntuneManagementExtension" context="" type="1" thread="18" file="">
<![LOG[[Flighting] Key: EnableOneDSProxyFeature, value not found. Falling back to default value: False.]LOG]!><time="10:14:53.5657783" date="5-29-2026" component="IntuneManagementExtension" context="" type="2" thread="18" file="">
<![LOG[[datasensor](EventManager) endpoint = [https://us-mobile.events.data.microsoft.com/OneCollector/1.0/], IsReady = False, expired = False, IsTransmissionEnabled = False]LOG]!><time="10:14:53.5657783" date="5-29-2026" component="IntuneManagementExtension" context="" type="1" thread="18" file="">
<![LOG[[datasensor](EventManager) Create Event Manager without a Proxy.]LOG]!><time="10:14:53.5657783" date="5-29-2026" component="IntuneManagementExtension" context="" type="1" thread="18" file="">
<![LOG[[EventManagerDelegate](RefreshEventManager) {"Message":"Create Event Manager without a Proxy.","Colmetadata":"","Col1":"","Col2":"","Col3":"","Col4":"","Col5":"","Col6":""}]LOG]!><time="10:14:53.5698313" date="5-29-2026" component="IntuneManagementExtension" context="" type="1" thread="18" file="">
<![LOG[Current collector endpoint = https://us-mobile.events.data.microsoft.com/OneCollector/1.0/]LOG]!><time="10:14:53.5698313" date="5-29-2026" component="IntuneManagementExtension" context="" type="1" thread="18" file="">
<![LOG[[Flighting] Fetching flighting value for key EnableOneDSProxyFeature...]LOG]!><time="10:14:53.5698313" date="5-29-2026" component="IntuneManagementExtension" context="" type="1" thread="18" file="">
<![LOG[[Flighting] Key: EnableOneDSProxyFeature, value not found. Falling back to default value: False.]LOG]!><time="10:14:53.5698313" date="5-29-2026" component="IntuneManagementExtension" context="" type="2" thread="18" file="">
<![LOG[[datasensor](EventManager) endpoint = [https://us-mobile.events.data.microsoft.com/OneCollector/1.0/], IsReady = False, expired = False, IsTransmissionEnabled = False]LOG]!><time="10:14:53.5698313" date="5-29-2026" component="IntuneManagementExtension" context="" type="1" thread="18" file="">
<![LOG[[datasensor](EventManager) Create Event Manager without a Proxy.]LOG]!><time="10:14:53.5698313" date="5-29-2026" component="IntuneManagementExtension" context="" type="1" thread="18" file="">
<![LOG[[EventManagerDelegate](RefreshEventManager) {"Message":"Create Event Manager without a Proxy.","Colmetadata":"","Col1":"","Col2":"","Col3":"","Col4":"","Col5":"","Col6":""}]LOG]!><time="10:14:53.5698313" date="5-29-2026" component="IntuneManagementExtension" context="" type="1" thread="18" file="">
<![LOG[Current collector endpoint = https://us-mobile.events.data.microsoft.com/OneCollector/1.0/]LOG]!><time="10:14:53.5698313" date="5-29-2026" component="IntuneManagementExtension" context="" type="1" thread="18" file="">
<![LOG[[Flighting] Fetching flighting value for key EnableOneDSProxyFeature...]LOG]!><time="10:14:53.5698313" date="5-29-2026" component="IntuneManagementExtension" context="" type="1" thread="18" file="">
<![LOG[[Flighting] Key: EnableOneDSProxyFeature, value not found. Falling back to default value: False.]LOG]!><time="10:14:53.5698313" date="5-29-2026" component="IntuneManagementExtension" context="" type="2" thread="18" file="">
<![LOG[[datasensor](EventManager) endpoint = [https://us-mobile.events.data.microsoft.com/OneCollector/1.0/], IsReady = False, expired = False, IsTransmissionEnabled = False]LOG]!><time="10:14:53.5698313" date="5-29-2026" component="IntuneManagementExtension" context="" type="1" thread="18" file="">
<![LOG[[datasensor](EventManager) Create Event Manager without a Proxy.]LOG]!><time="10:14:53.5698313" date="5-29-2026" component="IntuneManagementExtension" context="" type="1" thread="18" file="">
<![LOG[[EventManagerDelegate](RefreshEventManager) {"Message":"Create Event Manager without a Proxy.","Colmetadata":"","Col1":"","Col2":"","Col3":"","Col4":"","Col5":"","Col6":""}]LOG]!><time="10:14:53.5698313" date="5-29-2026" component="IntuneManagementExtension" context="" type="1" thread="18" file="">
<![LOG[Current collector endpoint = https://us-mobile.events.data.microsoft.com/OneCollector/1.0/]LOG]!><time="10:14:53.5698313" date="5-29-2026" component="IntuneManagementExtension" context="" type="1" thread="18" file="">
<![LOG[[Flighting] Fetching flighting value for key EnableOneDSProxyFeature...]LOG]!><time="10:14:53.5698313" date="5-29-2026" component="IntuneManagementExtension" context="" type="1" thread="18" file="">
<![LOG[[Flighting] Key: EnableOneDSProxyFeature, value not found. Falling back to default value: False.]LOG]!><time="10:14:53.5698313" date="5-29-2026" component="IntuneManagementExtension" context="" type="2" thread="18" file="">
<![LOG[[datasensor](EventManager) endpoint = [https://us-mobile.events.data.microsoft.com/OneCollector/1.0/], IsReady = False, expired = False, IsTransmissionEnabled = False]LOG]!><time="10:14:53.5738526" date="5-29-2026" component="IntuneManagementExtension" context="" type="1" thread="18" file="">
<![LOG[[datasensor](EventManager) Create Event Manager without a Proxy.]LOG]!><time="10:14:53.5738526" date="5-29-2026" component="IntuneManagementExtension" context="" type="1" thread="18" file="">
<![LOG[[EventManagerDelegate](RefreshEventManager) {"Message":"Create Event Manager without a Proxy.","Colmetadata":"","Col1":"","Col2":"","Col3":"","Col4":"","Col5":"","Col6":""}]LOG]!><time="10:14:53.5738526" date="5-29-2026" component="IntuneManagementExtension" context="" type="1" thread="18" file="">
<![LOG[Current collector endpoint = https://us-mobile.events.data.microsoft.com/OneCollector/1.0/]LOG]!><time="10:14:53.5738526" date="5-29-2026" component="IntuneManagementExtension" context="" type="1" thread="18" file="">
<![LOG[[Flighting] Fetching flighting value for key EnableOneDSProxyFeature...]LOG]!><time="10:14:53.5738526" date="5-29-2026" component="IntuneManagementExtension" context="" type="1" thread="18" file="">
<![LOG[[Flighting] Key: EnableOneDSProxyFeature, value not found. Falling back to default value: False.]LOG]!><time="10:14:53.5738526" date="5-29-2026" component="IntuneManagementExtension" context="" type="2" thread="18" file="">
<![LOG[[datasensor](EventManager) endpoint = [https://us-mobile.events.data.microsoft.com/OneCollector/1.0/], IsReady = False, expired = False, IsTransmissionEnabled = False]LOG]!><time="10:14:53.5738526" date="5-29-2026" component="IntuneManagementExtension" context="" type="1" thread="18" file="">
<![LOG[[datasensor](EventManager) Create Event Manager without a Proxy.]LOG]!><time="10:14:53.5738526" date="5-29-2026" component="IntuneManagementExtension" context="" type="1" thread="18" file="">
<![LOG[[EventManagerDelegate](RefreshEventManager) {"Message":"Create Event Manager without a Proxy.","Colmetadata":"","Col1":"","Col2":"","Col3":"","Col4":"","Col5":"","Col6":""}]LOG]!><time="10:14:53.5738526" date="5-29-2026" component="IntuneManagementExtension" context="" type="1" thread="18" file="">
<![LOG[Current collector endpoint = https://us-mobile.events.data.microsoft.com/OneCollector/1.0/]LOG]!><time="10:14:53.5738526" date="5-29-2026" component="IntuneManagementExtension" context="" type="1" thread="18" file="">
<![LOG[[Flighting] Fetching flighting value for key EnableOneDSProxyFeature...]LOG]!><time="10:14:53.5738526" date="5-29-2026" component="IntuneManagementExtension" context="" type="1" thread="18" file="">
<![LOG[[Flighting] Key: EnableOneDSProxyFeature, value not found. Falling back to default value: False.]LOG]!><time="10:14:53.5738526" date="5-29-2026" component="IntuneManagementExtension" context="" type="2" thread="18" file="">
<![LOG[[datasensor](EventManager) endpoint = [https://us-mobile.events.data.microsoft.com/OneCollector/1.0/], IsReady = False, expired = False, IsTransmissionEnabled = False]LOG]!><time="10:14:53.5738526" date="5-29-2026" component="IntuneManagementExtension" context="" type="1" thread="18" file="">
<![LOG[[datasensor](EventManager) Create Event Manager without a Proxy.]LOG]!><time="10:14:53.5738526" date="5-29-2026" component="IntuneManagementExtension" context="" type="1" thread="18" file="">
<![LOG[[EventManagerDelegate](RefreshEventManager) {"Message":"Create Event Manager without a Proxy.","Colmetadata":"","Col1":"","Col2":"","Col3":"","Col4":"","Col5":"","Col6":""}]LOG]!><time="10:14:53.5738526" date="5-29-2026" component="IntuneManagementExtension" context="" type="1" thread="18" file="">
<![LOG[Current collector endpoint = https://us-mobile.events.data.microsoft.com/OneCollector/1.0/]LOG]!><time="10:14:53.5738526" date="5-29-2026" component="IntuneManagementExtension" context="" type="1" thread="18" file="">
<![LOG[[Flighting] Fetching flighting value for key EnableOneDSProxyFeature...]LOG]!><time="10:14:53.5738526" date="5-29-2026" component="IntuneManagementExtension" context="" type="1" thread="18" file="">
<![LOG[[Flighting] Key: EnableOneDSProxyFeature, value not found. Falling back to default value: False.]LOG]!><time="10:14:53.5738526" date="5-29-2026" component="IntuneManagementExtension" context="" type="2" thread="18" file="">
<![LOG[[datasensor](EventManager) endpoint = [https://us-mobile.events.data.microsoft.com/OneCollector/1.0/], IsReady = False, expired = False, IsTransmissionEnabled = False]LOG]!><time="10:14:53.5738526" date="5-29-2026" component="IntuneManagementExtension" context="" type="1" thread="18" file="">
<![LOG[[datasensor](EventManager) Create Event Manager without a Proxy.]LOG]!><time="10:14:53.5738526" date="5-29-2026" component="IntuneManagementExtension" context="" type="1" thread="18" file="">
<![LOG[[EventManagerDelegate](RefreshEventManager) {"Message":"Create Event Manager without a Proxy.","Colmetadata":"","Col1":"","Col2":"","Col3":"","Col4":"","Col5":"","Col6":""}]LOG]!><time="10:14:53.5738526" date="5-29-2026" component="IntuneManagementExtension" context="" type="1" thread="18" file="">
<![LOG[Current collector endpoint = https://us-mobile.events.data.microsoft.com/OneCollector/1.0/]LOG]!><time="10:14:53.5738526" date="5-29-2026" component="IntuneManagementExtension" context="" type="1" thread="18" file="">
<![LOG[[Flighting] Fetching flighting value for key EnableOneDSProxyFeature...]LOG]!><time="10:14:53.5738526" date="5-29-2026" component="IntuneManagementExtension" context="" type="1" thread="18" file="">
<![LOG[[Flighting] Key: EnableOneDSProxyFeature, value not found. Falling back to default value: False.]LOG]!><time="10:14:53.5738526" date="5-29-2026" component="IntuneManagementExtension" context="" type="2" thread="18" file="">
<![LOG[[datasensor](EventManager) endpoint = [https://us-mobile.events.data.microsoft.com/OneCollector/1.0/], IsReady = False, expired = False, IsTransmissionEnabled = False]LOG]!><time="10:14:53.5738526" date="5-29-2026" component="IntuneManagementExtension" context="" type="1" thread="18" file="">
<![LOG[[datasensor](EventManager) Create Event Manager without a Proxy.]LOG]!><time="10:14:53.5738526" date="5-29-2026" component="IntuneManagementExtension" context="" type="1" thread="18" file="">
<![LOG[[EventManagerDelegate](RefreshEventManager) {"Message":"Create Event Manager without a Proxy.","Colmetadata":"","Col1":"","Col2":"","Col3":"","Col4":"","Col5":"","Col6":""}]LOG]!><time="10:14:53.5738526" date="5-29-2026" component="IntuneManagementExtension" context="" type="1" thread="18" file="">
<![LOG[Current collector endpoint = https://us-mobile.events.data.microsoft.com/OneCollector/1.0/]LOG]!><time="10:14:53.5778924" date="5-29-2026" component="IntuneManagementExtension" context="" type="1" thread="18" file="">
<![LOG[[Flighting] Fetching flighting value for key EnableOneDSProxyFeature...]LOG]!><time="10:14:53.5778924" date="5-29-2026" component="IntuneManagementExtension" context="" type="1" thread="18" file="">
<![LOG[[Flighting] Key: EnableOneDSProxyFeature, value not found. Falling back to default value: False.]LOG]!><time="10:14:53.5778924" date="5-29-2026" component="IntuneManagementExtension" context="" type="2" thread="18" file="">
<![LOG[[datasensor](EventManager) endpoint = [https://us-mobile.events.data.microsoft.com/OneCollector/1.0/], IsReady = False, expired = False, IsTransmissionEnabled = False]LOG]!><time="10:14:53.5778924" date="5-29-2026" component="IntuneManagementExtension" context="" type="1" thread="18" file="">
<![LOG[[datasensor](EventManager) Create Event Manager without a Proxy.]LOG]!><time="10:14:53.5778924" date="5-29-2026" component="IntuneManagementExtension" context="" type="1" thread="18" file="">
<![LOG[[EventManagerDelegate](RefreshEventManager) {"Message":"Create Event Manager without a Proxy.","Colmetadata":"","Col1":"","Col2":"","Col3":"","Col4":"","Col5":"","Col6":""}]LOG]!><time="10:14:53.5778924" date="5-29-2026" component="IntuneManagementExtension" context="" type="1" thread="18" file="">
<![LOG[GetAADAuthToken - Failed to get Azure AD Join information using NetGetAadJoinInformation in <GetTenantInformation>.  hr:1]LOG]!><time="10:14:53.5808963" date="5-29-2026" component="IntuneManagementExtension" context="" type="3" thread="20" file="">
<![LOG[GetAADAuthToken error in <GetTenantInformation> - System.Exception: GetAADAuthToken - Failed to get Azure AD Join information using NetGetAadJoinInformation in <GetTenantInformation>.  hr:1
   at Microsoft.Management.Clients.IntuneManagementExtension.DataSensorPlugIn.Utils.EventSenderUtils.GetTenantInformation()]LOG]!><time="10:14:53.5819043" date="5-29-2026" component="IntuneManagementExtension" context="" type="3" thread="20" file="">
<![LOG[[datasensor] Registering the datasensor with enrollment time 2026-05-29 9:59:54 AM]LOG]!><time="10:14:53.5819043" date="5-29-2026" component="IntuneManagementExtension" context="" type="1" thread="18" file="">
<![LOG[[Flighting] Fetching flighting value for key RouteInventoryEventsToSidecarDB...]LOG]!><time="10:14:53.5864130" date="5-29-2026" component="IntuneManagementExtension" context="" type="1" thread="18" file="">
<![LOG[[Flighting] Key: RouteInventoryEventsToSidecarDB, found value: True.]LOG]!><time="10:14:53.5864130" date="5-29-2026" component="IntuneManagementExtension" context="" type="1" thread="18" file="">
<![LOG[GetAADAuthToken - Failed to get Azure AD Join information using NetGetAadJoinInformation in <GetTenantInformation>.  hr:1]LOG]!><time="10:14:53.5904377" date="5-29-2026" component="IntuneManagementExtension" context="" type="3" thread="18" file="">
<![LOG[GetAADAuthToken error in <GetTenantInformation> - System.Exception: GetAADAuthToken - Failed to get Azure AD Join information using NetGetAadJoinInformation in <GetTenantInformation>.  hr:1
   at Microsoft.Management.Clients.IntuneManagementExtension.DataSensorPlugIn.Utils.EventSenderUtils.GetTenantInformation()]LOG]!><time="10:14:53.5904377" date="5-29-2026" component="IntuneManagementExtension" context="" type="3" thread="18" file="">
<![LOG[[datasensor] Failed to register the datasensor, the exception is System.ArgumentNullException: Value cannot be null.
Parameter name: aadTenantId
   at Microsoft.Management.Clients.IntuneManagementExtension.DataSensorPlugIn.Utils.EventSender..ctor(Dictionary`2 dict, String aadTenantId, String aadDeviceId, String intuneAcccountId, String intuneDeviceId, String env)
   at Microsoft.Management.Clients.IntuneManagementExtension.DataSensorPlugIn.Utils.ListenerFrameworkFactory.CreateEventSender()
   at Microsoft.Management.Clients.IntuneManagementExtension.DataSensorPlugIn.DataCollectorManager.DataCollectionManager.<RegisterDataSensor>d__21.MoveNext()]LOG]!><time="10:14:53.5904377" date="5-29-2026" component="IntuneManagementExtension" context="" type="3" thread="18" file="">
<![LOG[[UnlockWin: GetAllBaseAndSupplementalPolicyInfos] Getting PolicyInfo InstanceID: PolicyInfo, parentId: ./Vendor/MSFT/ApplicationControl/Policies/0283ac0f-fff1-49ae-ada1-8a933130cad6, version: 0, status: 0, isEffective: False, isDeployed: True, IsAuthorized: False]LOG]!><time="10:14:53.7584737" date="5-29-2026" component="IntuneManagementExtension" context="" type="1" thread="4" file="">
<![LOG[[UnlockWin: GetAllBaseAndSupplementalPolicyInfos] Getting PolicyInfo InstanceID: PolicyInfo, parentId: ./Vendor/MSFT/ApplicationControl/Policies/1283ac0f-fff1-49ae-ada1-8a933130cad6, version: 0, status: 0, isEffective: True, isDeployed: True, IsAuthorized: True]LOG]!><time="10:14:53.7604761" date="5-29-2026" component="IntuneManagementExtension" context="" type="1" thread="4" file="">
<![LOG[[UnlockWin: GetAllBaseAndSupplementalPolicyInfos] Getting PolicyInfo InstanceID: PolicyInfo, parentId: ./Vendor/MSFT/ApplicationControl/Policies/784c4414-79f4-4c32-a6a5-f0fb42a51d0d, version: 2934003829047296, status: 0, isEffective: True, isDeployed: True, IsAuthorized: True]LOG]!><time="10:14:53.7604761" date="5-29-2026" component="IntuneManagementExtension" context="" type="1" thread="4" file="">
<![LOG[[UnlockWin: GetAllBaseAndSupplementalPolicyInfos] Getting PolicyInfo InstanceID: PolicyInfo, parentId: ./Vendor/MSFT/ApplicationControl/Policies/82443e1e-8a39-4b4a-96a8-f40ddc00b9f3, version: 2814751216566272, status: 0, isEffective: False, isDeployed: True, IsAuthorized: False]LOG]!><time="10:14:53.7604761" date="5-29-2026" component="IntuneManagementExtension" context="" type="1" thread="4" file="">
<![LOG[[UnlockWin: GetAllBaseAndSupplementalPolicyInfos] Getting PolicyInfo InstanceID: PolicyInfo, parentId: ./Vendor/MSFT/ApplicationControl/Policies/cdd5cb55-db68-4d71-aa38-3df2b6473a52, version: 2814751166234624, status: 0, isEffective: False, isDeployed: True, IsAuthorized: False]LOG]!><time="10:14:53.7604761" date="5-29-2026" component="IntuneManagementExtension" context="" type="1" thread="4" file="">
<![LOG[[UnlockWin: GetAllBaseAndSupplementalPolicyInfos] Getting PolicyInfo InstanceID: PolicyInfo, parentId: ./Vendor/MSFT/ApplicationControl/Policies/5951a96a-e0b5-4d3d-8fb8-3e5b61030784, version: 2814750752702464, status: 0, isEffective: False, isDeployed: True, IsAuthorized: False]LOG]!><time="10:14:53.7604761" date="5-29-2026" component="IntuneManagementExtension" context="" type="1" thread="4" file="">
<![LOG[[UnlockWin: GetAllBaseAndSupplementalPolicyInfos] Getting PolicyInfo InstanceID: PolicyInfo, parentId: ./Vendor/MSFT/ApplicationControl/Policies/1678656c-05ef-481f-bc5b-ebd8c991502d, version: 0, status: 0, isEffective: False, isDeployed: True, IsAuthorized: False]LOG]!><time="10:14:53.7622190" date="5-29-2026" component="IntuneManagementExtension" context="" type="1" thread="4" file="">
<![LOG[[UnlockWin: GetAllBaseAndSupplementalPolicyInfos] Getting PolicyInfo InstanceID: PolicyInfo, parentId: ./Vendor/MSFT/ApplicationControl/Policies/2678656c-05ef-481f-bc5b-ebd8c991502d, version: 0, status: 0, isEffective: True, isDeployed: True, IsAuthorized: True]LOG]!><time="10:14:53.7622190" date="5-29-2026" component="IntuneManagementExtension" context="" type="1" thread="4" file="">
<![LOG[[UnlockWin: GetAllBaseAndSupplementalPolicyInfos] Getting PolicyInfo InstanceID: PolicyInfo, parentId: ./Vendor/MSFT/ApplicationControl/Policies/5dac656c-21ad-4a02-ab49-649917162e70, version: 2814751164661760, status: 0, isEffective: False, isDeployed: True, IsAuthorized: False]LOG]!><time="10:14:53.7622190" date="5-29-2026" component="IntuneManagementExtension" context="" type="1" thread="4" file="">
<![LOG[[UnlockWin: GetAllBaseAndSupplementalPolicyInfos] Getting PolicyInfo InstanceID: PolicyInfo, parentId: ./Vendor/MSFT/ApplicationControl/Policies/d2bda982-ccf6-4344-ac5b-0b44427b6816, version: 2814751589335040, status: 0, isEffective: True, isDeployed: False, IsAuthorized: True]LOG]!><time="10:14:53.7622190" date="5-29-2026" component="IntuneManagementExtension" context="" type="1" thread="4" file="">
<![LOG[[UnlockWin: GetAllBaseAndSupplementalPolicyInfos] Getting PolicyInfo InstanceID: PolicyInfo, parentId: ./Vendor/MSFT/ApplicationControl/Policies/0939ed82-bfd5-4d32-b58e-d31d3c49715a, version: 0, status: 0, isEffective: False, isDeployed: True, IsAuthorized: False]LOG]!><time="10:14:53.7622190" date="5-29-2026" component="IntuneManagementExtension" context="" type="1" thread="4" file="">
<![LOG[[UnlockWin: GetAllBaseAndSupplementalPolicyInfos] Getting PolicyInfo InstanceID: PolicyInfo, parentId: ./Vendor/MSFT/ApplicationControl/Policies/1939ed82-bfd5-4d32-b58e-d31d3c49715a, version: 0, status: 0, isEffective: False, isDeployed: True, IsAuthorized: False]LOG]!><time="10:14:53.7622190" date="5-29-2026" component="IntuneManagementExtension" context="" type="1" thread="4" file="">
<![LOG[[UnlockWin: GetAllBaseAndSupplementalPolicyInfos] Getting PolicyInfo InstanceID: PolicyInfo, parentId: ./Vendor/MSFT/ApplicationControl/Policies/a072029f-588b-4b5e-b7f9-05aad67df687, version: 2814751590187008, status: 0, isEffective: True, isDeployed: True, IsAuthorized: True]LOG]!><time="10:14:53.7622190" date="5-29-2026" component="IntuneManagementExtension" context="" type="1" thread="4" file="">
<![LOG[[UnlockWin: GetAllBaseAndSupplementalPolicyInfos] Finished getting all PolicyInfos.]LOG]!><time="10:14:53.7622190" date="5-29-2026" component="IntuneManagementExtension" context="" type="1" thread="4" file="">
<![LOG[Device contains no active Win base policies, not setting up a timer.]LOG]!><time="10:14:53.7622190" date="5-29-2026" component="IntuneManagementExtension" context="" type="1" thread="4" file="">
<![LOG[set timer, delayed seconds = 27 for workload PowerShell]LOG]!><time="10:14:53.7622190" date="5-29-2026" component="IntuneManagementExtension" context="" type="1" thread="4" file="">
<![LOG[[StatusService] Starting service host.]LOG]!><time="10:14:53.7648502" date="5-29-2026" component="IntuneManagementExtension" context="" type="1" thread="4" file="">
<![LOG[[StatusService] Service host started.]LOG]!><time="10:14:54.0223511" date="5-29-2026" component="IntuneManagementExtension" context="" type="1" thread="4" file="">
<![LOG[[RebootHelper] CheckRebootFlagAndPop start...]LOG]!><time="10:14:54.0223511" date="5-29-2026" component="IntuneManagementExtension" context="" type="2" thread="4" file="">
<![LOG[[RebootHelper] CheckRebootFlagAndPop complete]LOG]!><time="10:14:54.0412317" date="5-29-2026" component="IntuneManagementExtension" context="" type="2" thread="4" file="">
<![LOG[[APv2] Checking if device is in APv2 mode.]LOG]!><time="10:14:54.0412317" date="5-29-2026" component="IntuneManagementExtension" context="" type="1" thread="4" file="">
<![LOG[[APv2] Found DevicePrepHintValue = 0.]LOG]!><time="10:14:54.0412317" date="5-29-2026" component="IntuneManagementExtension" context="" type="1" thread="4" file="">
<![LOG[[APv2] Device is in APv2 mode: False.]LOG]!><time="10:14:54.0412317" date="5-29-2026" component="IntuneManagementExtension" context="" type="1" thread="4" file="">
<![LOG[EMS Agent ApV2 check returned = False]LOG]!><time="10:14:54.0412317" date="5-29-2026" component="IntuneManagementExtension" context="" type="1" thread="4" file="">
<![LOG[[AutopilotV2-StandardUserProvider](ExecuteMitigation) {"Message":"Operation completed successfully","Colmetadata":"AccountId;DeviceId;Properties;Status;StartTime;Duration;","Col1":"5f09d589-ad94-4886-bc14-bcafeea7dc2c","Col2":"4006f577-5328-4139-9ed3-27b9fc6b018f","Col3":"[SkippedReason: ExecutionContextWasNull]","Col4":"Skipped","Col5":"05/29/2026 17:14:54","Col6":"00:00:00.0121967"}]LOG]!><time="10:14:54.0574439" date="5-29-2026" component="IntuneManagementExtension" context="" type="1" thread="4" file="">
<![LOG[EMS Agent initialization is done. Completed in 2169ms]LOG]!><time="10:14:54.0574439" date="5-29-2026" component="IntuneManagementExtension" context="" type="1" thread="4" file="">
<![LOG[[Flighting] Fetching flighting value for key CommonSchemaEventsProcessing...]LOG]!><time="10:14:54.0614519" date="5-29-2026" component="IntuneManagementExtension" context="" type="1" thread="5" file="">
<![LOG[[Flighting] Key: CommonSchemaEventsProcessing, found value: True.]LOG]!><time="10:14:54.0614519" date="5-29-2026" component="IntuneManagementExtension" context="" type="1" thread="5" file="">
<![LOG[[Flighting] Fetching flighting value for key EnableGoldenSignals...]LOG]!><time="10:14:54.0614519" date="5-29-2026" component="IntuneManagementExtension" context="" type="1" thread="5" file="">
<![LOG[[Flighting] Key: EnableGoldenSignals, found value: True.]LOG]!><time="10:14:54.0614519" date="5-29-2026" component="IntuneManagementExtension" context="" type="1" thread="5" file="">
<![LOG[set timer, start the timer for workload PowerShell]LOG]!><time="10:15:20.7762052" date="5-29-2026" component="IntuneManagementExtension" context="" type="1" thread="18" file="">
<![LOG[[OnStart](StartWork) {"Message":"Agent Started in StartWork","Colmetadata":"DeviceId;AccountId;ScaleUnit;Exception;","Col1":"4006f577-5328-4139-9ed3-27b9fc6b018f","Col2":"5f09d589-ad94-4886-bc14-bcafeea7dc2c","Col3":"amsua0202","Col4":"","Col5":"","Col6":""}]LOG]!><time="10:15:30.1809897" date="5-29-2026" component="IntuneManagementExtension" context="" type="1" thread="11" file="">
<![LOG[[Win32App][EspHelper][CheckEspPhase] Checking ESP status and phase for sessionId: 0]LOG]!><time="10:15:30.1850669" date="5-29-2026" component="IntuneManagementExtension" context="" type="1" thread="11" file="">
<![LOG[[Win32App][EspHelper][CheckDeviceOnlyFromFirstSyncReg] Opening SOFTWARE\\Microsoft\\Enrollments]LOG]!><time="10:15:30.2549723" date="5-29-2026" component="IntuneManagementExtension" context="" type="1" thread="11" file="">
<![LOG[[Win32App][EspHelper][CheckDeviceOnlyFromFirstSyncReg] Found FirstSync under: SOFTWARE\\Microsoft\\Enrollments\9604B222-70FA-4CF6-B868-899BC664FA0F]LOG]!><time="10:15:30.2590037" date="5-29-2026" component="IntuneManagementExtension" context="" type="1" thread="11" file="">
<![LOG[[Win32App][EspHelper][CheckDeviceOnlyFromFirstSyncReg] Got skipDeviceStatusPageString: 0 under: SOFTWARE\\Microsoft\\Enrollments\9604B222-70FA-4CF6-B868-899BC664FA0F\FirstSync]LOG]!><time="10:15:30.2590037" date="5-29-2026" component="IntuneManagementExtension" context="" type="1" thread="11" file="">
<![LOG[[Win32App][EspHelper][CheckDeviceOnlyFromFirstSyncReg] Set skipDeviceStatusPage: False]LOG]!><time="10:15:30.2590037" date="5-29-2026" component="IntuneManagementExtension" context="" type="1" thread="11" file="">
<![LOG[[Win32App][EspHelper][CheckDeviceOnlyFromFirstSyncReg] Got skipUserStatusPageString: -1 under: SOFTWARE\\Microsoft\\Enrollments\9604B222-70FA-4CF6-B868-899BC664FA0F\FirstSync]LOG]!><time="10:15:30.2590037" date="5-29-2026" component="IntuneManagementExtension" context="" type="1" thread="11" file="">
<![LOG[[Win32App][EspHelper][CheckDeviceOnlyFromFirstSyncReg] Set skipUserStatusPage: True]LOG]!><time="10:15:30.2633374" date="5-29-2026" component="IntuneManagementExtension" context="" type="1" thread="11" file="">
<![LOG[[Win32App][EspHelper][GetLogonIdFromFirstSyncReg] Getting logonId from FirstSyncReg for sessionId 0. Current UserSIDFromFirstSync: , IsSyncDoneForUser: False]LOG]!><time="10:15:30.2674756" date="5-29-2026" component="IntuneManagementExtension" context="" type="1" thread="11" file="">
<![LOG[[Win32App][EspHelper][GetLogonIdFromFirstSyncReg] Opening SOFTWARE\\Microsoft\\Enrollments]LOG]!><time="10:15:30.2715991" date="5-29-2026" component="IntuneManagementExtension" context="" type="1" thread="11" file="">
<![LOG[[Win32App][EspHelper][GetLogonIdFromFirstSyncReg] Current interactive user sessionId: 1, passed in sessionId: 0]LOG]!><time="10:15:30.2715991" date="5-29-2026" component="IntuneManagementExtension" context="" type="1" thread="11" file="">
<![LOG[[Win32App][EspHelper][GetLogonIdFromFirstSyncReg] This is a device session. Will get the first userSid notCompleted one from FirstSyncReg for ESP if available Or absolute first userSid]LOG]!><time="10:15:30.2715991" date="5-29-2026" component="IntuneManagementExtension" context="" type="1" thread="11" file="">
<![LOG[[Win32App][EspHelper][GetLogonIdFromFirstSyncReg] Found FirstSync under: SOFTWARE\\Microsoft\\Enrollments\9604B222-70FA-4CF6-B868-899BC664FA0F]LOG]!><time="10:15:30.2715991" date="5-29-2026" component="IntuneManagementExtension" context="" type="1" thread="11" file="">
<![LOG[[Win32App][EspHelper][GetLogonIdFromFirstSyncReg] Returning UserSIDFromFirstSync: ]LOG]!><time="10:15:30.2760925" date="5-29-2026" component="IntuneManagementExtension" context="" type="1" thread="11" file="">
<![LOG[[Win32App][EspHelper][CheckEspPhase] ESP Checking SidecarCspProvider status]LOG]!><time="10:15:30.2760925" date="5-29-2026" component="IntuneManagementExtension" context="" type="1" thread="11" file="">
<![LOG[[Win32App] Got InstanceID: Sidecar, installationStateString: 1]LOG]!><time="10:15:30.3297112" date="5-29-2026" component="IntuneManagementExtension" context="" type="1" thread="11" file="">
<![LOG[[Win32App] Got installationState: NotInstalled]LOG]!><time="10:15:30.3297112" date="5-29-2026" component="IntuneManagementExtension" context="" type="1" thread="11" file="">
<![LOG[[Win32App][EspHelper][CheckEspPhase] ESP Set SidecarCspProvider status]LOG]!><time="10:15:30.3297112" date="5-29-2026" component="IntuneManagementExtension" context="" type="1" thread="11" file="">
<![LOG[[Win32App][EspHelper][CheckEspPhase] ESP Set SidecarCspProvider installationState Completed, trackedResourceTypesIncludesApps True]LOG]!><time="10:15:30.5392136" date="5-29-2026" component="IntuneManagementExtension" context="" type="1" thread="11" file="">
<![LOG[[Win32App][EspHelper][CheckEspPhase] #################### Start processing SelectedApps ####################]LOG]!><time="10:15:30.5392136" date="5-29-2026" component="IntuneManagementExtension" context="" type="2" thread="11" file="">
<![LOG[[Win32App][EspHelper][CheckEspPhase] In EspPhase: DeviceSetup]LOG]!><time="10:15:30.5392136" date="5-29-2026" component="IntuneManagementExtension" context="" type="2" thread="11" file="">
<![LOG[Finished ESP phase check before kicking off PowerShell script. ESP phase DeviceSetup]LOG]!><time="10:15:30.5433131" date="5-29-2026" component="IntuneManagementExtension" context="" type="1" thread="11" file="">
<![LOG[[PowerShell] Check flighting to call OnTimer from StartWork.]LOG]!><time="10:15:30.5433131" date="5-29-2026" component="IntuneManagementExtension" context="" type="2" thread="11" file="">
<![LOG[[PowerShell] Invoking new PowerShell plugin.]LOG]!><time="10:15:30.5433131" date="5-29-2026" component="IntuneManagementExtension" context="" type="2" thread="11" file="">
<![LOG[[APv2] Checking if device is in APv2 mode.]LOG]!><time="10:15:30.5764686" date="5-29-2026" component="IntuneManagementExtension" context="" type="1" thread="11" file="">
<![LOG[[APv2] Found DevicePrepHintValue = 0.]LOG]!><time="10:15:30.5764686" date="5-29-2026" component="IntuneManagementExtension" context="" type="1" thread="11" file="">
<![LOG[[APv2] Device is in APv2 mode: False.]LOG]!><time="10:15:30.5764686" date="5-29-2026" component="IntuneManagementExtension" context="" type="1" thread="11" file="">
<![LOG[Checking throttle setting]LOG]!><time="10:15:30.6101520" date="5-29-2026" component="IntuneManagementExtension" context="" type="1" thread="11" file="">
<![LOG[Successfully updated throttling info. workload AgentCheckIn, currentCnt = 1]LOG]!><time="10:15:30.6146092" date="5-29-2026" component="IntuneManagementExtension" context="" type="1" thread="11" file="">
<![LOG[Finish throttle checking.]LOG]!><time="10:15:30.6146092" date="5-29-2026" component="IntuneManagementExtension" context="" type="1" thread="11" file="">
<![LOG[[PowerShell] saving throttle info in PowerShell flow]LOG]!><time="10:15:30.6146092" date="5-29-2026" component="IntuneManagementExtension" context="" type="1" thread="11" file="">
<![LOG[[PowerShell] Polling thread starts.]LOG]!><time="10:15:30.6146092" date="5-29-2026" component="IntuneManagementExtension" context="" type="1" thread="11" file="">
<![LOG[[PowerShell] inside RefreshActiveAADUserMap]LOG]!><time="10:15:30.6186507" date="5-29-2026" component="IntuneManagementExtension" context="" type="1" thread="11" file="">
<![LOG[[PowerShell] Get 1 active user sessions]LOG]!><time="10:15:30.6560351" date="5-29-2026" component="IntuneManagementExtension" context="" type="1" thread="11" file="">
<![LOG[starting impersonation, session id = 1]LOG]!><time="10:15:30.6680976" date="5-29-2026" component="IntuneManagementExtension" context="" type="1" thread="11" file="">
<![LOG[After impersonation: LP-9QWCNR2ELVMK\defaultuser0]LOG]!><time="10:15:30.6761256" date="5-29-2026" component="IntuneManagementExtension" context="" type="1" thread="11" file="">
<![LOG[[TokenManager::GetTokenForNewRequestUsingDeviceCheckInAppId]]LOG]!><time="10:15:30.6881559" date="5-29-2026" component="IntuneManagementExtension" context="" type="1" thread="11" file="">
<![LOG[provider id = https://login.microsoft.com, authority = organizations]LOG]!><time="10:15:30.8889328" date="5-29-2026" component="IntuneManagementExtension" context="" type="1" thread="22" file="">
<![LOG[get provider, provider name = Work or school account]LOG]!><time="10:15:30.8929454" date="5-29-2026" component="IntuneManagementExtension" context="" type="1" thread="22" file="">
<![LOG[Failed to get AAD token. len = 34 using client id fc0f3af4-6835-4174-b806-f7db311fd2f3 and resource id 26a4ae64-5862-427f-a9b0-044e62572a4f, errorCode = 3399548929]LOG]!><time="10:15:31.2000039" date="5-29-2026" component="IntuneManagementExtension" context="" type="1" thread="22" file="">
<![LOG[Need user interaction to continue.]LOG]!><time="10:15:31.2000039" date="5-29-2026" component="IntuneManagementExtension" context="" type="1" thread="22" file="">
<![LOG[AAD User check is failed, exception is Intune Management Extension Error.
Exception: Microsoft.Management.Services.IntuneWindowsAgent.AgentCommon.TokenAquireException: Attempt to get token, but failed.
   at Microsoft.Management.Services.IntuneWindowsAgent.AgentCommon.IntuneTokenManager.<GetTokenInternalAsync>d__44.MoveNext()
--- End of stack trace from previous location where exception was thrown ---
   at System.Runtime.CompilerServices.TaskAwaiter.ThrowForNonSuccess(Task task)
   at System.Runtime.CompilerServices.TaskAwaiter.HandleNonSuccessAndDebuggerNotification(Task task)
   at Microsoft.Management.Services.IntuneWindowsAgent.AgentCommon.IntuneTokenManager.<GetTokenForNewRequestUsingDeviceCheckInAppId>d__43.MoveNext()
--- End of stack trace from previous location where exception was thrown ---
   at System.Runtime.CompilerServices.TaskAwaiter.ThrowForNonSuccess(Task task)
   at System.Runtime.CompilerServices.TaskAwaiter.HandleNonSuccessAndDebuggerNotification(Task task)
   at Microsoft.Management.Services.IntuneWindowsAgent.AgentCommon.DiscoveryService.<<IsAADUserInternal>b__19_0>d.MoveNext()
--- End of stack trace from previous location where exception was thrown ---
   at System.Runtime.CompilerServices.TaskAwaiter.ThrowForNonSuccess(Task task)
   at System.Runtime.CompilerServices.TaskAwaiter.HandleNonSuccessAndDebuggerNotification(Task task)
   at System.Runtime.CompilerServices.TaskAwaiter.GetResult()
   at Microsoft.Management.Services.IntuneWindowsAgent.AgentCommon.ImpersonateHelper.<DoActionWithImpersonation>d__4.MoveNext()
--- End of stack trace from previous location where exception was thrown ---
   at System.Runtime.CompilerServices.TaskAwaiter.ThrowForNonSuccess(Task task)
   at System.Runtime.CompilerServices.TaskAwaiter.HandleNonSuccessAndDebuggerNotification(Task task)
   at Microsoft.Management.Services.IntuneWindowsAgent.AgentCommon.DiscoveryService.<IsAADUserInternal>d__19.MoveNext(), session is 1]LOG]!><time="10:15:31.2256206" date="5-29-2026" component="IntuneManagementExtension" context="" type="1" thread="22" file="">
<![LOG[AAD User check using device check in app is failed, now fallback to the Graph audience. ex = Intune Management Extension Error.
Exception: Microsoft.Management.Services.IntuneWindowsAgent.AgentCommon.TokenAquireException: Attempt to get token, but failed.
   at Microsoft.Management.Services.IntuneWindowsAgent.AgentCommon.DiscoveryService.<IsAADUserInternal>d__19.MoveNext()
--- End of stack trace from previous location where exception was thrown ---
   at System.Runtime.CompilerServices.TaskAwaiter.ThrowForNonSuccess(Task task)
   at System.Runtime.CompilerServices.TaskAwaiter.HandleNonSuccessAndDebuggerNotification(Task task)
   at Microsoft.Management.Services.IntuneWindowsAgent.AgentCommon.DiscoveryService.<IsAADUser>d__17.MoveNext()]LOG]!><time="10:15:31.2256206" date="5-29-2026" component="IntuneManagementExtension" context="" type="3" thread="22" file="">
<![LOG[starting impersonation, session id = 1]LOG]!><time="10:15:31.2256206" date="5-29-2026" component="IntuneManagementExtension" context="" type="1" thread="22" file="">
<![LOG[After impersonation: LP-9QWCNR2ELVMK\defaultuser0]LOG]!><time="10:15:31.2287309" date="5-29-2026" component="IntuneManagementExtension" context="" type="1" thread="22" file="">
<![LOG[[TokenManager::GetTokenForNewRequestAsync]]LOG]!><time="10:15:31.2334986" date="5-29-2026" component="IntuneManagementExtension" context="" type="1" thread="22" file="">
<![LOG[provider id = https://login.microsoft.com, authority = organizations]LOG]!><time="10:15:31.2372754" date="5-29-2026" component="IntuneManagementExtension" context="" type="1" thread="22" file="">
<![LOG[get provider, provider name = Work or school account]LOG]!><time="10:15:31.2372754" date="5-29-2026" component="IntuneManagementExtension" context="" type="1" thread="22" file="">
<![LOG[Failed to get AAD token. len = 34 using client id fc0f3af4-6835-4174-b806-f7db311fd2f3 and resource id 00000003-0000-0000-c000-000000000000, errorCode = 3399548929]LOG]!><time="10:15:31.4340161" date="5-29-2026" component="IntuneManagementExtension" context="" type="1" thread="22" file="">
<![LOG[Need user interaction to continue.]LOG]!><time="10:15:31.4340161" date="5-29-2026" component="IntuneManagementExtension" context="" type="1" thread="22" file="">
<![LOG[AAD User check is failed, exception is Intune Management Extension Error.
Exception: Microsoft.Management.Services.IntuneWindowsAgent.AgentCommon.TokenAquireException: Attempt to get token, but failed.
   at Microsoft.Management.Services.IntuneWindowsAgent.AgentCommon.IntuneTokenManager.<GetTokenInternalAsync>d__44.MoveNext()
--- End of stack trace from previous location where exception was thrown ---
   at System.Runtime.CompilerServices.TaskAwaiter.ThrowForNonSuccess(Task task)
   at System.Runtime.CompilerServices.TaskAwaiter.HandleNonSuccessAndDebuggerNotification(Task task)
   at Microsoft.Management.Services.IntuneWindowsAgent.AgentCommon.IntuneTokenManager.<GetTokenForNewRequestAsync>d__42.MoveNext()
--- End of stack trace from previous location where exception was thrown ---
   at System.Runtime.CompilerServices.TaskAwaiter.ThrowForNonSuccess(Task task)
   at System.Runtime.CompilerServices.TaskAwaiter.HandleNonSuccessAndDebuggerNotification(Task task)
   at Microsoft.Management.Services.IntuneWindowsAgent.AgentCommon.DiscoveryService.<<IsAADUserInternal>b__19_1>d.MoveNext()
--- End of stack trace from previous location where exception was thrown ---
   at System.Runtime.CompilerServices.TaskAwaiter.ThrowForNonSuccess(Task task)
   at System.Runtime.CompilerServices.TaskAwaiter.HandleNonSuccessAndDebuggerNotification(Task task)
   at System.Runtime.CompilerServices.TaskAwaiter.GetResult()
   at Microsoft.Management.Services.IntuneWindowsAgent.AgentCommon.ImpersonateHelper.<DoActionWithImpersonation>d__4.MoveNext()
--- End of stack trace from previous location where exception was thrown ---
   at System.Runtime.CompilerServices.TaskAwaiter.ThrowForNonSuccess(Task task)
   at System.Runtime.CompilerServices.TaskAwaiter.HandleNonSuccessAndDebuggerNotification(Task task)
   at Microsoft.Management.Services.IntuneWindowsAgent.AgentCommon.DiscoveryService.<IsAADUserInternal>d__19.MoveNext(), session is 1]LOG]!><time="10:15:31.4340161" date="5-29-2026" component="IntuneManagementExtension" context="" type="1" thread="22" file="">
<![LOG[[PowerShell] Total valid AAD User session count is 0]LOG]!><time="10:15:31.4381964" date="5-29-2026" component="IntuneManagementExtension" context="" type="1" thread="11" file="">
<![LOG[Found 1 MDM certificates from Local Computer Store.]LOG]!><time="10:15:31.4381964" date="5-29-2026" component="IntuneManagementExtension" context="" type="1" thread="11" file="">
<![LOG[Refreshed MDM device certificate, CN is CN=4006f577-5328-4139-9ed3-27b9fc6b018f, expiry is 2027-05-27 2:42:16 AM]LOG]!><time="10:15:31.4424632" date="5-29-2026" component="IntuneManagementExtension" context="" type="1" thread="11" file="">
<![LOG[[Location Service] Found cached SideCarGatewayServiceUrl: https://agents.amsua0202.manage.microsoft.com/TrafficGateway/TrafficRoutingService/SideCar/StatelessSideCarGatewayService]LOG]!><time="10:15:31.4424632" date="5-29-2026" component="IntuneManagementExtension" context="" type="1" thread="11" file="">
<![LOG[[PowerShell] Add MDM Device session id : 0]LOG]!><time="10:15:31.4466407" date="5-29-2026" component="IntuneManagementExtension" context="" type="2" thread="11" file="">
<![LOG[[PowerShell] Processing user session 0, user id = 00000000-0000-0000-0000-000000000000]LOG]!><time="10:15:31.4509784" date="5-29-2026" component="IntuneManagementExtension" context="" type="1" thread="11" file="">
<![LOG[[PowerShell] Set MdmDeviceCertificate : 02E4F9FB5FC65A142EA077D00A8BC04A10DC732B]LOG]!><time="10:15:31.4509784" date="5-29-2026" component="IntuneManagementExtension" context="" type="1" thread="11" file="">
<![LOG[[GetChannelUriInformation] Start get channel URI information.]LOG]!><time="10:15:31.4922872" date="5-29-2026" component="IntuneManagementExtension" context="" type="1" thread="11" file="">
<![LOG[[ReadChannelUriFromRegistry] Registry key Software\Microsoft\IntuneManagementExtension\Notification does not exist]LOG]!><time="10:15:31.4962938" date="5-29-2026" component="IntuneManagementExtension" context="" type="1" thread="11" file="">
<![LOG[[AgentExecutionHistory] Registery key: Software\Microsoft\IntuneManagementExtension\AgentExecutionHistorySetting created]LOG]!><time="10:15:31.5003049" date="5-29-2026" component="IntuneManagementExtension" context="" type="1" thread="11" file="">
<![LOG[[AgentExecutionHistory] LastAgentExecutionStartTime: 05/29/2026 17:15:31]LOG]!><time="10:15:31.5003049" date="5-29-2026" component="IntuneManagementExtension" context="" type="1" thread="11" file="">
<![LOG[[AgentExecutionHistory] LastAgentExecutionEndTime: 05/29/2026 17:15:32]LOG]!><time="10:15:31.5043472" date="5-29-2026" component="IntuneManagementExtension" context="" type="1" thread="11" file="">
<![LOG[[AgentExecutionHistory] Retrieved Crash Count: 0]LOG]!><time="10:15:31.5043472" date="5-29-2026" component="IntuneManagementExtension" context="" type="1" thread="11" file="">
<![LOG[AgentExecutionHistory : AgentExecutionStartTime is 05/29/2026 17:15:31, AgentExecutionEndTime is 05/29/2026 17:15:32, AgentCrashCount is 0.]LOG]!><time="10:15:31.5043472" date="5-29-2026" component="IntuneManagementExtension" context="" type="1" thread="11" file="">
<![LOG[[AgentExecutionHistory] Crash Count successfully set to: 0]LOG]!><time="10:15:31.5083717" date="5-29-2026" component="IntuneManagementExtension" context="" type="1" thread="11" file="">
<![LOG[Load 0 policy results.]LOG]!><time="10:15:31.5284405" date="5-29-2026" component="IntuneManagementExtension" context="" type="1" thread="11" file="">
<![LOG[[PowerShell] Requesting policies with session id 1ef60a9a-9153-4e83-81dd-d416c48d9acd ...]LOG]!><time="10:15:31.5284405" date="5-29-2026" component="IntuneManagementExtension" context="" type="1" thread="11" file="">
<![LOG[[ServiceBase], check in using device check in AAD App]LOG]!><time="10:15:31.5649666" date="5-29-2026" component="IntuneManagementExtension" context="" type="1" thread="11" file="">
<![LOG[[SendWebRequestInternal] iteration [0] started, total retryCount: 0]LOG]!><time="10:15:31.5850153" date="5-29-2026" component="IntuneManagementExtension" context="" type="1" thread="11" file="">
<![LOG[PrepareHeaders, client-request-id: 8ee112f4-e264-4b87-97f4-e72330a8d7f0, Method: PUT]LOG]!><time="10:15:31.5890287" date="5-29-2026" component="IntuneManagementExtension" context="" type="1" thread="11" file="">
<![LOG[Userless session, skip UserToken for device check-in]LOG]!><time="10:15:31.6213141" date="5-29-2026" component="IntuneManagementExtension" context="" type="1" thread="11" file="">
<![LOG[Found 1 MDM certificates from Local Computer Store.]LOG]!><time="10:15:31.6253494" date="5-29-2026" component="IntuneManagementExtension" context="" type="1" thread="11" file="">
<![LOG[Add MdmDeviceCertificate 02E4F9FB5FC65A142EA077D00A8BC04A10DC732B into WebRequest with True]LOG]!><time="10:15:31.6253494" date="5-29-2026" component="IntuneManagementExtension" context="" type="1" thread="11" file="">
<![LOG[[SendWebRequestInternal] Sending network request...  Current proxy is https://agents.amsua0202.manage.microsoft.com/TrafficGateway/TrafficRoutingService/SideCar/StatelessSideCarGatewayService/SideCarGatewaySessions('1ef60a9a-9153-4e83-81dd-d416c48d9acd')%3Fapi-version=1.5]LOG]!><time="10:15:31.6293651" date="5-29-2026" component="IntuneManagementExtension" context="" type="1" thread="11" file="">
<![LOG[[SendWebRequestInternal] Succeeded, client-request-id: 8ee112f4-e264-4b87-97f4-e72330a8d7f0, AfdRef: ]LOG]!><time="10:15:32.2476104" date="5-29-2026" component="IntuneManagementExtension" context="" type="1" thread="17" file="">
<![LOG[[Flighting3] CheckEnabledFlights: EnablePublishChannelUriFeature,EnableDeviceActionFeature,IntunePivotInitial,IntunePivotUseProtectedData,SymLinkDetectionAndUserAccessRemovalEnabled]LOG]!><time="10:15:32.3083419" date="5-29-2026" component="IntuneManagementExtension" context="" type="3" thread="11" file="">
<![LOG[[Flighting] Windows Remote Help Unattended enabled state set to: False.]LOG]!><time="10:15:32.3123655" date="5-29-2026" component="IntuneManagementExtension" context="" type="1" thread="11" file="">
<![LOG[[GetChannelUriInformation] Update new channel URI failed, the channelUriInfo is null]LOG]!><time="10:15:32.3166682" date="5-29-2026" component="IntuneManagementExtension" context="" type="1" thread="11" file="">
<![LOG[[PowerShell] response payload is []]LOG]!><time="10:15:32.3166682" date="5-29-2026" component="IntuneManagementExtension" context="" type="1" thread="11" file="">
<![LOG[[PowerShell] Get 0 policies for user 00000000-0000-0000-0000-000000000000 in session 0]LOG]!><time="10:15:32.3214667" date="5-29-2026" component="IntuneManagementExtension" context="" type="1" thread="11" file="">
<![LOG[[PowerShell] Calling FilterPolicies.]LOG]!><time="10:15:32.3232093" date="5-29-2026" component="IntuneManagementExtension" context="" type="1" thread="11" file="">
<![LOG[[PowerShell] After filter, get 0 policies for user 00000000-0000-0000-0000-000000000000 in session 0]LOG]!><time="10:15:32.3271235" date="5-29-2026" component="IntuneManagementExtension" context="" type="1" thread="11" file="">
<![LOG[[PowerShell] Calling ProcessPolicies]LOG]!><time="10:15:32.3271235" date="5-29-2026" component="IntuneManagementExtension" context="" type="1" thread="11" file="">
<![LOG[[Flighting] Fetching flighting value for key DisableV2ChainValidation...]LOG]!><time="10:15:32.3291253" date="5-29-2026" component="IntuneManagementExtension" context="" type="1" thread="11" file="">
<![LOG[[Flighting] Key: DisableV2ChainValidation, value not found. Falling back to default value: False.]LOG]!><time="10:15:32.3291253" date="5-29-2026" component="IntuneManagementExtension" context="" type="2" thread="11" file="">
<![LOG[[PowerShell] FlightingV2 SkipV2ChainValidation = False, existing value = False]LOG]!><time="10:15:32.3291253" date="5-29-2026" component="IntuneManagementExtension" context="" type="1" thread="11" file="">
<![LOG[[PowerShell] ProviderResult after policy processing optional Result = 0]LOG]!><time="10:15:32.3346340" date="5-29-2026" component="IntuneManagementExtension" context="" type="1" thread="11" file="">
<![LOG[[PowerShell] Polling thread stopped.]LOG]!><time="10:15:32.3346340" date="5-29-2026" component="IntuneManagementExtension" context="" type="1" thread="11" file="">
<![LOG[[PowerShell] ProviderResult final optional Result = 0]LOG]!><time="10:15:32.3346340" date="5-29-2026" component="IntuneManagementExtension" context="" type="1" thread="11" file="">
<![LOG[[PowerShell] ProviderResult: ProvisioningComplete.]LOG]!><time="10:15:32.3366360" date="5-29-2026" component="IntuneManagementExtension" context="" type="1" thread="11" file="">
<![LOG[[EmsAgentService:StartWork] Device is either not in 'Win 10 S Mode' or not a '19H2 (Win 10 S supported) or later' build.]LOG]!><time="10:15:32.3366360" date="5-29-2026" component="IntuneManagementExtension" context="" type="1" thread="11" file="">
<![LOG[[Win32AppAsync] Starting app check in]LOG]!><time="10:15:32.3386391" date="5-29-2026" component="IntuneManagementExtension" context="" type="1" thread="11" file="">
<![LOG[[APv2] Checking if device is in APv2 mode.]LOG]!><time="10:15:32.3443890" date="5-29-2026" component="IntuneManagementExtension" context="" type="1" thread="11" file="">
<![LOG[[APv2] Found DevicePrepHintValue = 0.]LOG]!><time="10:15:32.3443890" date="5-29-2026" component="IntuneManagementExtension" context="" type="1" thread="11" file="">
<![LOG[[APv2] Device is in APv2 mode: False.]LOG]!><time="10:15:32.3443890" date="5-29-2026" component="IntuneManagementExtension" context="" type="1" thread="11" file="">
<![LOG[co-mgt features is not available, ex = System.Management.ManagementException, not fatal]LOG]!><time="10:15:32.3889446" date="5-29-2026" component="IntuneManagementExtension" context="" type="2" thread="11" file="">
<![LOG[Comgt app workload status False]LOG]!><time="10:15:32.3889446" date="5-29-2026" component="IntuneManagementExtension" context="" type="1" thread="11" file="">
<![LOG[System.Exception: GetAADJoinInfo - Failed to get Azure AD Join information using NetGetAadJoinInformation.  hr:1
   at Microsoft.Management.Services.IntuneWindowsAgent.AgentCommon.AADJoinHelper.GetAADJoinInfo()]LOG]!><time="10:15:32.4594312" date="5-29-2026" component="IntuneManagementExtension" context="" type="2" thread="11" file="">
<![LOG[Failed to check if device is WPJ, ex is System.Exception: GetAADJoinInfo - Failed to get Azure AD Join information using NetGetAadJoinInformation.  hr:1
   at Microsoft.Management.Services.IntuneWindowsAgent.AgentCommon.AADJoinHelper.GetAADJoinInfo()
   at Microsoft.Management.Services.IntuneWindowsAgent.AgentCommon.AADJoinHelper.IsDeviceWPJ()]LOG]!><time="10:15:32.4594312" date="5-29-2026" component="IntuneManagementExtension" context="" type="2" thread="11" file="">
<![LOG[starting impersonation, session id = 1]LOG]!><time="10:15:32.6704642" date="5-29-2026" component="IntuneManagementExtension" context="" type="1" thread="11" file="">
<![LOG[After impersonation: LP-9QWCNR2ELVMK\defaultuser0]LOG]!><time="10:15:32.6704642" date="5-29-2026" component="IntuneManagementExtension" context="" type="1" thread="11" file="">
<![LOG[[TokenManager::GetTokenForNewRequestUsingDeviceCheckInAppId]]LOG]!><time="10:15:32.6745754" date="5-29-2026" component="IntuneManagementExtension" context="" type="1" thread="11" file="">
<![LOG[provider id = https://login.microsoft.com, authority = organizations]LOG]!><time="10:15:32.6786383" date="5-29-2026" component="IntuneManagementExtension" context="" type="1" thread="22" file="">
<![LOG[get provider, provider name = Work or school account]LOG]!><time="10:15:32.6786383" date="5-29-2026" component="IntuneManagementExtension" context="" type="1" thread="22" file="">
<![LOG[Failed to get AAD token. len = 34 using client id fc0f3af4-6835-4174-b806-f7db311fd2f3 and resource id 26a4ae64-5862-427f-a9b0-044e62572a4f, errorCode = 3399548929]LOG]!><time="10:15:32.6991811" date="5-29-2026" component="IntuneManagementExtension" context="" type="1" thread="22" file="">
<![LOG[Need user interaction to continue.]LOG]!><time="10:15:32.6991811" date="5-29-2026" component="IntuneManagementExtension" context="" type="1" thread="22" file="">
<![LOG[AAD User check is failed, exception is Intune Management Extension Error.
Exception: Microsoft.Management.Services.IntuneWindowsAgent.AgentCommon.TokenAquireException: Attempt to get token, but failed.
   at Microsoft.Management.Services.IntuneWindowsAgent.AgentCommon.IntuneTokenManager.<GetTokenInternalAsync>d__44.MoveNext()
--- End of stack trace from previous location where exception was thrown ---
   at System.Runtime.CompilerServices.TaskAwaiter.ThrowForNonSuccess(Task task)
   at System.Runtime.CompilerServices.TaskAwaiter.HandleNonSuccessAndDebuggerNotification(Task task)
   at Microsoft.Management.Services.IntuneWindowsAgent.AgentCommon.IntuneTokenManager.<GetTokenForNewRequestUsingDeviceCheckInAppId>d__43.MoveNext()
--- End of stack trace from previous location where exception was thrown ---
   at System.Runtime.CompilerServices.TaskAwaiter.ThrowForNonSuccess(Task task)
   at System.Runtime.CompilerServices.TaskAwaiter.HandleNonSuccessAndDebuggerNotification(Task task)
   at Microsoft.Management.Services.IntuneWindowsAgent.AgentCommon.DiscoveryService.<<IsAADUserInternal>b__19_0>d.MoveNext()
--- End of stack trace from previous location where exception was thrown ---
   at System.Runtime.CompilerServices.TaskAwaiter.ThrowForNonSuccess(Task task)
   at System.Runtime.CompilerServices.TaskAwaiter.HandleNonSuccessAndDebuggerNotification(Task task)
   at System.Runtime.CompilerServices.TaskAwaiter.GetResult()
   at Microsoft.Management.Services.IntuneWindowsAgent.AgentCommon.ImpersonateHelper.<DoActionWithImpersonation>d__4.MoveNext()
--- End of stack trace from previous location where exception was thrown ---
   at System.Runtime.CompilerServices.TaskAwaiter.ThrowForNonSuccess(Task task)
   at System.Runtime.CompilerServices.TaskAwaiter.HandleNonSuccessAndDebuggerNotification(Task task)
   at Microsoft.Management.Services.IntuneWindowsAgent.AgentCommon.DiscoveryService.<IsAADUserInternal>d__19.MoveNext(), session is 1]LOG]!><time="10:15:32.6991811" date="5-29-2026" component="IntuneManagementExtension" context="" type="1" thread="22" file="">
<![LOG[AAD User check using device check in app is failed, now fallback to the Graph audience. ex = Intune Management Extension Error.
Exception: Microsoft.Management.Services.IntuneWindowsAgent.AgentCommon.TokenAquireException: Attempt to get token, but failed.
   at Microsoft.Management.Services.IntuneWindowsAgent.AgentCommon.DiscoveryService.<IsAADUserInternal>d__19.MoveNext()
--- End of stack trace from previous location where exception was thrown ---
   at System.Runtime.CompilerServices.TaskAwaiter.ThrowForNonSuccess(Task task)
   at System.Runtime.CompilerServices.TaskAwaiter.HandleNonSuccessAndDebuggerNotification(Task task)
   at Microsoft.Management.Services.IntuneWindowsAgent.AgentCommon.DiscoveryService.<IsAADUser>d__17.MoveNext()]LOG]!><time="10:15:32.6991811" date="5-29-2026" component="IntuneManagementExtension" context="" type="3" thread="22" file="">
<![LOG[starting impersonation, session id = 1]LOG]!><time="10:15:32.6991811" date="5-29-2026" component="IntuneManagementExtension" context="" type="1" thread="22" file="">
<![LOG[After impersonation: LP-9QWCNR2ELVMK\defaultuser0]LOG]!><time="10:15:32.7031904" date="5-29-2026" component="IntuneManagementExtension" context="" type="1" thread="22" file="">
<![LOG[[TokenManager::GetTokenForNewRequestAsync]]LOG]!><time="10:15:32.7031904" date="5-29-2026" component="IntuneManagementExtension" context="" type="1" thread="22" file="">
<![LOG[provider id = https://login.microsoft.com, authority = organizations]LOG]!><time="10:15:32.7072277" date="5-29-2026" component="IntuneManagementExtension" context="" type="1" thread="22" file="">
<![LOG[get provider, provider name = Work or school account]LOG]!><time="10:15:32.7112643" date="5-29-2026" component="IntuneManagementExtension" context="" type="1" thread="22" file="">
<![LOG[Failed to get AAD token. len = 34 using client id fc0f3af4-6835-4174-b806-f7db311fd2f3 and resource id 00000003-0000-0000-c000-000000000000, errorCode = 3399548929]LOG]!><time="10:15:32.7241704" date="5-29-2026" component="IntuneManagementExtension" context="" type="1" thread="22" file="">
<![LOG[Need user interaction to continue.]LOG]!><time="10:15:32.7274546" date="5-29-2026" component="IntuneManagementExtension" context="" type="1" thread="22" file="">
<![LOG[AAD User check is failed, exception is Intune Management Extension Error.
Exception: Microsoft.Management.Services.IntuneWindowsAgent.AgentCommon.TokenAquireException: Attempt to get token, but failed.
   at Microsoft.Management.Services.IntuneWindowsAgent.AgentCommon.IntuneTokenManager.<GetTokenInternalAsync>d__44.MoveNext()
--- End of stack trace from previous location where exception was thrown ---
   at System.Runtime.CompilerServices.TaskAwaiter.ThrowForNonSuccess(Task task)
   at System.Runtime.CompilerServices.TaskAwaiter.HandleNonSuccessAndDebuggerNotification(Task task)
   at Microsoft.Management.Services.IntuneWindowsAgent.AgentCommon.IntuneTokenManager.<GetTokenForNewRequestAsync>d__42.MoveNext()
--- End of stack trace from previous location where exception was thrown ---
   at System.Runtime.CompilerServices.TaskAwaiter.ThrowForNonSuccess(Task task)
   at System.Runtime.CompilerServices.TaskAwaiter.HandleNonSuccessAndDebuggerNotification(Task task)
   at Microsoft.Management.Services.IntuneWindowsAgent.AgentCommon.DiscoveryService.<<IsAADUserInternal>b__19_1>d.MoveNext()
--- End of stack trace from previous location where exception was thrown ---
   at System.Runtime.CompilerServices.TaskAwaiter.ThrowForNonSuccess(Task task)
   at System.Runtime.CompilerServices.TaskAwaiter.HandleNonSuccessAndDebuggerNotification(Task task)
   at System.Runtime.CompilerServices.TaskAwaiter.GetResult()
   at Microsoft.Management.Services.IntuneWindowsAgent.AgentCommon.ImpersonateHelper.<DoActionWithImpersonation>d__4.MoveNext()
--- End of stack trace from previous location where exception was thrown ---
   at System.Runtime.CompilerServices.TaskAwaiter.ThrowForNonSuccess(Task task)
   at System.Runtime.CompilerServices.TaskAwaiter.HandleNonSuccessAndDebuggerNotification(Task task)
   at Microsoft.Management.Services.IntuneWindowsAgent.AgentCommon.DiscoveryService.<IsAADUserInternal>d__19.MoveNext(), session is 1]LOG]!><time="10:15:32.7284567" date="5-29-2026" component="IntuneManagementExtension" context="" type="1" thread="22" file="">
<![LOG[Found 1 MDM certificates from Local Computer Store.]LOG]!><time="10:15:32.7384682" date="5-29-2026" component="IntuneManagementExtension" context="" type="1" thread="11" file="">
<![LOG[[Location Service] Found cached SideCarGatewayServiceUrl: https://agents.amsua0202.manage.microsoft.com/TrafficGateway/TrafficRoutingService/SideCar/StatelessSideCarGatewayService]LOG]!><time="10:15:32.7404704" date="5-29-2026" component="IntuneManagementExtension" context="" type="1" thread="11" file="">
<![LOG[[ServiceBase], check in using device check in AAD App]LOG]!><time="10:15:32.8149142" date="5-29-2026" component="IntuneManagementExtension" context="" type="1" thread="11" file="">
<![LOG[[SendWebRequestInternal] iteration [0] started, total retryCount: 0]LOG]!><time="10:15:32.8149142" date="5-29-2026" component="IntuneManagementExtension" context="" type="1" thread="11" file="">
<![LOG[PrepareHeaders, client-request-id: b60f4b3b-46b4-4aca-87bc-87c6a2c6a769, Method: PUT]LOG]!><time="10:15:32.8149142" date="5-29-2026" component="IntuneManagementExtension" context="" type="1" thread="11" file="">
<![LOG[Userless session, skip UserToken for device check-in]LOG]!><time="10:15:32.8192906" date="5-29-2026" component="IntuneManagementExtension" context="" type="1" thread="11" file="">
<![LOG[Found 1 MDM certificates from Local Computer Store.]LOG]!><time="10:15:32.8192906" date="5-29-2026" component="IntuneManagementExtension" context="" type="1" thread="11" file="">
<![LOG[Add MdmDeviceCertificate 02E4F9FB5FC65A142EA077D00A8BC04A10DC732B into WebRequest with True]LOG]!><time="10:15:32.8192906" date="5-29-2026" component="IntuneManagementExtension" context="" type="1" thread="11" file="">
<![LOG[[SendWebRequestInternal] Sending network request...  Current proxy is https://agents.amsua0202.manage.microsoft.com/TrafficGateway/TrafficRoutingService/SideCar/StatelessSideCarGatewayService/SideCarGatewaySessions('467776e5-3d18-4651-b09d-36d275d56285')%3Fapi-version=1.5]LOG]!><time="10:15:32.8192906" date="5-29-2026" component="IntuneManagementExtension" context="" type="1" thread="11" file="">
<![LOG[[SendWebRequestInternal] Succeeded, client-request-id: b60f4b3b-46b4-4aca-87bc-87c6a2c6a769, AfdRef: ]LOG]!><time="10:15:32.9871855" date="5-29-2026" component="IntuneManagementExtension" context="" type="1" thread="9" file="">
<![LOG[co-mgt features is not available, ex = System.Management.ManagementException, not fatal]LOG]!><time="10:15:33.0347543" date="5-29-2026" component="IntuneManagementExtension" context="" type="2" thread="11" file="">
<![LOG[Comgt app workload status False]LOG]!><time="10:15:33.0347543" date="5-29-2026" component="IntuneManagementExtension" context="" type="1" thread="11" file="">
<![LOG[[Flighting] Fetching flighting value for key 4CF8C6F4-C96E-4454-A6D0-196EAAC3E496...]LOG]!><time="10:15:33.0387989" date="5-29-2026" component="IntuneManagementExtension" context="" type="1" thread="11" file="">
<![LOG[[Flighting] Key: 4CF8C6F4-C96E-4454-A6D0-196EAAC3E496, value not found. Falling back to default value: False.]LOG]!><time="10:15:33.0387989" date="5-29-2026" component="IntuneManagementExtension" context="" type="2" thread="11" file="">
<![LOG[[ServiceBase], check in using device check in AAD App]LOG]!><time="10:15:33.2404278" date="5-29-2026" component="IntuneManagementExtension" context="" type="1" thread="11" file="">
<![LOG[[SendWebRequestInternal] iteration [0] started, total retryCount: 0]LOG]!><time="10:15:33.2404278" date="5-29-2026" component="IntuneManagementExtension" context="" type="1" thread="11" file="">
<![LOG[PrepareHeaders, client-request-id: 1b7b088a-d285-48cd-83d2-738b99b6d4dc, Method: PUT]LOG]!><time="10:15:33.2444523" date="5-29-2026" component="IntuneManagementExtension" context="" type="1" thread="11" file="">
<![LOG[Userless session, skip UserToken for device check-in]LOG]!><time="10:15:33.2444523" date="5-29-2026" component="IntuneManagementExtension" context="" type="1" thread="11" file="">
<![LOG[Found 1 MDM certificates from Local Computer Store.]LOG]!><time="10:15:33.2464624" date="5-29-2026" component="IntuneManagementExtension" context="" type="1" thread="11" file="">
<![LOG[Add MdmDeviceCertificate 02E4F9FB5FC65A142EA077D00A8BC04A10DC732B into WebRequest with True]LOG]!><time="10:15:33.2464624" date="5-29-2026" component="IntuneManagementExtension" context="" type="1" thread="11" file="">
<![LOG[[SendWebRequestInternal] Sending network request...  Current proxy is https://agents.amsua0202.manage.microsoft.com/TrafficGateway/TrafficRoutingService/SideCar/StatelessSideCarGatewayService/SideCarGatewaySessions('038daaab-7750-4f92-af44-d58cfe57ce0b')%3Fapi-version=1.5]LOG]!><time="10:15:33.2464624" date="5-29-2026" component="IntuneManagementExtension" context="" type="1" thread="11" file="">
<![LOG[[SendWebRequestInternal] Succeeded, client-request-id: 1b7b088a-d285-48cd-83d2-738b99b6d4dc, AfdRef: ]LOG]!><time="10:15:33.4954860" date="5-29-2026" component="IntuneManagementExtension" context="" type="1" thread="17" file="">
<![LOG[[Flighting] Fetching flighting value for key ClearGRSInESP...]LOG]!><time="10:15:33.6233937" date="5-29-2026" component="IntuneManagementExtension" context="" type="1" thread="11" file="">
<![LOG[[Flighting] Key: ClearGRSInESP, found value: True.]LOG]!><time="10:15:33.6233937" date="5-29-2026" component="IntuneManagementExtension" context="" type="1" thread="11" file="">
<![LOG[[GenericWorkload] Initiating GenericWorkload Checkin]LOG]!><time="10:15:35.0768058" date="5-29-2026" component="IntuneManagementExtension" context="" type="1" thread="18" file="">
<![LOG[[Flighting] Fetching flighting value for key EnableInfraReporting...]LOG]!><time="10:15:35.1123863" date="5-29-2026" component="IntuneManagementExtension" context="" type="1" thread="18" file="">
<![LOG[[Flighting] Key: EnableInfraReporting, value not found. Falling back to default value: False.]LOG]!><time="10:15:35.1123863" date="5-29-2026" component="IntuneManagementExtension" context="" type="2" thread="18" file="">
<![LOG[[GenericWorkload] Agent Restart flag for retrieving channel URI is True]LOG]!><time="10:15:35.1447933" date="5-29-2026" component="IntuneManagementExtension" context="" type="1" thread="18" file="">
<![LOG[[GetChannelUriFromWns] Start get channel URI information]LOG]!><time="10:15:35.1487984" date="5-29-2026" component="IntuneManagementExtension" context="" type="1" thread="18" file="">
<![LOG[[ReadChannelUriFromRegistry] Read successfully, info is ,,NoSync,0,,]LOG]!><time="10:15:35.1508008" date="5-29-2026" component="IntuneManagementExtension" context="" type="1" thread="18" file="">
<![LOG[[GetChannelUriFromWns] Calling WNS API to register Channel]LOG]!><time="10:15:35.1508008" date="5-29-2026" component="IntuneManagementExtension" context="" type="1" thread="18" file="">
<![LOG[[WnsHelper] Registering app for notifications]LOG]!><time="10:15:35.1643922" date="5-29-2026" component="IntuneManagementExtension" context="" type="1" thread="18" file="">
<![LOG[[WnsHelper] Successfully registered app for notifications]LOG]!><time="10:15:35.1643922" date="5-29-2026" component="IntuneManagementExtension" context="" type="1" thread="18" file="">
<![LOG[[GetChannelUriFromWns] Registered channel URI: https://wns2-bl2p.notify.windows.com/?token=AwYAAACyoGMCKbJe3ra82GxIIQuH43O2Z5785LGvyQP0%2f8%2bHLLh%2fJ2jKARwyNQiNyf3heMi6yNkv%2fwlw1%2fwWlIvBkEpGMEubhd6JE%2fYRlmIr8O1Skb3gG5RK%2bj9vNkQK7Dqr%2bJU%3d]LOG]!><time="10:15:35.3178843" date="5-29-2026" component="IntuneManagementExtension" context="" type="1" thread="18" file="">
<![LOG[Found 1 MDM certificates from Local Computer Store.]LOG]!><time="10:15:35.3219026" date="5-29-2026" component="IntuneManagementExtension" context="" type="1" thread="18" file="">
<![LOG[Found 1 MDM certificates from Local Computer Store.]LOG]!><time="10:15:35.3259213" date="5-29-2026" component="IntuneManagementExtension" context="" type="1" thread="18" file="">
<![LOG[Found 1 MDM certificates from Local Computer Store.]LOG]!><time="10:15:35.3259213" date="5-29-2026" component="IntuneManagementExtension" context="" type="1" thread="18" file="">
<![LOG[Found 1 MDM certificates from Local Computer Store.]LOG]!><time="10:15:35.3259213" date="5-29-2026" component="IntuneManagementExtension" context="" type="1" thread="18" file="">
<![LOG[Found 1 MDM certificates from Local Computer Store.]LOG]!><time="10:15:35.3300141" date="5-29-2026" component="IntuneManagementExtension" context="" type="1" thread="18" file="">
<![LOG[Found 1 MDM certificates from Local Computer Store.]LOG]!><time="10:15:35.3300141" date="5-29-2026" component="IntuneManagementExtension" context="" type="1" thread="18" file="">
<![LOG[Found 1 MDM certificates from Local Computer Store.]LOG]!><time="10:15:35.3340531" date="5-29-2026" component="IntuneManagementExtension" context="" type="1" thread="18" file="">
<![LOG[Found 1 MDM certificates from Local Computer Store.]LOG]!><time="10:15:35.3340531" date="5-29-2026" component="IntuneManagementExtension" context="" type="1" thread="18" file="">
<![LOG[Found 1 MDM certificates from Local Computer Store.]LOG]!><time="10:15:35.3340531" date="5-29-2026" component="IntuneManagementExtension" context="" type="1" thread="18" file="">
<![LOG[Found 1 MDM certificates from Local Computer Store.]LOG]!><time="10:15:35.3383039" date="5-29-2026" component="IntuneManagementExtension" context="" type="1" thread="18" file="">
<![LOG[Found 1 MDM certificates from Local Computer Store.]LOG]!><time="10:15:35.3383039" date="5-29-2026" component="IntuneManagementExtension" context="" type="1" thread="18" file="">
<![LOG[[GetChannelUriInformation] Save ErrorMessage to registry failed, value is ]LOG]!><time="10:15:35.3383039" date="5-29-2026" component="IntuneManagementExtension" context="" type="1" thread="18" file="">
<![LOG[[ReadChannelUriFromRegistry] Read successfully, info is https://wns2-bl2p.notify.windows.com/?token=AwYAAACyoGMCKbJe3ra82GxIIQuH43O2Z5785LGvyQP0%2f8%2bHLLh%2fJ2jKARwyNQiNyf3heMi6yNkv%2fwlw1%2fwWlIvBkEpGMEubhd6JE%2fYRlmIr8O1Skb3gG5RK%2bj9vNkQK7Dqr%2bJU%3d,06/13/2026 17:15:34,NoSync,0,,]LOG]!><time="10:15:35.3426591" date="5-29-2026" component="IntuneManagementExtension" context="" type="1" thread="18" file="">
<![LOG[[GenericWorkload] Channel URI added to Generic workload request]LOG]!><time="10:15:35.3426591" date="5-29-2026" component="IntuneManagementExtension" context="" type="1" thread="18" file="">
<![LOG[[GenericWorkload] PushNotificationChannel intent added with version 1.0.1]LOG]!><time="10:15:35.3426591" date="5-29-2026" component="IntuneManagementExtension" context="" type="1" thread="18" file="">
<![LOG[[GenericWorkload] Generic workload request payload: {"WNSChannelURIMetadata":"{\"ChannelAddress\":\"https://wns2-bl2p.notify.windows.com/?token=AwYAAACyoGMCKbJe3ra82GxIIQuH43O2Z5785LGvyQP0%2f8%2bHLLh%2fJ2jKARwyNQiNyf3heMi6yNkv%2fwlw1%2fwWlIvBkEpGMEubhd6JE%2fYRlmIr8O1Skb3gG5RK%2bj9vNkQK7Dqr%2bJU%3d\",\"ChannelURIExpirationDate\":\"06/13/2026 17:15:34\",\"WNSChannelLastError\":\"0\",\"ChannelStatus\":\"1\",\"ErrorMessage\":\"\"}","IC3PushNotificationChannel":"{\"enabledIC3\":\"\", \"configTTLDays\": 1, \"version\": \"1.0.1\"}"}]LOG]!><time="10:15:35.3426591" date="5-29-2026" component="IntuneManagementExtension" context="" type="1" thread="18" file="">
<![LOG[[GenericWorkload] Thread going to sleep for 1690 seconds after agent restart]LOG]!><time="10:15:35.3426591" date="5-29-2026" component="IntuneManagementExtension" context="" type="1" thread="18" file="">
<![LOG[Checking throttle setting]LOG]!><time="10:15:43.9553588" date="5-29-2026" component="IntuneManagementExtension" context="" type="1" thread="11" file="">
<![LOG[Successfully updated throttling info. workload AgentCheckIn, currentCnt = 2]LOG]!><time="10:15:43.9573606" date="5-29-2026" component="IntuneManagementExtension" context="" type="1" thread="11" file="">
<![LOG[Finish throttle checking.]LOG]!><time="10:15:43.9573606" date="5-29-2026" component="IntuneManagementExtension" context="" type="1" thread="11" file="">
<![LOG[[Win32AppAsync] End app check in]LOG]!><time="10:15:44.0491645" date="5-29-2026" component="IntuneManagementExtension" context="" type="1" thread="11" file="">
<![LOG[[Proxy Poller] Proxy polling thread starts.]LOG]!><time="10:15:44.0531689" date="5-29-2026" component="IntuneManagementExtension" context="" type="1" thread="11" file="">
<![LOG[[Proxy Poller] Proxy polling thread: Get 1 active user sessions]LOG]!><time="10:15:44.0569134" date="5-29-2026" component="IntuneManagementExtension" context="" type="1" thread="11" file="">
<![LOG[[Proxy Poller] Processing session id 1 starts]LOG]!><time="10:15:44.0569134" date="5-29-2026" component="IntuneManagementExtension" context="" type="1" thread="11" file="">
<![LOG[[Proxy Poller] Flight Status: IsSetIMELogACLEnabled True]LOG]!><time="10:15:44.0606580" date="5-29-2026" component="IntuneManagementExtension" context="" type="1" thread="11" file="">
<![LOG[[Proxy Poller] DetectAllSymLinksInLogFolder complete]LOG]!><time="10:15:44.0684055" date="5-29-2026" component="IntuneManagementExtension" context="" type="1" thread="11" file="">
<![LOG[[EMS] Working on C:\ProgramData\Microsoft\IntuneManagementExtension\Logs.]LOG]!><time="10:15:44.0741520" date="5-29-2026" component="IntuneManagementExtension" context="" type="1" thread="11" file="">
<![LOG[[EMS] Desired ACLs are already applied.]LOG]!><time="10:15:44.0741520" date="5-29-2026" component="IntuneManagementExtension" context="" type="1" thread="11" file="">
<![LOG[[Proxy Poller] End Log Permission Settings for: C:\ProgramData\Microsoft\IntuneManagementExtension\Logs]LOG]!><time="10:15:44.0741520" date="5-29-2026" component="IntuneManagementExtension" context="" type="1" thread="11" file="">
<![LOG[[Proxy Poller] Removed access rule for user LP-9QWCNR2ELVMK\defaultuser0, result True]LOG]!><time="10:15:44.0963996" date="5-29-2026" component="IntuneManagementExtension" context="" type="1" thread="11" file="">
<![LOG[[Proxy Poller] Set ACL for GetAgentExecutorLog for current user]LOG]!><time="10:15:44.1004041" date="5-29-2026" component="IntuneManagementExtension" context="" type="1" thread="11" file="">
<![LOG[[Proxy Poller] Removed Everyone access and added Interactive access]LOG]!><time="10:15:44.1078931" date="5-29-2026" component="IntuneManagementExtension" context="" type="1" thread="11" file="">
<![LOG["C:\Program Files (x86)\Microsoft Intune Management Extension\agentexecutor.exe"  -proxy  "LP-9QWCNR2ELVMK\defaultuser0" https://agents.amsua0202.manage.microsoft.com/TrafficGateway/TrafficRoutingService/SideCar/StatelessSideCarGatewayService]LOG]!><time="10:15:44.1078931" date="5-29-2026" component="IntuneManagementExtension" context="" type="1" thread="11" file="">
<![LOG[[Proxy Poller] Launch agent executor in user session]LOG]!><time="10:15:44.1078931" date="5-29-2026" component="IntuneManagementExtension" context="" type="1" thread="11" file="">
<![LOG[[Proxy Poller] Create proxy process successfully.]LOG]!><time="10:15:44.4079807" date="5-29-2026" component="IntuneManagementExtension" context="" type="1" thread="11" file="">
<![LOG[[Proxy Poller] process id = 13152]LOG]!><time="10:15:44.4079807" date="5-29-2026" component="IntuneManagementExtension" context="" type="1" thread="11" file="">
<![LOG[[Proxy Poller] Execution is done, collecting proxy result]LOG]!><time="10:15:44.7972746" date="5-29-2026" component="IntuneManagementExtension" context="" type="1" thread="11" file="">
<![LOG[[Proxy Poller] Fetching the tempPath through environment variables.]LOG]!><time="10:15:44.8012859" date="5-29-2026" component="IntuneManagementExtension" context="" type="1" thread="11" file="">
<![LOG[[Proxy Poller] Found the TempPath from TMP envVarible : path is C:\Windows\TEMP]LOG]!><time="10:15:44.8012859" date="5-29-2026" component="IntuneManagementExtension" context="" type="1" thread="11" file="">
<![LOG[[ProxyPoller](GetTempPath) {"Message":"Found the TempPath from TMP envVarible : path is C:\\Windows\\TEMP","Colmetadata":"","Col1":"","Col2":"","Col3":"","Col4":"","Col5":"","Col6":""}]LOG]!><time="10:15:44.8053143" date="5-29-2026" component="IntuneManagementExtension" context="" type="1" thread="11" file="">
<![LOG[[Proxy Poller] saved the proxy info to registry.]LOG]!><time="10:15:44.8093930" date="5-29-2026" component="IntuneManagementExtension" context="" type="1" thread="11" file="">
<![LOG[[Proxy Poller] Processing session id 1 done for LP-9QWCNR2ELVMK_defaultuser0]LOG]!><time="10:15:44.8093930" date="5-29-2026" component="IntuneManagementExtension" context="" type="1" thread="11" file="">
<![LOG[[Proxy Poller] Proxy polling thread stopped.]LOG]!><time="10:15:44.8093930" date="5-29-2026" component="IntuneManagementExtension" context="" type="1" thread="11" file="">
<![LOG[[Win32AvailableAppAsync] Starting app check in]LOG]!><time="10:15:44.8134132" date="5-29-2026" component="IntuneManagementExtension" context="" type="1" thread="11" file="">
<![LOG[co-mgt features is not available, ex = System.Management.ManagementException, not fatal]LOG]!><time="10:15:44.8538687" date="5-29-2026" component="IntuneManagementExtension" context="" type="2" thread="11" file="">
<![LOG[Comgt app workload status False]LOG]!><time="10:15:44.8538687" date="5-29-2026" component="IntuneManagementExtension" context="" type="1" thread="11" file="">
<![LOG[[APv2] Checking if device is in APv2 mode.]LOG]!><time="10:15:44.8538687" date="5-29-2026" component="IntuneManagementExtension" context="" type="1" thread="11" file="">
<![LOG[[APv2] Found DevicePrepHintValue = 0.]LOG]!><time="10:15:44.8538687" date="5-29-2026" component="IntuneManagementExtension" context="" type="1" thread="11" file="">
<![LOG[[APv2] Device is in APv2 mode: False.]LOG]!><time="10:15:44.8538687" date="5-29-2026" component="IntuneManagementExtension" context="" type="1" thread="11" file="">
<![LOG[co-mgt features is not available, ex = System.Management.ManagementException, not fatal]LOG]!><time="10:15:44.8920052" date="5-29-2026" component="IntuneManagementExtension" context="" type="2" thread="11" file="">
<![LOG[Comgt app workload status False]LOG]!><time="10:15:44.8920052" date="5-29-2026" component="IntuneManagementExtension" context="" type="1" thread="11" file="">
<![LOG[System.Exception: GetAADJoinInfo - Failed to get Azure AD Join information using NetGetAadJoinInformation.  hr:1
   at Microsoft.Management.Services.IntuneWindowsAgent.AgentCommon.AADJoinHelper.GetAADJoinInfo()]LOG]!><time="10:15:44.9003980" date="5-29-2026" component="IntuneManagementExtension" context="" type="2" thread="11" file="">
<![LOG[Failed to check if device is WPJ, ex is System.Exception: GetAADJoinInfo - Failed to get Azure AD Join information using NetGetAadJoinInformation.  hr:1
   at Microsoft.Management.Services.IntuneWindowsAgent.AgentCommon.AADJoinHelper.GetAADJoinInfo()
   at Microsoft.Management.Services.IntuneWindowsAgent.AgentCommon.AADJoinHelper.IsDeviceWPJ()]LOG]!><time="10:15:44.9003980" date="5-29-2026" component="IntuneManagementExtension" context="" type="2" thread="11" file="">
<![LOG[starting impersonation, session id = 1]LOG]!><time="10:15:45.1235186" date="5-29-2026" component="IntuneManagementExtension" context="" type="1" thread="11" file="">
<![LOG[After impersonation: LP-9QWCNR2ELVMK\defaultuser0]LOG]!><time="10:15:45.1255212" date="5-29-2026" component="IntuneManagementExtension" context="" type="1" thread="11" file="">
<![LOG[[TokenManager::GetTokenForNewRequestUsingDeviceCheckInAppId]]LOG]!><time="10:15:45.1255212" date="5-29-2026" component="IntuneManagementExtension" context="" type="1" thread="11" file="">
<![LOG[provider id = https://login.microsoft.com, authority = organizations]LOG]!><time="10:15:45.1315283" date="5-29-2026" component="IntuneManagementExtension" context="" type="1" thread="22" file="">
<![LOG[get provider, provider name = Work or school account]LOG]!><time="10:15:45.1315283" date="5-29-2026" component="IntuneManagementExtension" context="" type="1" thread="22" file="">
<![LOG[Failed to get AAD token. len = 34 using client id fc0f3af4-6835-4174-b806-f7db311fd2f3 and resource id 26a4ae64-5862-427f-a9b0-044e62572a4f, errorCode = 3399548929]LOG]!><time="10:15:45.1452921" date="5-29-2026" component="IntuneManagementExtension" context="" type="1" thread="22" file="">
<![LOG[Need user interaction to continue.]LOG]!><time="10:15:45.1472948" date="5-29-2026" component="IntuneManagementExtension" context="" type="1" thread="22" file="">
<![LOG[AAD User check is failed, exception is Intune Management Extension Error.
Exception: Microsoft.Management.Services.IntuneWindowsAgent.AgentCommon.TokenAquireException: Attempt to get token, but failed.
   at Microsoft.Management.Services.IntuneWindowsAgent.AgentCommon.IntuneTokenManager.<GetTokenInternalAsync>d__44.MoveNext()
--- End of stack trace from previous location where exception was thrown ---
   at System.Runtime.CompilerServices.TaskAwaiter.ThrowForNonSuccess(Task task)
   at System.Runtime.CompilerServices.TaskAwaiter.HandleNonSuccessAndDebuggerNotification(Task task)
   at Microsoft.Management.Services.IntuneWindowsAgent.AgentCommon.IntuneTokenManager.<GetTokenForNewRequestUsingDeviceCheckInAppId>d__43.MoveNext()
--- End of stack trace from previous location where exception was thrown ---
   at System.Runtime.CompilerServices.TaskAwaiter.ThrowForNonSuccess(Task task)
   at System.Runtime.CompilerServices.TaskAwaiter.HandleNonSuccessAndDebuggerNotification(Task task)
   at Microsoft.Management.Services.IntuneWindowsAgent.AgentCommon.DiscoveryService.<<IsAADUserInternal>b__19_0>d.MoveNext()
--- End of stack trace from previous location where exception was thrown ---
   at System.Runtime.CompilerServices.TaskAwaiter.ThrowForNonSuccess(Task task)
   at System.Runtime.CompilerServices.TaskAwaiter.HandleNonSuccessAndDebuggerNotification(Task task)
   at System.Runtime.CompilerServices.TaskAwaiter.GetResult()
   at Microsoft.Management.Services.IntuneWindowsAgent.AgentCommon.ImpersonateHelper.<DoActionWithImpersonation>d__4.MoveNext()
--- End of stack trace from previous location where exception was thrown ---
   at System.Runtime.CompilerServices.TaskAwaiter.ThrowForNonSuccess(Task task)
   at System.Runtime.CompilerServices.TaskAwaiter.HandleNonSuccessAndDebuggerNotification(Task task)
   at Microsoft.Management.Services.IntuneWindowsAgent.AgentCommon.DiscoveryService.<IsAADUserInternal>d__19.MoveNext(), session is 1]LOG]!><time="10:15:45.1472948" date="5-29-2026" component="IntuneManagementExtension" context="" type="1" thread="22" file="">
<![LOG[AAD User check using device check in app is failed, now fallback to the Graph audience. ex = Intune Management Extension Error.
Exception: Microsoft.Management.Services.IntuneWindowsAgent.AgentCommon.TokenAquireException: Attempt to get token, but failed.
   at Microsoft.Management.Services.IntuneWindowsAgent.AgentCommon.DiscoveryService.<IsAADUserInternal>d__19.MoveNext()
--- End of stack trace from previous location where exception was thrown ---
   at System.Runtime.CompilerServices.TaskAwaiter.ThrowForNonSuccess(Task task)
   at System.Runtime.CompilerServices.TaskAwaiter.HandleNonSuccessAndDebuggerNotification(Task task)
   at Microsoft.Management.Services.IntuneWindowsAgent.AgentCommon.DiscoveryService.<IsAADUser>d__17.MoveNext()]LOG]!><time="10:15:45.1492978" date="5-29-2026" component="IntuneManagementExtension" context="" type="3" thread="22" file="">
<![LOG[starting impersonation, session id = 1]LOG]!><time="10:15:45.1492978" date="5-29-2026" component="IntuneManagementExtension" context="" type="1" thread="22" file="">
<![LOG[After impersonation: LP-9QWCNR2ELVMK\defaultuser0]LOG]!><time="10:15:45.1513006" date="5-29-2026" component="IntuneManagementExtension" context="" type="1" thread="22" file="">
<![LOG[[TokenManager::GetTokenForNewRequestAsync]]LOG]!><time="10:15:45.1513006" date="5-29-2026" component="IntuneManagementExtension" context="" type="1" thread="22" file="">
<![LOG[provider id = https://login.microsoft.com, authority = organizations]LOG]!><time="10:15:45.1553121" date="5-29-2026" component="IntuneManagementExtension" context="" type="1" thread="22" file="">
<![LOG[get provider, provider name = Work or school account]LOG]!><time="10:15:45.1553121" date="5-29-2026" component="IntuneManagementExtension" context="" type="1" thread="22" file="">
<![LOG[Failed to get AAD token. len = 34 using client id fc0f3af4-6835-4174-b806-f7db311fd2f3 and resource id 00000003-0000-0000-c000-000000000000, errorCode = 3399548929]LOG]!><time="10:15:45.1714045" date="5-29-2026" component="IntuneManagementExtension" context="" type="1" thread="22" file="">
<![LOG[Need user interaction to continue.]LOG]!><time="10:15:45.1714045" date="5-29-2026" component="IntuneManagementExtension" context="" type="1" thread="22" file="">
<![LOG[AAD User check is failed, exception is Intune Management Extension Error.
Exception: Microsoft.Management.Services.IntuneWindowsAgent.AgentCommon.TokenAquireException: Attempt to get token, but failed.
   at Microsoft.Management.Services.IntuneWindowsAgent.AgentCommon.IntuneTokenManager.<GetTokenInternalAsync>d__44.MoveNext()
--- End of stack trace from previous location where exception was thrown ---
   at System.Runtime.CompilerServices.TaskAwaiter.ThrowForNonSuccess(Task task)
   at System.Runtime.CompilerServices.TaskAwaiter.HandleNonSuccessAndDebuggerNotification(Task task)
   at Microsoft.Management.Services.IntuneWindowsAgent.AgentCommon.IntuneTokenManager.<GetTokenForNewRequestAsync>d__42.MoveNext()
--- End of stack trace from previous location where exception was thrown ---
   at System.Runtime.CompilerServices.TaskAwaiter.ThrowForNonSuccess(Task task)
   at System.Runtime.CompilerServices.TaskAwaiter.HandleNonSuccessAndDebuggerNotification(Task task)
   at Microsoft.Management.Services.IntuneWindowsAgent.AgentCommon.DiscoveryService.<<IsAADUserInternal>b__19_1>d.MoveNext()
--- End of stack trace from previous location where exception was thrown ---
   at System.Runtime.CompilerServices.TaskAwaiter.ThrowForNonSuccess(Task task)
   at System.Runtime.CompilerServices.TaskAwaiter.HandleNonSuccessAndDebuggerNotification(Task task)
   at System.Runtime.CompilerServices.TaskAwaiter.GetResult()
   at Microsoft.Management.Services.IntuneWindowsAgent.AgentCommon.ImpersonateHelper.<DoActionWithImpersonation>d__4.MoveNext()
--- End of stack trace from previous location where exception was thrown ---
   at System.Runtime.CompilerServices.TaskAwaiter.ThrowForNonSuccess(Task task)
   at System.Runtime.CompilerServices.TaskAwaiter.HandleNonSuccessAndDebuggerNotification(Task task)
   at Microsoft.Management.Services.IntuneWindowsAgent.AgentCommon.DiscoveryService.<IsAADUserInternal>d__19.MoveNext(), session is 1]LOG]!><time="10:15:45.1714045" date="5-29-2026" component="IntuneManagementExtension" context="" type="1" thread="22" file="">
<![LOG[Checking throttle setting]LOG]!><time="10:15:45.1754188" date="5-29-2026" component="IntuneManagementExtension" context="" type="1" thread="11" file="">
<![LOG[Successfully updated throttling info. workload AgentCheckIn, currentCnt = 3]LOG]!><time="10:15:45.1754188" date="5-29-2026" component="IntuneManagementExtension" context="" type="1" thread="11" file="">
<![LOG[Finish throttle checking.]LOG]!><time="10:15:45.1794394" date="5-29-2026" component="IntuneManagementExtension" context="" type="1" thread="11" file="">
<![LOG[[Win32AvailableAppAsync] End app check in]LOG]!><time="10:15:45.2595030" date="5-29-2026" component="IntuneManagementExtension" context="" type="1" thread="11" file="">
<![LOG[Successfully restrict service permissions.]LOG]!><time="10:15:45.2779764" date="5-29-2026" component="IntuneManagementExtension" context="" type="1" thread="11" file="">
<![LOG[Found 1 MDM certificates from Local Computer Store.]LOG]!><time="10:15:45.2779764" date="5-29-2026" component="IntuneManagementExtension" context="" type="1" thread="11" file="">
<![LOG[Found 1 MDM certificates from Local Computer Store.]LOG]!><time="10:15:45.2820283" date="5-29-2026" component="IntuneManagementExtension" context="" type="1" thread="11" file="">
<![LOG[Found 1 MDM certificates from Local Computer Store.]LOG]!><time="10:15:45.2828342" date="5-29-2026" component="IntuneManagementExtension" context="" type="1" thread="11" file="">
<![LOG[Found 1 MDM certificates from Local Computer Store.]LOG]!><time="10:15:45.2828342" date="5-29-2026" component="IntuneManagementExtension" context="" type="1" thread="11" file="">
<![LOG[Found 1 MDM certificates from Local Computer Store.]LOG]!><time="10:15:45.2860365" date="5-29-2026" component="IntuneManagementExtension" context="" type="1" thread="11" file="">
<![LOG[Found 1 MDM certificates from Local Computer Store.]LOG]!><time="10:15:45.2860365" date="5-29-2026" component="IntuneManagementExtension" context="" type="1" thread="11" file="">
<![LOG[Found 1 MDM certificates from Local Computer Store.]LOG]!><time="10:15:45.2860365" date="5-29-2026" component="IntuneManagementExtension" context="" type="1" thread="11" file="">
<![LOG[Found 1 MDM certificates from Local Computer Store.]LOG]!><time="10:15:45.2900423" date="5-29-2026" component="IntuneManagementExtension" context="" type="1" thread="11" file="">
<![LOG[Found 1 MDM certificates from Local Computer Store.]LOG]!><time="10:15:45.2900423" date="5-29-2026" component="IntuneManagementExtension" context="" type="1" thread="11" file="">
<![LOG[Found 1 MDM certificates from Local Computer Store.]LOG]!><time="10:15:45.2942576" date="5-29-2026" component="IntuneManagementExtension" context="" type="1" thread="11" file="">
<![LOG[Found 1 MDM certificates from Local Computer Store.]LOG]!><time="10:15:45.2942576" date="5-29-2026" component="IntuneManagementExtension" context="" type="1" thread="11" file="">
<![LOG[Found 1 MDM certificates from Local Computer Store.]LOG]!><time="10:15:45.3005333" date="5-29-2026" component="IntuneManagementExtension" context="" type="1" thread="11" file="">
<![LOG[Found 1 MDM certificates from Local Computer Store.]LOG]!><time="10:15:45.3025433" date="5-29-2026" component="IntuneManagementExtension" context="" type="1" thread="11" file="">
<![LOG[Found 1 MDM certificates from Local Computer Store.]LOG]!><time="10:15:45.3025433" date="5-29-2026" component="IntuneManagementExtension" context="" type="1" thread="11" file="">
<![LOG[Found 1 MDM certificates from Local Computer Store.]LOG]!><time="10:15:45.3025433" date="5-29-2026" component="IntuneManagementExtension" context="" type="1" thread="11" file="">
<![LOG[Found 1 MDM certificates from Local Computer Store.]LOG]!><time="10:15:45.3066882" date="5-29-2026" component="IntuneManagementExtension" context="" type="1" thread="11" file="">
<![LOG[Found 1 MDM certificates from Local Computer Store.]LOG]!><time="10:15:45.3066882" date="5-29-2026" component="IntuneManagementExtension" context="" type="1" thread="11" file="">
<![LOG[Found 1 MDM certificates from Local Computer Store.]LOG]!><time="10:15:45.3066882" date="5-29-2026" component="IntuneManagementExtension" context="" type="1" thread="11" file="">
<![LOG[Found 1 MDM certificates from Local Computer Store.]LOG]!><time="10:15:45.3110318" date="5-29-2026" component="IntuneManagementExtension" context="" type="1" thread="11" file="">
<![LOG[Found 1 MDM certificates from Local Computer Store.]LOG]!><time="10:15:45.3110318" date="5-29-2026" component="IntuneManagementExtension" context="" type="1" thread="11" file="">
<![LOG[Found 1 MDM certificates from Local Computer Store.]LOG]!><time="10:15:45.3110318" date="5-29-2026" component="IntuneManagementExtension" context="" type="1" thread="11" file="">
<![LOG[Found 1 MDM certificates from Local Computer Store.]LOG]!><time="10:15:45.3154623" date="5-29-2026" component="IntuneManagementExtension" context="" type="1" thread="11" file="">
<![LOG[Checking throttle setting]LOG]!><time="10:15:45.3154623" date="5-29-2026" component="IntuneManagementExtension" context="" type="1" thread="11" file="">
<![LOG[Successfully updated throttling info. workload AgentCheckIn, currentCnt = 4]LOG]!><time="10:15:45.3154623" date="5-29-2026" component="IntuneManagementExtension" context="" type="1" thread="11" file="">
<![LOG[Finish throttle checking.]LOG]!><time="10:15:45.3154623" date="5-29-2026" component="IntuneManagementExtension" context="" type="1" thread="11" file="">
<![LOG[Get 1 active user sessions]LOG]!><time="10:15:45.3276638" date="5-29-2026" component="IntuneManagementExtension" context="" type="1" thread="11" file="">
<![LOG[starting impersonation, session id = 1]LOG]!><time="10:15:45.3317060" date="5-29-2026" component="IntuneManagementExtension" context="" type="1" thread="11" file="">
<![LOG[After impersonation: LP-9QWCNR2ELVMK\defaultuser0]LOG]!><time="10:15:45.3317060" date="5-29-2026" component="IntuneManagementExtension" context="" type="1" thread="11" file="">
<![LOG[[TokenManager::GetTokenForNewRequestUsingDeviceCheckInAppId]]LOG]!><time="10:15:45.3317060" date="5-29-2026" component="IntuneManagementExtension" context="" type="1" thread="11" file="">
<![LOG[provider id = https://login.microsoft.com, authority = organizations]LOG]!><time="10:15:45.3399384" date="5-29-2026" component="IntuneManagementExtension" context="" type="1" thread="22" file="">
<![LOG[get provider, provider name = Work or school account]LOG]!><time="10:15:45.3399384" date="5-29-2026" component="IntuneManagementExtension" context="" type="1" thread="22" file="">
<![LOG[Failed to get AAD token. len = 34 using client id fc0f3af4-6835-4174-b806-f7db311fd2f3 and resource id 26a4ae64-5862-427f-a9b0-044e62572a4f, errorCode = 3399548929]LOG]!><time="10:15:45.3565010" date="5-29-2026" component="IntuneManagementExtension" context="" type="1" thread="22" file="">
<![LOG[Need user interaction to continue.]LOG]!><time="10:15:45.3565010" date="5-29-2026" component="IntuneManagementExtension" context="" type="1" thread="22" file="">
<![LOG[AAD User check is failed, exception is Intune Management Extension Error.
Exception: Microsoft.Management.Services.IntuneWindowsAgent.AgentCommon.TokenAquireException: Attempt to get token, but failed.
   at Microsoft.Management.Services.IntuneWindowsAgent.AgentCommon.IntuneTokenManager.<GetTokenInternalAsync>d__44.MoveNext()
--- End of stack trace from previous location where exception was thrown ---
   at System.Runtime.CompilerServices.TaskAwaiter.ThrowForNonSuccess(Task task)
   at System.Runtime.CompilerServices.TaskAwaiter.HandleNonSuccessAndDebuggerNotification(Task task)
   at Microsoft.Management.Services.IntuneWindowsAgent.AgentCommon.IntuneTokenManager.<GetTokenForNewRequestUsingDeviceCheckInAppId>d__43.MoveNext()
--- End of stack trace from previous location where exception was thrown ---
   at System.Runtime.CompilerServices.TaskAwaiter.ThrowForNonSuccess(Task task)
   at System.Runtime.CompilerServices.TaskAwaiter.HandleNonSuccessAndDebuggerNotification(Task task)
   at Microsoft.Management.Services.IntuneWindowsAgent.AgentCommon.DiscoveryService.<<IsAADUserInternal>b__19_0>d.MoveNext()
--- End of stack trace from previous location where exception was thrown ---
   at System.Runtime.CompilerServices.TaskAwaiter.ThrowForNonSuccess(Task task)
   at System.Runtime.CompilerServices.TaskAwaiter.HandleNonSuccessAndDebuggerNotification(Task task)
   at System.Runtime.CompilerServices.TaskAwaiter.GetResult()
   at Microsoft.Management.Services.IntuneWindowsAgent.AgentCommon.ImpersonateHelper.<DoActionWithImpersonation>d__4.MoveNext()
--- End of stack trace from previous location where exception was thrown ---
   at System.Runtime.CompilerServices.TaskAwaiter.ThrowForNonSuccess(Task task)
   at System.Runtime.CompilerServices.TaskAwaiter.HandleNonSuccessAndDebuggerNotification(Task task)
   at Microsoft.Management.Services.IntuneWindowsAgent.AgentCommon.DiscoveryService.<IsAADUserInternal>d__19.MoveNext(), session is 1]LOG]!><time="10:15:45.3565010" date="5-29-2026" component="IntuneManagementExtension" context="" type="1" thread="22" file="">
<![LOG[AAD User check using device check in app is failed, now fallback to the Graph audience. ex = Intune Management Extension Error.
Exception: Microsoft.Management.Services.IntuneWindowsAgent.AgentCommon.TokenAquireException: Attempt to get token, but failed.
   at Microsoft.Management.Services.IntuneWindowsAgent.AgentCommon.DiscoveryService.<IsAADUserInternal>d__19.MoveNext()
--- End of stack trace from previous location where exception was thrown ---
   at System.Runtime.CompilerServices.TaskAwaiter.ThrowForNonSuccess(Task task)
   at System.Runtime.CompilerServices.TaskAwaiter.HandleNonSuccessAndDebuggerNotification(Task task)
   at Microsoft.Management.Services.IntuneWindowsAgent.AgentCommon.DiscoveryService.<IsAADUser>d__17.MoveNext()]LOG]!><time="10:15:45.3565010" date="5-29-2026" component="IntuneManagementExtension" context="" type="3" thread="22" file="">
<![LOG[starting impersonation, session id = 1]LOG]!><time="10:15:45.3565010" date="5-29-2026" component="IntuneManagementExtension" context="" type="1" thread="22" file="">
<![LOG[After impersonation: LP-9QWCNR2ELVMK\defaultuser0]LOG]!><time="10:15:45.3607452" date="5-29-2026" component="IntuneManagementExtension" context="" type="1" thread="22" file="">
<![LOG[[TokenManager::GetTokenForNewRequestAsync]]LOG]!><time="10:15:45.3607452" date="5-29-2026" component="IntuneManagementExtension" context="" type="1" thread="22" file="">
<![LOG[provider id = https://login.microsoft.com, authority = organizations]LOG]!><time="10:15:45.3648429" date="5-29-2026" component="IntuneManagementExtension" context="" type="1" thread="22" file="">
<![LOG[get provider, provider name = Work or school account]LOG]!><time="10:15:45.3648429" date="5-29-2026" component="IntuneManagementExtension" context="" type="1" thread="22" file="">
<![LOG[Failed to get AAD token. len = 34 using client id fc0f3af4-6835-4174-b806-f7db311fd2f3 and resource id 00000003-0000-0000-c000-000000000000, errorCode = 3399548929]LOG]!><time="10:15:45.3832098" date="5-29-2026" component="IntuneManagementExtension" context="" type="1" thread="22" file="">
<![LOG[Need user interaction to continue.]LOG]!><time="10:15:45.3832098" date="5-29-2026" component="IntuneManagementExtension" context="" type="1" thread="22" file="">
<![LOG[AAD User check is failed, exception is Intune Management Extension Error.
Exception: Microsoft.Management.Services.IntuneWindowsAgent.AgentCommon.TokenAquireException: Attempt to get token, but failed.
   at Microsoft.Management.Services.IntuneWindowsAgent.AgentCommon.IntuneTokenManager.<GetTokenInternalAsync>d__44.MoveNext()
--- End of stack trace from previous location where exception was thrown ---
   at System.Runtime.CompilerServices.TaskAwaiter.ThrowForNonSuccess(Task task)
   at System.Runtime.CompilerServices.TaskAwaiter.HandleNonSuccessAndDebuggerNotification(Task task)
   at Microsoft.Management.Services.IntuneWindowsAgent.AgentCommon.IntuneTokenManager.<GetTokenForNewRequestAsync>d__42.MoveNext()
--- End of stack trace from previous location where exception was thrown ---
   at System.Runtime.CompilerServices.TaskAwaiter.ThrowForNonSuccess(Task task)
   at System.Runtime.CompilerServices.TaskAwaiter.HandleNonSuccessAndDebuggerNotification(Task task)
   at Microsoft.Management.Services.IntuneWindowsAgent.AgentCommon.DiscoveryService.<<IsAADUserInternal>b__19_1>d.MoveNext()
--- End of stack trace from previous location where exception was thrown ---
   at System.Runtime.CompilerServices.TaskAwaiter.ThrowForNonSuccess(Task task)
   at System.Runtime.CompilerServices.TaskAwaiter.HandleNonSuccessAndDebuggerNotification(Task task)
   at System.Runtime.CompilerServices.TaskAwaiter.GetResult()
   at Microsoft.Management.Services.IntuneWindowsAgent.AgentCommon.ImpersonateHelper.<DoActionWithImpersonation>d__4.MoveNext()
--- End of stack trace from previous location where exception was thrown ---
   at System.Runtime.CompilerServices.TaskAwaiter.ThrowForNonSuccess(Task task)
   at System.Runtime.CompilerServices.TaskAwaiter.HandleNonSuccessAndDebuggerNotification(Task task)
   at Microsoft.Management.Services.IntuneWindowsAgent.AgentCommon.DiscoveryService.<IsAADUserInternal>d__19.MoveNext(), session is 1]LOG]!><time="10:15:45.3852121" date="5-29-2026" component="IntuneManagementExtension" context="" type="1" thread="22" file="">
<![LOG[Total valid AAD User session count is 0]LOG]!><time="10:15:45.3852121" date="5-29-2026" component="IntuneManagementExtension" context="" type="1" thread="11" file="">
<![LOG[[OnStart](OnStart) {"Message":"Agent StartWork Ends","Colmetadata":"DeviceId;AccountId;ScaleUnit;Exception;","Col1":"4006f577-5328-4139-9ed3-27b9fc6b018f","Col2":"5f09d589-ad94-4886-bc14-bcafeea7dc2c","Col3":"amsua0202","Col4":"","Col5":"","Col6":""}]LOG]!><time="10:15:45.3869548" date="5-29-2026" component="IntuneManagementExtension" context="" type="1" thread="11" file="">
<![LOG[Session change detected. IsAgentInitialized=True]LOG]!><time="10:16:02.5574741" date="5-29-2026" component="IntuneManagementExtension" context="" type="2" thread="11" file="">
<![LOG[[OnSessionChange](OnSessionChange) {"Message":"Session change detected. IsAgentInitialized=True","Colmetadata":"DeviceId;AccountId;ScaleUnit;Exception;","Col1":"4006f577-5328-4139-9ed3-27b9fc6b018f","Col2":"5f09d589-ad94-4886-bc14-bcafeea7dc2c","Col3":"amsua0202","Col4":"","Col5":"","Col6":""}]LOG]!><time="10:16:02.5574741" date="5-29-2026" component="IntuneManagementExtension" context="" type="1" thread="11" file="">
<![LOG[OnSessionChange Logoff]LOG]!><time="10:16:02.5574741" date="5-29-2026" component="IntuneManagementExtension" context="" type="2" thread="11" file="">
<![LOG[EMS Agent received shutdown signal]LOG]!><time="10:16:20.1299161" date="5-29-2026" component="IntuneManagementExtension" context="" type="1" thread="11" file="">
<![LOG[[StatusService] Closing Status Service host.]LOG]!><time="10:16:20.1299161" date="5-29-2026" component="IntuneManagementExtension" context="" type="1" thread="11" file="">
<![LOG[[StatusService] Service host stopped.]LOG]!><time="10:16:20.1925731" date="5-29-2026" component="IntuneManagementExtension" context="" type="1" thread="11" file="">
<![LOG[[NotificationManagerService] Notification Infra Manager disposed successfully]LOG]!><time="10:16:20.1925731" date="5-29-2026" component="IntuneManagementExtension" context="" type="1" thread="11" file="">
<![LOG[Stop and dispose registry watcher.]LOG]!><time="10:16:20.1925731" date="5-29-2026" component="IntuneManagementExtension" context="" type="1" thread="11" file="">
<![LOG[2026-05-29 10:16:20 AM | thread[11] | [BackgroundTasksExecutor.Dispose] Token cancelled.]LOG]!><time="10:16:20.2040508" date="5-29-2026" component="IntuneManagementExtension" context="" type="1" thread="11" file="">
<![LOG[[OnStop](Agent stopped) {"Message":"Agent stopped at PerformAgentShutdown","Colmetadata":"DeviceId;AccountId;ScaleUnit;Exception;","Col1":"4006f577-5328-4139-9ed3-27b9fc6b018f","Col2":"5f09d589-ad94-4886-bc14-bcafeea7dc2c","Col3":"amsua0202","Col4":"","Col5":"","Col6":""}]LOG]!><time="10:16:20.2040508" date="5-29-2026" component="IntuneManagementExtension" context="" type="1" thread="11" file="">
<![LOG[2026-05-29 10:16:20 AM | thread[21] | [SerialJobScheduler.StartAsync] Task cancelled exception.]LOG]!><time="10:16:20.2040508" date="5-29-2026" component="IntuneManagementExtension" context="" type="1" thread="21" file="">
<![LOG[2026-05-29 10:16:20 AM | thread[21] | [SerialJobScheduler.StartAsync] StartAsync finished.]LOG]!><time="10:16:20.2040508" date="5-29-2026" component="IntuneManagementExtension" context="" type="1" thread="21" file="">
<![LOG[2026-05-29 10:16:20 AM | thread[21] | [BackgroundTasksExecutor.StartAsync] Finishing background tasks.]LOG]!><time="10:16:20.2040508" date="5-29-2026" component="IntuneManagementExtension" context="" type="1" thread="21" file="">
<![LOG[Flushing IME registry key.]LOG]!><time="10:16:20.2040508" date="5-29-2026" component="IntuneManagementExtension" context="" type="1" thread="11" file="">
<![LOG[EMS Agent Stopped]LOG]!><time="10:16:20.2040508" date="5-29-2026" component="IntuneManagementExtension" context="" type="1" thread="11" file="">
<![LOG[RDU cleanup timer configured (disabled initially)...]LOG]!><time="10:19:13.4829722" date="5-29-2026" component="IntuneManagementExtension" context="" type="1" thread="1" file="">
<![LOG[[WindowsRemoteHelpUnattended] Retrieved 0 helpers from registry]LOG]!><time="10:19:13.4872615" date="5-29-2026" component="IntuneManagementExtension" context="" type="1" thread="1" file="">
<![LOG[[WindowsRemoteHelpUnattended] Retrieved all helpers from registry]LOG]!><time="10:19:13.4872615" date="5-29-2026" component="IntuneManagementExtension" context="" type="1" thread="1" file="">
<![LOG[EMS Agent Started]LOG]!><time="10:19:13.5619925" date="5-29-2026" component="IntuneManagementExtension" context="" type="1" thread="4" file="">
<![LOG[Found the registry key.]LOG]!><time="10:19:13.5619925" date="5-29-2026" component="IntuneManagementExtension" context="" type="1" thread="4" file="">
<![LOG[RecycleScripts = True]LOG]!><time="10:19:13.5674719" date="5-29-2026" component="IntuneManagementExtension" context="" type="1" thread="4" file="">
<![LOG[EnableRotateBitLockerKeys = False]LOG]!><time="10:19:13.5674719" date="5-29-2026" component="IntuneManagementExtension" context="" type="1" thread="4" file="">
<![LOG[MaxTotalKeysAllowedToDelete = 8]LOG]!><time="10:19:13.5674719" date="5-29-2026" component="IntuneManagementExtension" context="" type="1" thread="4" file="">
<![LOG[EnableDeviceAction = True]LOG]!><time="10:19:13.5674719" date="5-29-2026" component="IntuneManagementExtension" context="" type="1" thread="4" file="">
<![LOG[Found 1 MDM certificates from Local Computer Store.]LOG]!><time="10:19:13.5829416" date="5-29-2026" component="IntuneManagementExtension" context="" type="1" thread="4" file="">
<![LOG[Found 1 MDM certificates from Local Computer Store.]LOG]!><time="10:19:13.5829416" date="5-29-2026" component="IntuneManagementExtension" context="" type="1" thread="4" file="">
<![LOG[Found 1 MDM certificates from Local Computer Store.]LOG]!><time="10:19:13.5870005" date="5-29-2026" component="IntuneManagementExtension" context="" type="1" thread="4" file="">
<![LOG[Found 1 MDM certificates from Local Computer Store.]LOG]!><time="10:19:13.5870005" date="5-29-2026" component="IntuneManagementExtension" context="" type="1" thread="4" file="">
<![LOG[Found 1 MDM certificates from Local Computer Store.]LOG]!><time="10:19:13.5870005" date="5-29-2026" component="IntuneManagementExtension" context="" type="1" thread="4" file="">
<![LOG[Found 1 MDM certificates from Local Computer Store.]LOG]!><time="10:19:13.5870005" date="5-29-2026" component="IntuneManagementExtension" context="" type="1" thread="4" file="">
<![LOG[Found 1 MDM certificates from Local Computer Store.]LOG]!><time="10:19:13.5870005" date="5-29-2026" component="IntuneManagementExtension" context="" type="1" thread="4" file="">
<![LOG[Found 1 MDM certificates from Local Computer Store.]LOG]!><time="10:19:13.5870005" date="5-29-2026" component="IntuneManagementExtension" context="" type="1" thread="4" file="">
<![LOG[[EMS] Working on C:\ProgramData\Microsoft\IntuneManagementExtension\Logs.]LOG]!><time="10:19:13.5870005" date="5-29-2026" component="IntuneManagementExtension" context="" type="1" thread="4" file="">
<![LOG[[EMS] Desired ACLs are already applied.]LOG]!><time="10:19:13.5994908" date="5-29-2026" component="IntuneManagementExtension" context="" type="1" thread="4" file="">
<![LOG[Found 1 MDM certificates from Local Computer Store.]LOG]!><time="10:19:13.5994908" date="5-29-2026" component="IntuneManagementExtension" context="" type="1" thread="4" file="">
<![LOG[Found 1 MDM certificates from Local Computer Store.]LOG]!><time="10:19:13.5994908" date="5-29-2026" component="IntuneManagementExtension" context="" type="1" thread="4" file="">
<![LOG[OnStart, public cloud env.]LOG]!><time="10:19:13.5994908" date="5-29-2026" component="IntuneManagementExtension" context="" type="1" thread="4" file="">
<![LOG[Found 1 MDM certificates from Local Computer Store.]LOG]!><time="10:19:13.6036952" date="5-29-2026" component="IntuneManagementExtension" context="" type="1" thread="4" file="">
<![LOG[Starting ECS flighting client initialization]LOG]!><time="10:19:13.6077622" date="5-29-2026" component="IntuneManagementExtension" context="" type="1" thread="4" file="">
<![LOG[2026-05-29 10:19:13 AM | thread[4] | [Flighting] ASU parameter is null or empty, using empty value]LOG]!><time="10:19:13.6201518" date="5-29-2026" component="IntuneManagementExtension" context="" type="2" thread="4" file="">
<![LOG[[Flighting] Client initialized successfully for environment: PE]LOG]!><time="10:19:13.7059938" date="5-29-2026" component="IntuneManagementExtension" context="" type="1" thread="4" file="">
<![LOG[Agent version is: 1.101.111.0]LOG]!><time="10:19:13.7059938" date="5-29-2026" component="IntuneManagementExtension" context="" type="1" thread="4" file="">
<![LOG[Populating AccountId and DeviceId globally. Account ID is : 5f09d589-ad94-4886-bc14-bcafeea7dc2c Device Id is : 4006f577-5328-4139-9ed3-27b9fc6b018f]LOG]!><time="10:19:13.7059938" date="5-29-2026" component="IntuneManagementExtension" context="" type="1" thread="4" file="">
<![LOG[Found 1 MDM certificates from Local Computer Store.]LOG]!><time="10:19:13.7100810" date="5-29-2026" component="IntuneManagementExtension" context="" type="1" thread="4" file="">
<![LOG[[Location Service] Service URL is not available or expired, retrieving with LocationService ServiceAddresses Controller]LOG]!><time="10:19:13.7100810" date="5-29-2026" component="IntuneManagementExtension" context="" type="1" thread="4" file="">
<![LOG[RegistryKeyExistsFullPath opening subPath SOFTWARE\Microsoft\Provisioning\OMADM\Accounts...]LOG]!><time="10:19:13.7142684" date="5-29-2026" component="IntuneManagementExtension" context="" type="1" thread="4" file="">
<![LOG[[Discovery Service] Got gateway addr: https://r.manage.microsoft.com/devicegatewayproxy/cimhandler.ashx]LOG]!><time="10:19:13.7184006" date="5-29-2026" component="IntuneManagementExtension" context="" type="1" thread="4" file="">
<![LOG[[Location Service] Calling LocationService ServiceAddresses Controller with https://manage.microsoft.com/RestUserAuthLocationService/RestUserAuthLocationService/Certificate/ServiceAddresses with True]LOG]!><time="10:19:13.7226029" date="5-29-2026" component="IntuneManagementExtension" context="" type="1" thread="4" file="">
<![LOG[[Location Service] SendWebRequest, client-request-id: 4006f577-5328-4139-9ed3-27b9fc6b018f, Method: GET]LOG]!><time="10:19:13.7680497" date="5-29-2026" component="IntuneManagementExtension" context="" type="1" thread="4" file="">
<![LOG[[Location Service] Success!! LocationService ServiceAddresses Controller with https://manage.microsoft.com/RestUserAuthLocationService/RestUserAuthLocationService/Certificate/ServiceAddresses with True, statusCode = OK]LOG]!><time="10:19:14.5197868" date="5-29-2026" component="IntuneManagementExtension" context="" type="1" thread="4" file="">
<![LOG[[Location Service] Got address for service: AriaService, url: https://self.events.data.microsoft.com/]LOG]!><time="10:19:14.6399672" date="5-29-2026" component="IntuneManagementExtension" context="" type="1" thread="4" file="">
<![LOG[[Location Service] Got address for service: CollectorService, url: https://us-mobile.events.data.microsoft.com/OneCollector/1.0/]LOG]!><time="10:19:14.6399672" date="5-29-2026" component="IntuneManagementExtension" context="" type="1" thread="4" file="">
<![LOG[[Location Service] Got address for service: SideCarGatewayService, url: https://agents.amsua0202.manage.microsoft.com/TrafficGateway/TrafficRoutingService/SideCar/StatelessSideCarGatewayService]LOG]!><time="10:19:14.6399672" date="5-29-2026" component="IntuneManagementExtension" context="" type="1" thread="4" file="">
<![LOG[[Location Service] Intune DownloadServiceUrl is https://agents.amsua0202.manage.microsoft.com/TrafficGateway/TrafficRoutingService/DownloadService]LOG]!><time="10:19:14.6482236" date="5-29-2026" component="IntuneManagementExtension" context="" type="1" thread="4" file="">
<![LOG[[ServiceGateway] Device ID: 4006f577-5328-4139-9ed3-27b9fc6b018f]LOG]!><time="10:19:14.6482236" date="5-29-2026" component="IntuneManagementExtension" context="" type="1" thread="4" file="">
<![LOG[The sideCar gateway url from OnStart is : https://agents.amsua0202.manage.microsoft.com/TrafficGateway/TrafficRoutingService/SideCar/StatelessSideCarGatewayService]LOG]!><time="10:19:14.6522544" date="5-29-2026" component="IntuneManagementExtension" context="" type="1" thread="4" file="">
<![LOG[Found 1 MDM certificates from Local Computer Store.]LOG]!><time="10:19:14.6522544" date="5-29-2026" component="IntuneManagementExtension" context="" type="1" thread="4" file="">
<![LOG[[Telemetry] Telemetry is enabled. Starting mananger...]LOG]!><time="10:19:14.6651574" date="5-29-2026" component="IntuneManagementExtension" context="" type="1" thread="4" file="">
<![LOG[Start watching registry SOFTWARE\MICROSOFT\IntuneWindowsAgent\Logging]LOG]!><time="10:19:14.6651574" date="5-29-2026" component="IntuneManagementExtension" context="" type="1" thread="4" file="">
<![LOG[[Flighting] Fetching flighting value for key EnableOneDSProxyFeature...]LOG]!><time="10:19:14.6861163" date="5-29-2026" component="IntuneManagementExtension" context="" type="1" thread="5" file="">
<![LOG[[Flighting] Cache expired. Refreshing cache...]LOG]!><time="10:19:14.6904153" date="5-29-2026" component="IntuneManagementExtension" context="" type="1" thread="5" file="">
<![LOG[[Flighting] Getting flighting information from https://ecs.office.com/config/v1/Intune/1.0.0.0]LOG]!><time="10:19:14.6948345" date="5-29-2026" component="IntuneManagementExtension" context="" type="1" thread="5" file="">
<![LOG[[OnStart](Agent Started) {"Message":"Agent Started in OnStart","Colmetadata":"DeviceId;AccountId;ScaleUnit;Exception;","Col1":"4006f577-5328-4139-9ed3-27b9fc6b018f","Col2":"5f09d589-ad94-4886-bc14-bcafeea7dc2c","Col3":"amsua0202","Col4":"","Col5":"","Col6":""}]LOG]!><time="10:19:14.7397935" date="5-29-2026" component="IntuneManagementExtension" context="" type="1" thread="4" file="">
<![LOG[[Policy] Current agent environment is: PE]LOG]!><time="10:19:14.7438098" date="5-29-2026" component="IntuneManagementExtension" context="" type="1" thread="4" file="">
<![LOG[[Policy] Current agent environment after override is: PE]LOG]!><time="10:19:14.7438098" date="5-29-2026" component="IntuneManagementExtension" context="" type="1" thread="4" file="">
<![LOG[[Policy] FlightingV2 SkipV2ChainValidation = False, existing value = False]LOG]!><time="10:19:14.8109119" date="5-29-2026" component="IntuneManagementExtension" context="" type="1" thread="4" file="">
<![LOG[[Flighting] Fetching flighting value for key DisableV2ChainValidation...]LOG]!><time="10:19:14.8109119" date="5-29-2026" component="IntuneManagementExtension" context="" type="1" thread="12" file="">
<![LOG[[Flighting] Cache expired. Refreshing cache...]LOG]!><time="10:19:14.8109119" date="5-29-2026" component="IntuneManagementExtension" context="" type="1" thread="12" file="">
<![LOG[[Flighting] Getting flighting information from https://ecs.office.com/config/v1/Intune/1.0.0.0]LOG]!><time="10:19:14.8109119" date="5-29-2026" component="IntuneManagementExtension" context="" type="1" thread="12" file="">
<![LOG[[Registry ACL Protection] Root registry key ACL is updated. key=Software\Microsoft\IntuneManagementExtension.]LOG]!><time="10:19:14.8169184" date="5-29-2026" component="IntuneManagementExtension" context="" type="1" thread="4" file="">
<![LOG[[Policy] check in interval from cache is : 3600 seconds]LOG]!><time="10:19:14.8169184" date="5-29-2026" component="IntuneManagementExtension" context="" type="1" thread="4" file="">
<![LOG[[PowerShell] Check flighting to CallSelectedOnTimer for OnStart.]LOG]!><time="10:19:14.8189208" date="5-29-2026" component="IntuneManagementExtension" context="" type="2" thread="4" file="">
<![LOG[[PowerShell] Script Default Timer is set to 24 hour]LOG]!><time="10:19:14.8189208" date="5-29-2026" component="IntuneManagementExtension" context="" type="1" thread="4" file="">
<![LOG[Detect whether the managed installer is enabled.]LOG]!><time="10:19:14.8209242" date="5-29-2026" component="IntuneManagementExtension" context="" type="1" thread="4" file="">
<![LOG[[Flighting] Fetching flighting value for key CommonSchemaEventsProcessing...]LOG]!><time="10:19:14.8229275" date="5-29-2026" component="IntuneManagementExtension" context="" type="1" thread="10" file="">
<![LOG[[Flighting] Cache expired. Refreshing cache...]LOG]!><time="10:19:14.8229275" date="5-29-2026" component="IntuneManagementExtension" context="" type="1" thread="10" file="">
<![LOG[[Flighting] Getting flighting information from https://ecs.office.com/config/v1/Intune/1.0.0.0]LOG]!><time="10:19:14.8229275" date="5-29-2026" component="IntuneManagementExtension" context="" type="1" thread="10" file="">
<![LOG[starting task]LOG]!><time="10:19:14.8961914" date="5-29-2026" component="IntuneManagementExtension" context="" type="1" thread="4" file="">
<![LOG[Win32AppTimer interval is : 3600000 ms]LOG]!><time="10:19:14.8961914" date="5-29-2026" component="IntuneManagementExtension" context="" type="1" thread="4" file="">
<![LOG[Starting Win32AppOnTimer task...]LOG]!><time="10:19:14.9324814" date="5-29-2026" component="IntuneManagementExtension" context="" type="1" thread="4" file="">
<![LOG[[EmsAgentService:RequiredAppTask] Device is either not in 'Win 10 S Mode' or not a '19H2 (Win 10 S supported) or later' build.]LOG]!><time="10:19:14.9324814" date="5-29-2026" component="IntuneManagementExtension" context="" type="1" thread="4" file="">
<![LOG[set timer, delayed seconds = 95 for workload Win32RequiredApp]LOG]!><time="10:19:14.9344860" date="5-29-2026" component="IntuneManagementExtension" context="" type="1" thread="4" file="">
<![LOG[Starting Available app timer task...]LOG]!><time="10:19:14.9364905" date="5-29-2026" component="IntuneManagementExtension" context="" type="1" thread="4" file="">
<![LOG[[EmsAgentService:AvailableAppTask] Device is either not in 'Win 10 S Mode' or not a '19H2 (Win 10 S supported) or later' build.]LOG]!><time="10:19:14.9364905" date="5-29-2026" component="IntuneManagementExtension" context="" type="1" thread="4" file="">
<![LOG[set timer, delayed seconds = 80 for workload Win32AvailableApp]LOG]!><time="10:19:14.9364905" date="5-29-2026" component="IntuneManagementExtension" context="" type="1" thread="4" file="">
<![LOG[Starting content manager initialization...]LOG]!><time="10:19:14.9364905" date="5-29-2026" component="IntuneManagementExtension" context="" type="1" thread="4" file="">
<![LOG[Load isTestMode from registry settings.]LOG]!><time="10:19:14.9364905" date="5-29-2026" component="IntuneManagementExtension" context="" type="1" thread="10" file="">
<![LOG[Delaying all checkins by seconds = 44 in the first check in on start/restart.]LOG]!><time="10:19:14.9364905" date="5-29-2026" component="IntuneManagementExtension" context="" type="1" thread="10" file="">
<![LOG[[Notification] Starting Notification infra ManagerService initialization...]LOG]!><time="10:19:14.9384943" date="5-29-2026" component="IntuneManagementExtension" context="" type="1" thread="14" file="">
<![LOG[[NotificationManagerService] Notification Infra Manager init...]LOG]!><time="10:19:14.9384943" date="5-29-2026" component="IntuneManagementExtension" context="" type="1" thread="14" file="">
<![LOG[[NotificationManagerService] Notification Infra Manager initialized successfully]LOG]!><time="10:19:14.9416315" date="5-29-2026" component="IntuneManagementExtension" context="" type="1" thread="14" file="">
<![LOG[[Notification] Notification infra ManagerService initialized successfully]LOG]!><time="10:19:14.9416315" date="5-29-2026" component="IntuneManagementExtension" context="" type="1" thread="14" file="">
<![LOG[[Flighting] Fetching flighting value for key EnableIC3Feature...]LOG]!><time="10:19:14.9467828" date="5-29-2026" component="IntuneManagementExtension" context="" type="1" thread="12" file="">
<![LOG[[Flighting] Cache expired. Refreshing cache...]LOG]!><time="10:19:14.9467828" date="5-29-2026" component="IntuneManagementExtension" context="" type="1" thread="12" file="">
<![LOG[[Flighting] Getting flighting information from https://ecs.office.com/config/v1/Intune/1.0.0.0]LOG]!><time="10:19:14.9467828" date="5-29-2026" component="IntuneManagementExtension" context="" type="1" thread="12" file="">
<![LOG[Mixed mode policy feature is supported on this device.]LOG]!><time="10:19:14.9529923" date="5-29-2026" component="IntuneManagementExtension" context="" type="1" thread="4" file="">
<![LOG[[UnlockWin: GetAllBaseAndSupplementalPolicyInfos] Getting all PolicyInfos]LOG]!><time="10:19:14.9570014" date="5-29-2026" component="IntuneManagementExtension" context="" type="1" thread="4" file="">
<![LOG[[Flighting] Completed getting flighting information from the service.]LOG]!><time="10:19:14.9714922" date="5-29-2026" component="IntuneManagementExtension" context="" type="1" thread="5" file="">
<![LOG[[Flighting] Key: DisableV2ChainValidation, value not found. Falling back to default value: False.]LOG]!><time="10:19:14.9734945" date="5-29-2026" component="IntuneManagementExtension" context="" type="2" thread="5" file="">
<![LOG[[Flighting] Completed getting flighting information from the service.]LOG]!><time="10:19:14.9975202" date="5-29-2026" component="IntuneManagementExtension" context="" type="1" thread="16" file="">
<![LOG[[Flighting] Key: EnableIC3Feature, value not found. Falling back to default value: False.]LOG]!><time="10:19:14.9975202" date="5-29-2026" component="IntuneManagementExtension" context="" type="2" thread="16" file="">
<![LOG[[Flighting] Completed getting flighting information from the service.]LOG]!><time="10:19:15.0015255" date="5-29-2026" component="IntuneManagementExtension" context="" type="1" thread="15" file="">
<![LOG[[Flighting] Key: CommonSchemaEventsProcessing, found value: True.]LOG]!><time="10:19:15.0075325" date="5-29-2026" component="IntuneManagementExtension" context="" type="1" thread="15" file="">
<![LOG[[Flighting] Fetching flighting value for key EnableGoldenSignals...]LOG]!><time="10:19:15.0075325" date="5-29-2026" component="IntuneManagementExtension" context="" type="1" thread="15" file="">
<![LOG[[Flighting] Key: EnableGoldenSignals, found value: True.]LOG]!><time="10:19:15.0075325" date="5-29-2026" component="IntuneManagementExtension" context="" type="1" thread="15" file="">
<![LOG[[Flighting] Fetching flighting value for key EnableExpandedCrashTelemetry...]LOG]!><time="10:19:15.0095353" date="5-29-2026" component="IntuneManagementExtension" context="" type="1" thread="15" file="">
<![LOG[[Flighting] Key: EnableExpandedCrashTelemetry, value not found. Falling back to default value: False.]LOG]!><time="10:19:15.0095353" date="5-29-2026" component="IntuneManagementExtension" context="" type="2" thread="15" file="">
<![LOG[[SetupCommonTelemetry] Starting initializing. enableGoldenSignals:True; enableExpandedCrashTelemetry:False]LOG]!><time="10:19:15.0095353" date="5-29-2026" component="IntuneManagementExtension" context="" type="1" thread="15" file="">
<![LOG[System.Exception: GetAADJoinInfo - Failed to get Azure AD Join information using NetGetAadJoinInformation.  hr:1
   at Microsoft.Management.Services.IntuneWindowsAgent.AgentCommon.AADJoinHelper.GetAADJoinInfo()]LOG]!><time="10:19:15.0275646" date="5-29-2026" component="IntuneManagementExtension" context="" type="2" thread="16" file="">
<![LOG[Failed to check if device is WPJ, ex is System.Exception: GetAADJoinInfo - Failed to get Azure AD Join information using NetGetAadJoinInformation.  hr:1
   at Microsoft.Management.Services.IntuneWindowsAgent.AgentCommon.AADJoinHelper.GetAADJoinInfo()
   at Microsoft.Management.Services.IntuneWindowsAgent.AgentCommon.AADJoinHelper.IsDeviceWPJ()]LOG]!><time="10:19:15.0275646" date="5-29-2026" component="IntuneManagementExtension" context="" type="2" thread="16" file="">
<![LOG[2026-05-29 10:19:15 AM | thread[15] | [TelemetryManagerFactory.Create] Creating telemetry mananger...]LOG]!><time="10:19:15.0373170" date="5-29-2026" component="IntuneManagementExtension" context="" type="1" thread="15" file="">
<![LOG[[Flighting] Completed getting flighting information from the service.]LOG]!><time="10:19:15.0373170" date="5-29-2026" component="IntuneManagementExtension" context="" type="1" thread="5" file="">
<![LOG[[Flighting] Key: EnableOneDSProxyFeature, value not found. Falling back to default value: False.]LOG]!><time="10:19:15.0393196" date="5-29-2026" component="IntuneManagementExtension" context="" type="2" thread="5" file="">
<![LOG[[Flighting] Fetching flighting value for key EnableOneDSProxyFeature...]LOG]!><time="10:19:15.0413215" date="5-29-2026" component="IntuneManagementExtension" context="" type="1" thread="16" file="">
<![LOG[[Flighting] Key: EnableOneDSProxyFeature, value not found. Falling back to default value: False.]LOG]!><time="10:19:15.0413215" date="5-29-2026" component="IntuneManagementExtension" context="" type="2" thread="16" file="">
<![LOG[Found 1 MDM certificates from Local Computer Store.]LOG]!><time="10:19:15.0413215" date="5-29-2026" component="IntuneManagementExtension" context="" type="1" thread="5" file="">
<![LOG[Found 1 MDM certificates from Local Computer Store.]LOG]!><time="10:19:15.0433243" date="5-29-2026" component="IntuneManagementExtension" context="" type="1" thread="5" file="">
<![LOG[Found 1 MDM certificates from Local Computer Store.]LOG]!><time="10:19:15.0433243" date="5-29-2026" component="IntuneManagementExtension" context="" type="1" thread="5" file="">
<![LOG[Found 1 MDM certificates from Local Computer Store.]LOG]!><time="10:19:15.0433243" date="5-29-2026" component="IntuneManagementExtension" context="" type="1" thread="5" file="">
<![LOG[Found 1 MDM certificates from Local Computer Store.]LOG]!><time="10:19:15.0433243" date="5-29-2026" component="IntuneManagementExtension" context="" type="1" thread="5" file="">
<![LOG[Found 1 MDM certificates from Local Computer Store.]LOG]!><time="10:19:15.0433243" date="5-29-2026" component="IntuneManagementExtension" context="" type="1" thread="5" file="">
<![LOG[Found 1 MDM certificates from Local Computer Store.]LOG]!><time="10:19:15.0453266" date="5-29-2026" component="IntuneManagementExtension" context="" type="1" thread="5" file="">
<![LOG[Found 1 MDM certificates from Local Computer Store.]LOG]!><time="10:19:15.0453266" date="5-29-2026" component="IntuneManagementExtension" context="" type="1" thread="5" file="">
<![LOG[Found 1 MDM certificates from Local Computer Store.]LOG]!><time="10:19:15.0453266" date="5-29-2026" component="IntuneManagementExtension" context="" type="1" thread="5" file="">
<![LOG[Found 1 MDM certificates from Local Computer Store.]LOG]!><time="10:19:15.0453266" date="5-29-2026" component="IntuneManagementExtension" context="" type="1" thread="5" file="">
<![LOG[Found 1 MDM certificates from Local Computer Store.]LOG]!><time="10:19:15.0453266" date="5-29-2026" component="IntuneManagementExtension" context="" type="1" thread="5" file="">
<![LOG[Found 1 MDM certificates from Local Computer Store.]LOG]!><time="10:19:15.0473286" date="5-29-2026" component="IntuneManagementExtension" context="" type="1" thread="5" file="">
<![LOG[Found 1 MDM certificates from Local Computer Store.]LOG]!><time="10:19:15.0473286" date="5-29-2026" component="IntuneManagementExtension" context="" type="1" thread="5" file="">
<![LOG[Initializing EventManager with environment [PE]]LOG]!><time="10:19:15.0473286" date="5-29-2026" component="IntuneManagementExtension" context="" type="1" thread="5" file="">
<![LOG[2026-05-29 10:19:15 AM | thread[15] | [TelemetryManagerFactory.Create] Applying permissions to ETW provider e20927af-32d7-4d5d-9f73-82f077a1c891...]LOG]!><time="10:19:15.0673569" date="5-29-2026" component="IntuneManagementExtension" context="" type="1" thread="15" file="">
<![LOG[2026-05-29 10:19:15 AM | thread[15] | [TelemetryManagerFactory.Create] Removing all permissions from ETW provider e20927af-32d7-4d5d-9f73-82f077a1c891...]LOG]!><time="10:19:15.0698611" date="5-29-2026" component="IntuneManagementExtension" context="" type="1" thread="15" file="">
<![LOG[[Flighting] Fetching flighting value for key RouteInventoryEventsToSidecarDB...]LOG]!><time="10:19:15.0716055" date="5-29-2026" component="IntuneManagementExtension" context="" type="1" thread="5" file="">
<![LOG[[Flighting] Key: RouteInventoryEventsToSidecarDB, found value: True.]LOG]!><time="10:19:15.0716055" date="5-29-2026" component="IntuneManagementExtension" context="" type="1" thread="5" file="">
<![LOG[[Flighting] Fetching flighting value for key CommonSchemaEventsProcessing...]LOG]!><time="10:19:15.0716055" date="5-29-2026" component="IntuneManagementExtension" context="" type="1" thread="5" file="">
<![LOG[[Flighting] Key: CommonSchemaEventsProcessing, found value: True.]LOG]!><time="10:19:15.0716055" date="5-29-2026" component="IntuneManagementExtension" context="" type="1" thread="5" file="">
<![LOG[Initializing EventManager with common schema application BareMetalRecovery query.]LOG]!><time="10:19:15.0716055" date="5-29-2026" component="IntuneManagementExtension" context="" type="1" thread="5" file="">
<![LOG[Initializing EventManager with common schema application EpmAgent query.]LOG]!><time="10:19:15.0716055" date="5-29-2026" component="IntuneManagementExtension" context="" type="1" thread="5" file="">
<![LOG[Initializing EventManager with common schema application InventoryAgent query for Inventory Telemetry because inventory agent DB flight is enabled.]LOG]!><time="10:19:15.0716055" date="5-29-2026" component="IntuneManagementExtension" context="" type="1" thread="5" file="">
<![LOG[Initializing EventManager with common schema application SidecarAgent query.]LOG]!><time="10:19:15.0716055" date="5-29-2026" component="IntuneManagementExtension" context="" type="1" thread="5" file="">
<![LOG[Initializing EventManager with common schema application WindowsCompanyPortal query.]LOG]!><time="10:19:15.0716055" date="5-29-2026" component="IntuneManagementExtension" context="" type="1" thread="5" file="">
<![LOG[Initializing EventManager with common schema application WSLPlugin query.]LOG]!><time="10:19:15.0716055" date="5-29-2026" component="IntuneManagementExtension" context="" type="1" thread="5" file="">
<![LOG[Initializing EventManager with common schema application ControlConfigAdapter query.]LOG]!><time="10:19:15.0716055" date="5-29-2026" component="IntuneManagementExtension" context="" type="1" thread="5" file="">
<![LOG[2026-05-29 10:19:15 AM | thread[15] | [TelemetryManagerFactory.Create] Applying permission LocalSystemSid, access type Allow, operation Add, to ETW provider e20927af-32d7-4d5d-9f73-82f077a1c891...]LOG]!><time="10:19:15.0736077" date="5-29-2026" component="IntuneManagementExtension" context="" type="1" thread="15" file="">
<![LOG[2026-05-29 10:19:15 AM | thread[15] | [TelemetryManagerFactory.Create] Applying permission BuiltinAdministratorsSid, access type Allow, operation Add, to ETW provider e20927af-32d7-4d5d-9f73-82f077a1c891...]LOG]!><time="10:19:15.0756098" date="5-29-2026" component="IntuneManagementExtension" context="" type="1" thread="15" file="">
<![LOG[2026-05-29 10:19:15 AM | thread[15] | [TelemetryManagerFactory.Create] Creating telemetry channels EtwProvider...]LOG]!><time="10:19:15.0776125" date="5-29-2026" component="IntuneManagementExtension" context="" type="1" thread="15" file="">
<![LOG[Last update time of URL is 2026-05-29 5:19:14 AM]LOG]!><time="10:19:15.0776125" date="5-29-2026" component="IntuneManagementExtension" context="" type="1" thread="5" file="">
<![LOG[Current collector endpoint = ]LOG]!><time="10:19:15.0796154" date="5-29-2026" component="IntuneManagementExtension" context="" type="1" thread="5" file="">
<![LOG[2026-05-29 10:19:15 AM | thread[15] | [TelemetryManagerFactory.Create] Telemetry manager created]LOG]!><time="10:19:15.0796154" date="5-29-2026" component="IntuneManagementExtension" context="" type="1" thread="15" file="">
<![LOG[[SetupCommonTelemetry] CommonTelemetryManager is ready... Starting agent crash telemetry task]LOG]!><time="10:19:15.0796154" date="5-29-2026" component="IntuneManagementExtension" context="" type="1" thread="15" file="">
<![LOG[Found 1 MDM certificates from Local Computer Store.]LOG]!><time="10:19:15.0796154" date="5-29-2026" component="IntuneManagementExtension" context="" type="1" thread="5" file="">
<![LOG[Last update time of URL is 2026-05-29 5:19:14 AM]LOG]!><time="10:19:15.0816180" date="5-29-2026" component="IntuneManagementExtension" context="" type="1" thread="5" file="">
<![LOG[[Location Service] Service URL is not available or expired, retrieving with LocationService ServiceAddresses Controller]LOG]!><time="10:19:15.0816180" date="5-29-2026" component="IntuneManagementExtension" context="" type="1" thread="5" file="">
<![LOG[RegistryKeyExistsFullPath opening subPath SOFTWARE\Microsoft\Provisioning\OMADM\Accounts...]LOG]!><time="10:19:15.0816180" date="5-29-2026" component="IntuneManagementExtension" context="" type="1" thread="5" file="">
<![LOG[[Discovery Service] Got gateway addr: https://r.manage.microsoft.com/devicegatewayproxy/cimhandler.ashx]LOG]!><time="10:19:15.0816180" date="5-29-2026" component="IntuneManagementExtension" context="" type="1" thread="5" file="">
<![LOG[[Flighting] Fetching flighting value for key MoveMTLSTrafficToAgentsEndpoint...]LOG]!><time="10:19:15.0816180" date="5-29-2026" component="IntuneManagementExtension" context="" type="1" thread="5" file="">
<![LOG[[Flighting] Key: MoveMTLSTrafficToAgentsEndpoint, value not found. Falling back to default value: False.]LOG]!><time="10:19:15.0816180" date="5-29-2026" component="IntuneManagementExtension" context="" type="2" thread="5" file="">
<![LOG[[Location Service] Calling LocationService ServiceAddresses Controller with https://manage.microsoft.com/RestUserAuthLocationService/RestUserAuthLocationService/Certificate/ServiceAddresses with True]LOG]!><time="10:19:15.0836203" date="5-29-2026" component="IntuneManagementExtension" context="" type="1" thread="5" file="">
<![LOG[[Location Service] SendWebRequest, client-request-id: 4006f577-5328-4139-9ed3-27b9fc6b018f, Method: GET]LOG]!><time="10:19:15.0836203" date="5-29-2026" component="IntuneManagementExtension" context="" type="1" thread="5" file="">
<![LOG[2026-05-29 10:19:15 AM | thread[15] | [BackgroundTasksExecutor.StartAsync] Starting background task executor...]LOG]!><time="10:19:15.0836203" date="5-29-2026" component="IntuneManagementExtension" context="" type="1" thread="15" file="">
<![LOG[2026-05-29 10:19:15 AM | thread[15] | [TelemetryBackgroundExecutionManager.Start] Background task executor started.]LOG]!><time="10:19:15.0836203" date="5-29-2026" component="IntuneManagementExtension" context="" type="1" thread="15" file="">
<![LOG[[SetupCommonTelemetry] Agent crash telemetry task started... Starting heartbeat task]LOG]!><time="10:19:15.0836203" date="5-29-2026" component="IntuneManagementExtension" context="" type="1" thread="15" file="">
<![LOG[2026-05-29 10:19:15 AM | thread[12] | [SerialJobScheduler.StartAsync] Calling initialize on each job.]LOG]!><time="10:19:15.0856258" date="5-29-2026" component="IntuneManagementExtension" context="" type="1" thread="12" file="">
<![LOG[2026-05-29 10:19:15 AM | thread[12] | [JobBase.Initialize] Initializing job 'AppCrashCollectionJob']LOG]!><time="10:19:15.0856258" date="5-29-2026" component="IntuneManagementExtension" context="" type="1" thread="12" file="">
<![LOG[2026-05-29 10:19:15 AM | thread[12] | [JobBaseWithPersistentState.LoadLastRuntime] Retrieved last runtime 2026-05-29 5:14:53 PM for job AppCrashCollectionJob from registry.]LOG]!><time="10:19:15.0856258" date="5-29-2026" component="IntuneManagementExtension" context="" type="1" thread="12" file="">
<![LOG[[AgentHeartbeatSignal] Signal not emitted: less than 24 hours since last emission.]LOG]!><time="10:19:15.0876288" date="5-29-2026" component="IntuneManagementExtension" context="" type="1" thread="15" file="">
<![LOG[[SetupCommonTelemetry] ETW telemetry manager setup completed.]LOG]!><time="10:19:15.0876288" date="5-29-2026" component="IntuneManagementExtension" context="" type="1" thread="15" file="">
<![LOG[2026-05-29 10:19:15 AM | thread[12] | [SerialJobScheduler.StartAsync] Starting the tasks Add and Execute.]LOG]!><time="10:19:15.0876288" date="5-29-2026" component="IntuneManagementExtension" context="" type="1" thread="12" file="">
<![LOG[2026-05-29 10:19:15 AM | thread[12] | [JobBase.IsDue] Job 'AppCrashCollectionJob' is not due for execution.]LOG]!><time="10:19:15.0896320" date="5-29-2026" component="IntuneManagementExtension" context="" type="1" thread="12" file="">
<![LOG[2026-05-29 10:19:15 AM | thread[12] | [JobBase.NextCheckNeededIn] Next check for job 'AppCrashCollectionJob' is in 55 Minutes, 38 Seconds, 432 Milliseconds.]LOG]!><time="10:19:15.0916341" date="5-29-2026" component="IntuneManagementExtension" context="" type="1" thread="12" file="">
<![LOG[2026-05-29 10:19:15 AM | thread[12] | [SerialJobScheduler.Add] Wait span to check for jobs in the scheduler 55 Minutes, 38 Seconds, 432 Milliseconds.]LOG]!><time="10:19:15.0916341" date="5-29-2026" component="IntuneManagementExtension" context="" type="1" thread="12" file="">
<![LOG[[Location Service] Success!! LocationService ServiceAddresses Controller with https://manage.microsoft.com/RestUserAuthLocationService/RestUserAuthLocationService/Certificate/ServiceAddresses with True, statusCode = OK]LOG]!><time="10:19:15.1569269" date="5-29-2026" component="IntuneManagementExtension" context="" type="1" thread="5" file="">
<![LOG[[Location Service] Got address for service: AriaService, url: https://self.events.data.microsoft.com/]LOG]!><time="10:19:15.1589291" date="5-29-2026" component="IntuneManagementExtension" context="" type="1" thread="5" file="">
<![LOG[[Location Service] Got address for service: CollectorService, url: https://us-mobile.events.data.microsoft.com/OneCollector/1.0/]LOG]!><time="10:19:15.1589291" date="5-29-2026" component="IntuneManagementExtension" context="" type="1" thread="5" file="">
<![LOG[[Location Service] Got address for service: SideCarGatewayService, url: https://agents.amsua0202.manage.microsoft.com/TrafficGateway/TrafficRoutingService/SideCar/StatelessSideCarGatewayService]LOG]!><time="10:19:15.1589291" date="5-29-2026" component="IntuneManagementExtension" context="" type="1" thread="5" file="">
<![LOG[[Location Service] Intune DownloadServiceUrl is https://agents.amsua0202.manage.microsoft.com/TrafficGateway/TrafficRoutingService/DownloadService]LOG]!><time="10:19:15.1589291" date="5-29-2026" component="IntuneManagementExtension" context="" type="1" thread="5" file="">
<![LOG[[datasensor](collector++) Succeeded to retrieve collector++ URL: https://us-mobile.events.data.microsoft.com/OneCollector/1.0/]LOG]!><time="10:19:15.1589291" date="5-29-2026" component="IntuneManagementExtension" context="" type="1" thread="5" file="">
<![LOG[Fetched a new endpoint. Current=, New=https://us-mobile.events.data.microsoft.com/OneCollector/1.0/]LOG]!><time="10:19:15.1589291" date="5-29-2026" component="IntuneManagementExtension" context="" type="1" thread="5" file="">
<![LOG[[Flighting] Fetching flighting value for key EnableOneDSProxyFeature...]LOG]!><time="10:19:15.1589291" date="5-29-2026" component="IntuneManagementExtension" context="" type="1" thread="5" file="">
<![LOG[[Flighting] Key: EnableOneDSProxyFeature, value not found. Falling back to default value: False.]LOG]!><time="10:19:15.1589291" date="5-29-2026" component="IntuneManagementExtension" context="" type="2" thread="5" file="">
<![LOG[[datasensor](EventManager) endpoint = [https://us-mobile.events.data.microsoft.com/OneCollector/1.0/], IsReady = False, expired = True, IsTransmissionEnabled = False]LOG]!><time="10:19:15.1589291" date="5-29-2026" component="IntuneManagementExtension" context="" type="1" thread="5" file="">
<![LOG[[datasensor](EventManager) Create Event Manager without a Proxy.]LOG]!><time="10:19:15.1589291" date="5-29-2026" component="IntuneManagementExtension" context="" type="1" thread="5" file="">
<![LOG[[EventManagerDelegate](RefreshEventManager) {"Message":"Create Event Manager without a Proxy.","Colmetadata":"","Col1":"","Col2":"","Col3":"","Col4":"","Col5":"","Col6":""}]LOG]!><time="10:19:15.1609319" date="5-29-2026" component="IntuneManagementExtension" context="" type="1" thread="5" file="">
<![LOG[Current collector endpoint = https://us-mobile.events.data.microsoft.com/OneCollector/1.0/]LOG]!><time="10:19:15.2194774" date="5-29-2026" component="IntuneManagementExtension" context="" type="1" thread="5" file="">
<![LOG[[Flighting] Fetching flighting value for key EnableOneDSProxyFeature...]LOG]!><time="10:19:15.2194774" date="5-29-2026" component="IntuneManagementExtension" context="" type="1" thread="5" file="">
<![LOG[[Flighting] Key: EnableOneDSProxyFeature, value not found. Falling back to default value: False.]LOG]!><time="10:19:15.2194774" date="5-29-2026" component="IntuneManagementExtension" context="" type="2" thread="5" file="">
<![LOG[[datasensor](EventManager) endpoint = [https://us-mobile.events.data.microsoft.com/OneCollector/1.0/], IsReady = False, expired = False, IsTransmissionEnabled = False]LOG]!><time="10:19:15.2194774" date="5-29-2026" component="IntuneManagementExtension" context="" type="1" thread="5" file="">
<![LOG[[datasensor](EventManager) Create Event Manager without a Proxy.]LOG]!><time="10:19:15.2194774" date="5-29-2026" component="IntuneManagementExtension" context="" type="1" thread="5" file="">
<![LOG[[EventManagerDelegate](RefreshEventManager) {"Message":"Create Event Manager without a Proxy.","Colmetadata":"","Col1":"","Col2":"","Col3":"","Col4":"","Col5":"","Col6":""}]LOG]!><time="10:19:15.2194774" date="5-29-2026" component="IntuneManagementExtension" context="" type="1" thread="5" file="">
<![LOG[Current collector endpoint = https://us-mobile.events.data.microsoft.com/OneCollector/1.0/]LOG]!><time="10:19:15.2194774" date="5-29-2026" component="IntuneManagementExtension" context="" type="1" thread="5" file="">
<![LOG[[Flighting] Fetching flighting value for key EnableOneDSProxyFeature...]LOG]!><time="10:19:15.2194774" date="5-29-2026" component="IntuneManagementExtension" context="" type="1" thread="5" file="">
<![LOG[[Flighting] Key: EnableOneDSProxyFeature, value not found. Falling back to default value: False.]LOG]!><time="10:19:15.2194774" date="5-29-2026" component="IntuneManagementExtension" context="" type="2" thread="5" file="">
<![LOG[[datasensor](EventManager) endpoint = [https://us-mobile.events.data.microsoft.com/OneCollector/1.0/], IsReady = False, expired = False, IsTransmissionEnabled = False]LOG]!><time="10:19:15.2194774" date="5-29-2026" component="IntuneManagementExtension" context="" type="1" thread="5" file="">
<![LOG[[datasensor](EventManager) Create Event Manager without a Proxy.]LOG]!><time="10:19:15.2194774" date="5-29-2026" component="IntuneManagementExtension" context="" type="1" thread="5" file="">
<![LOG[[EventManagerDelegate](RefreshEventManager) {"Message":"Create Event Manager without a Proxy.","Colmetadata":"","Col1":"","Col2":"","Col3":"","Col4":"","Col5":"","Col6":""}]LOG]!><time="10:19:15.2194774" date="5-29-2026" component="IntuneManagementExtension" context="" type="1" thread="5" file="">
<![LOG[Current collector endpoint = https://us-mobile.events.data.microsoft.com/OneCollector/1.0/]LOG]!><time="10:19:15.2194774" date="5-29-2026" component="IntuneManagementExtension" context="" type="1" thread="5" file="">
<![LOG[[Flighting] Fetching flighting value for key EnableOneDSProxyFeature...]LOG]!><time="10:19:15.2194774" date="5-29-2026" component="IntuneManagementExtension" context="" type="1" thread="5" file="">
<![LOG[[Flighting] Key: EnableOneDSProxyFeature, value not found. Falling back to default value: False.]LOG]!><time="10:19:15.2194774" date="5-29-2026" component="IntuneManagementExtension" context="" type="2" thread="5" file="">
<![LOG[[datasensor](EventManager) endpoint = [https://us-mobile.events.data.microsoft.com/OneCollector/1.0/], IsReady = False, expired = False, IsTransmissionEnabled = False]LOG]!><time="10:19:15.2194774" date="5-29-2026" component="IntuneManagementExtension" context="" type="1" thread="5" file="">
<![LOG[[datasensor](EventManager) Create Event Manager without a Proxy.]LOG]!><time="10:19:15.2194774" date="5-29-2026" component="IntuneManagementExtension" context="" type="1" thread="5" file="">
<![LOG[[EventManagerDelegate](RefreshEventManager) {"Message":"Create Event Manager without a Proxy.","Colmetadata":"","Col1":"","Col2":"","Col3":"","Col4":"","Col5":"","Col6":""}]LOG]!><time="10:19:15.2194774" date="5-29-2026" component="IntuneManagementExtension" context="" type="1" thread="5" file="">
<![LOG[Current collector endpoint = https://us-mobile.events.data.microsoft.com/OneCollector/1.0/]LOG]!><time="10:19:15.2236219" date="5-29-2026" component="IntuneManagementExtension" context="" type="1" thread="5" file="">
<![LOG[[Flighting] Fetching flighting value for key EnableOneDSProxyFeature...]LOG]!><time="10:19:15.2236219" date="5-29-2026" component="IntuneManagementExtension" context="" type="1" thread="5" file="">
<![LOG[[Flighting] Key: EnableOneDSProxyFeature, value not found. Falling back to default value: False.]LOG]!><time="10:19:15.2236219" date="5-29-2026" component="IntuneManagementExtension" context="" type="2" thread="5" file="">
<![LOG[[datasensor](EventManager) endpoint = [https://us-mobile.events.data.microsoft.com/OneCollector/1.0/], IsReady = False, expired = False, IsTransmissionEnabled = False]LOG]!><time="10:19:15.2236219" date="5-29-2026" component="IntuneManagementExtension" context="" type="1" thread="5" file="">
<![LOG[[datasensor](EventManager) Create Event Manager without a Proxy.]LOG]!><time="10:19:15.2236219" date="5-29-2026" component="IntuneManagementExtension" context="" type="1" thread="5" file="">
<![LOG[[EventManagerDelegate](RefreshEventManager) {"Message":"Create Event Manager without a Proxy.","Colmetadata":"","Col1":"","Col2":"","Col3":"","Col4":"","Col5":"","Col6":""}]LOG]!><time="10:19:15.2236219" date="5-29-2026" component="IntuneManagementExtension" context="" type="1" thread="5" file="">
<![LOG[Current collector endpoint = https://us-mobile.events.data.microsoft.com/OneCollector/1.0/]LOG]!><time="10:19:15.2236219" date="5-29-2026" component="IntuneManagementExtension" context="" type="1" thread="5" file="">
<![LOG[[Flighting] Fetching flighting value for key EnableOneDSProxyFeature...]LOG]!><time="10:19:15.2236219" date="5-29-2026" component="IntuneManagementExtension" context="" type="1" thread="5" file="">
<![LOG[[Flighting] Key: EnableOneDSProxyFeature, value not found. Falling back to default value: False.]LOG]!><time="10:19:15.2236219" date="5-29-2026" component="IntuneManagementExtension" context="" type="2" thread="5" file="">
<![LOG[[datasensor](EventManager) endpoint = [https://us-mobile.events.data.microsoft.com/OneCollector/1.0/], IsReady = False, expired = False, IsTransmissionEnabled = False]LOG]!><time="10:19:15.2236219" date="5-29-2026" component="IntuneManagementExtension" context="" type="1" thread="5" file="">
<![LOG[[datasensor](EventManager) Create Event Manager without a Proxy.]LOG]!><time="10:19:15.2236219" date="5-29-2026" component="IntuneManagementExtension" context="" type="1" thread="5" file="">
<![LOG[[EventManagerDelegate](RefreshEventManager) {"Message":"Create Event Manager without a Proxy.","Colmetadata":"","Col1":"","Col2":"","Col3":"","Col4":"","Col5":"","Col6":""}]LOG]!><time="10:19:15.2236219" date="5-29-2026" component="IntuneManagementExtension" context="" type="1" thread="5" file="">
<![LOG[Current collector endpoint = https://us-mobile.events.data.microsoft.com/OneCollector/1.0/]LOG]!><time="10:19:15.2236219" date="5-29-2026" component="IntuneManagementExtension" context="" type="1" thread="5" file="">
<![LOG[[Flighting] Fetching flighting value for key EnableOneDSProxyFeature...]LOG]!><time="10:19:15.2236219" date="5-29-2026" component="IntuneManagementExtension" context="" type="1" thread="5" file="">
<![LOG[[Flighting] Key: EnableOneDSProxyFeature, value not found. Falling back to default value: False.]LOG]!><time="10:19:15.2236219" date="5-29-2026" component="IntuneManagementExtension" context="" type="2" thread="5" file="">
<![LOG[[datasensor](EventManager) endpoint = [https://us-mobile.events.data.microsoft.com/OneCollector/1.0/], IsReady = False, expired = False, IsTransmissionEnabled = False]LOG]!><time="10:19:15.2236219" date="5-29-2026" component="IntuneManagementExtension" context="" type="1" thread="5" file="">
<![LOG[[datasensor](EventManager) Create Event Manager without a Proxy.]LOG]!><time="10:19:15.2236219" date="5-29-2026" component="IntuneManagementExtension" context="" type="1" thread="5" file="">
<![LOG[[EventManagerDelegate](RefreshEventManager) {"Message":"Create Event Manager without a Proxy.","Colmetadata":"","Col1":"","Col2":"","Col3":"","Col4":"","Col5":"","Col6":""}]LOG]!><time="10:19:15.2236219" date="5-29-2026" component="IntuneManagementExtension" context="" type="1" thread="5" file="">
<![LOG[Current collector endpoint = https://us-mobile.events.data.microsoft.com/OneCollector/1.0/]LOG]!><time="10:19:15.2236219" date="5-29-2026" component="IntuneManagementExtension" context="" type="1" thread="5" file="">
<![LOG[[Flighting] Fetching flighting value for key EnableOneDSProxyFeature...]LOG]!><time="10:19:15.2236219" date="5-29-2026" component="IntuneManagementExtension" context="" type="1" thread="5" file="">
<![LOG[[Flighting] Key: EnableOneDSProxyFeature, value not found. Falling back to default value: False.]LOG]!><time="10:19:15.2236219" date="5-29-2026" component="IntuneManagementExtension" context="" type="2" thread="5" file="">
<![LOG[[datasensor](EventManager) endpoint = [https://us-mobile.events.data.microsoft.com/OneCollector/1.0/], IsReady = False, expired = False, IsTransmissionEnabled = False]LOG]!><time="10:19:15.2236219" date="5-29-2026" component="IntuneManagementExtension" context="" type="1" thread="5" file="">
<![LOG[[datasensor](EventManager) Create Event Manager without a Proxy.]LOG]!><time="10:19:15.2236219" date="5-29-2026" component="IntuneManagementExtension" context="" type="1" thread="5" file="">
<![LOG[[EventManagerDelegate](RefreshEventManager) {"Message":"Create Event Manager without a Proxy.","Colmetadata":"","Col1":"","Col2":"","Col3":"","Col4":"","Col5":"","Col6":""}]LOG]!><time="10:19:15.2236219" date="5-29-2026" component="IntuneManagementExtension" context="" type="1" thread="5" file="">
<![LOG[Current collector endpoint = https://us-mobile.events.data.microsoft.com/OneCollector/1.0/]LOG]!><time="10:19:15.2236219" date="5-29-2026" component="IntuneManagementExtension" context="" type="1" thread="5" file="">
<![LOG[[Flighting] Fetching flighting value for key EnableOneDSProxyFeature...]LOG]!><time="10:19:15.2236219" date="5-29-2026" component="IntuneManagementExtension" context="" type="1" thread="5" file="">
<![LOG[[Flighting] Key: EnableOneDSProxyFeature, value not found. Falling back to default value: False.]LOG]!><time="10:19:15.2236219" date="5-29-2026" component="IntuneManagementExtension" context="" type="2" thread="5" file="">
<![LOG[[datasensor](EventManager) endpoint = [https://us-mobile.events.data.microsoft.com/OneCollector/1.0/], IsReady = False, expired = False, IsTransmissionEnabled = False]LOG]!><time="10:19:15.2236219" date="5-29-2026" component="IntuneManagementExtension" context="" type="1" thread="5" file="">
<![LOG[[datasensor](EventManager) Create Event Manager without a Proxy.]LOG]!><time="10:19:15.2236219" date="5-29-2026" component="IntuneManagementExtension" context="" type="1" thread="5" file="">
<![LOG[[EventManagerDelegate](RefreshEventManager) {"Message":"Create Event Manager without a Proxy.","Colmetadata":"","Col1":"","Col2":"","Col3":"","Col4":"","Col5":"","Col6":""}]LOG]!><time="10:19:15.2236219" date="5-29-2026" component="IntuneManagementExtension" context="" type="1" thread="5" file="">
<![LOG[Current collector endpoint = https://us-mobile.events.data.microsoft.com/OneCollector/1.0/]LOG]!><time="10:19:15.2236219" date="5-29-2026" component="IntuneManagementExtension" context="" type="1" thread="5" file="">
<![LOG[[Flighting] Fetching flighting value for key EnableOneDSProxyFeature...]LOG]!><time="10:19:15.2236219" date="5-29-2026" component="IntuneManagementExtension" context="" type="1" thread="5" file="">
<![LOG[[Flighting] Key: EnableOneDSProxyFeature, value not found. Falling back to default value: False.]LOG]!><time="10:19:15.2236219" date="5-29-2026" component="IntuneManagementExtension" context="" type="2" thread="5" file="">
<![LOG[[datasensor](EventManager) endpoint = [https://us-mobile.events.data.microsoft.com/OneCollector/1.0/], IsReady = False, expired = False, IsTransmissionEnabled = False]LOG]!><time="10:19:15.2281016" date="5-29-2026" component="IntuneManagementExtension" context="" type="1" thread="5" file="">
<![LOG[[datasensor](EventManager) Create Event Manager without a Proxy.]LOG]!><time="10:19:15.2281016" date="5-29-2026" component="IntuneManagementExtension" context="" type="1" thread="5" file="">
<![LOG[[EventManagerDelegate](RefreshEventManager) {"Message":"Create Event Manager without a Proxy.","Colmetadata":"","Col1":"","Col2":"","Col3":"","Col4":"","Col5":"","Col6":""}]LOG]!><time="10:19:15.2281016" date="5-29-2026" component="IntuneManagementExtension" context="" type="1" thread="5" file="">
<![LOG[GetAADAuthToken - Failed to get Azure AD Join information using NetGetAadJoinInformation in <GetTenantInformation>.  hr:1]LOG]!><time="10:19:15.2281016" date="5-29-2026" component="IntuneManagementExtension" context="" type="3" thread="18" file="">
<![LOG[GetAADAuthToken error in <GetTenantInformation> - System.Exception: GetAADAuthToken - Failed to get Azure AD Join information using NetGetAadJoinInformation in <GetTenantInformation>.  hr:1
   at Microsoft.Management.Clients.IntuneManagementExtension.DataSensorPlugIn.Utils.EventSenderUtils.GetTenantInformation()]LOG]!><time="10:19:15.2321181" date="5-29-2026" component="IntuneManagementExtension" context="" type="3" thread="18" file="">
<![LOG[[datasensor] Registering the datasensor with enrollment time 2026-05-29 9:59:54 AM]LOG]!><time="10:19:15.2321181" date="5-29-2026" component="IntuneManagementExtension" context="" type="1" thread="5" file="">
<![LOG[[Flighting] Fetching flighting value for key RouteInventoryEventsToSidecarDB...]LOG]!><time="10:19:15.2361417" date="5-29-2026" component="IntuneManagementExtension" context="" type="1" thread="5" file="">
<![LOG[[Flighting] Key: RouteInventoryEventsToSidecarDB, found value: True.]LOG]!><time="10:19:15.2361417" date="5-29-2026" component="IntuneManagementExtension" context="" type="1" thread="5" file="">
<![LOG[GetAADAuthToken - Failed to get Azure AD Join information using NetGetAadJoinInformation in <GetTenantInformation>.  hr:1]LOG]!><time="10:19:15.2361417" date="5-29-2026" component="IntuneManagementExtension" context="" type="3" thread="5" file="">
<![LOG[GetAADAuthToken error in <GetTenantInformation> - System.Exception: GetAADAuthToken - Failed to get Azure AD Join information using NetGetAadJoinInformation in <GetTenantInformation>.  hr:1
   at Microsoft.Management.Clients.IntuneManagementExtension.DataSensorPlugIn.Utils.EventSenderUtils.GetTenantInformation()]LOG]!><time="10:19:15.2401697" date="5-29-2026" component="IntuneManagementExtension" context="" type="3" thread="5" file="">
<![LOG[[datasensor] Failed to register the datasensor, the exception is System.ArgumentNullException: Value cannot be null.
Parameter name: aadTenantId
   at Microsoft.Management.Clients.IntuneManagementExtension.DataSensorPlugIn.Utils.EventSender..ctor(Dictionary`2 dict, String aadTenantId, String aadDeviceId, String intuneAcccountId, String intuneDeviceId, String env)
   at Microsoft.Management.Clients.IntuneManagementExtension.DataSensorPlugIn.Utils.ListenerFrameworkFactory.CreateEventSender()
   at Microsoft.Management.Clients.IntuneManagementExtension.DataSensorPlugIn.DataCollectorManager.DataCollectionManager.<RegisterDataSensor>d__21.MoveNext()]LOG]!><time="10:19:15.2401697" date="5-29-2026" component="IntuneManagementExtension" context="" type="3" thread="5" file="">
<![LOG[[UnlockWin: GetAllBaseAndSupplementalPolicyInfos] Getting PolicyInfo InstanceID: PolicyInfo, parentId: ./Vendor/MSFT/ApplicationControl/Policies/0283ac0f-fff1-49ae-ada1-8a933130cad6, version: 0, status: 0, isEffective: False, isDeployed: True, IsAuthorized: False]LOG]!><time="10:19:16.2187211" date="5-29-2026" component="IntuneManagementExtension" context="" type="1" thread="4" file="">
<![LOG[[UnlockWin: GetAllBaseAndSupplementalPolicyInfos] Getting PolicyInfo InstanceID: PolicyInfo, parentId: ./Vendor/MSFT/ApplicationControl/Policies/1283ac0f-fff1-49ae-ada1-8a933130cad6, version: 0, status: 0, isEffective: True, isDeployed: True, IsAuthorized: True]LOG]!><time="10:19:16.2267864" date="5-29-2026" component="IntuneManagementExtension" context="" type="1" thread="4" file="">
<![LOG[[UnlockWin: GetAllBaseAndSupplementalPolicyInfos] Getting PolicyInfo InstanceID: PolicyInfo, parentId: ./Vendor/MSFT/ApplicationControl/Policies/784c4414-79f4-4c32-a6a5-f0fb42a51d0d, version: 2934003829047296, status: 0, isEffective: True, isDeployed: True, IsAuthorized: True]LOG]!><time="10:19:16.2267864" date="5-29-2026" component="IntuneManagementExtension" context="" type="1" thread="4" file="">
<![LOG[[UnlockWin: GetAllBaseAndSupplementalPolicyInfos] Getting PolicyInfo InstanceID: PolicyInfo, parentId: ./Vendor/MSFT/ApplicationControl/Policies/82443e1e-8a39-4b4a-96a8-f40ddc00b9f3, version: 2814751216566272, status: 0, isEffective: False, isDeployed: True, IsAuthorized: False]LOG]!><time="10:19:16.2267864" date="5-29-2026" component="IntuneManagementExtension" context="" type="1" thread="4" file="">
<![LOG[[UnlockWin: GetAllBaseAndSupplementalPolicyInfos] Getting PolicyInfo InstanceID: PolicyInfo, parentId: ./Vendor/MSFT/ApplicationControl/Policies/cdd5cb55-db68-4d71-aa38-3df2b6473a52, version: 2814751166234624, status: 0, isEffective: False, isDeployed: True, IsAuthorized: False]LOG]!><time="10:19:16.2308671" date="5-29-2026" component="IntuneManagementExtension" context="" type="1" thread="4" file="">
<![LOG[[UnlockWin: GetAllBaseAndSupplementalPolicyInfos] Getting PolicyInfo InstanceID: PolicyInfo, parentId: ./Vendor/MSFT/ApplicationControl/Policies/5951a96a-e0b5-4d3d-8fb8-3e5b61030784, version: 2814750752702464, status: 0, isEffective: False, isDeployed: True, IsAuthorized: False]LOG]!><time="10:19:16.2308671" date="5-29-2026" component="IntuneManagementExtension" context="" type="1" thread="4" file="">
<![LOG[[UnlockWin: GetAllBaseAndSupplementalPolicyInfos] Getting PolicyInfo InstanceID: PolicyInfo, parentId: ./Vendor/MSFT/ApplicationControl/Policies/1678656c-05ef-481f-bc5b-ebd8c991502d, version: 0, status: 0, isEffective: False, isDeployed: True, IsAuthorized: False]LOG]!><time="10:19:16.2308671" date="5-29-2026" component="IntuneManagementExtension" context="" type="1" thread="4" file="">
<![LOG[[UnlockWin: GetAllBaseAndSupplementalPolicyInfos] Getting PolicyInfo InstanceID: PolicyInfo, parentId: ./Vendor/MSFT/ApplicationControl/Policies/2678656c-05ef-481f-bc5b-ebd8c991502d, version: 0, status: 0, isEffective: True, isDeployed: True, IsAuthorized: True]LOG]!><time="10:19:16.2348901" date="5-29-2026" component="IntuneManagementExtension" context="" type="1" thread="4" file="">
<![LOG[[UnlockWin: GetAllBaseAndSupplementalPolicyInfos] Getting PolicyInfo InstanceID: PolicyInfo, parentId: ./Vendor/MSFT/ApplicationControl/Policies/5dac656c-21ad-4a02-ab49-649917162e70, version: 2814751164661760, status: 0, isEffective: False, isDeployed: True, IsAuthorized: False]LOG]!><time="10:19:16.2348901" date="5-29-2026" component="IntuneManagementExtension" context="" type="1" thread="4" file="">
<![LOG[[UnlockWin: GetAllBaseAndSupplementalPolicyInfos] Getting PolicyInfo InstanceID: PolicyInfo, parentId: ./Vendor/MSFT/ApplicationControl/Policies/d2bda982-ccf6-4344-ac5b-0b44427b6816, version: 2814751589335040, status: 0, isEffective: True, isDeployed: False, IsAuthorized: True]LOG]!><time="10:19:16.2348901" date="5-29-2026" component="IntuneManagementExtension" context="" type="1" thread="4" file="">
<![LOG[[UnlockWin: GetAllBaseAndSupplementalPolicyInfos] Getting PolicyInfo InstanceID: PolicyInfo, parentId: ./Vendor/MSFT/ApplicationControl/Policies/0939ed82-bfd5-4d32-b58e-d31d3c49715a, version: 0, status: 0, isEffective: False, isDeployed: True, IsAuthorized: False]LOG]!><time="10:19:16.2348901" date="5-29-2026" component="IntuneManagementExtension" context="" type="1" thread="4" file="">
<![LOG[[UnlockWin: GetAllBaseAndSupplementalPolicyInfos] Getting PolicyInfo InstanceID: PolicyInfo, parentId: ./Vendor/MSFT/ApplicationControl/Policies/1939ed82-bfd5-4d32-b58e-d31d3c49715a, version: 0, status: 0, isEffective: False, isDeployed: True, IsAuthorized: False]LOG]!><time="10:19:16.2392213" date="5-29-2026" component="IntuneManagementExtension" context="" type="1" thread="4" file="">
<![LOG[[UnlockWin: GetAllBaseAndSupplementalPolicyInfos] Getting PolicyInfo InstanceID: PolicyInfo, parentId: ./Vendor/MSFT/ApplicationControl/Policies/a072029f-588b-4b5e-b7f9-05aad67df687, version: 2814751590187008, status: 0, isEffective: True, isDeployed: True, IsAuthorized: True]LOG]!><time="10:19:16.2392213" date="5-29-2026" component="IntuneManagementExtension" context="" type="1" thread="4" file="">
<![LOG[[UnlockWin: GetAllBaseAndSupplementalPolicyInfos] Finished getting all PolicyInfos.]LOG]!><time="10:19:16.2392213" date="5-29-2026" component="IntuneManagementExtension" context="" type="1" thread="4" file="">
<![LOG[Device contains no active Win base policies, not setting up a timer.]LOG]!><time="10:19:16.2392213" date="5-29-2026" component="IntuneManagementExtension" context="" type="1" thread="4" file="">
<![LOG[set timer, delayed seconds = 1560 for workload PowerShell]LOG]!><time="10:19:16.2435011" date="5-29-2026" component="IntuneManagementExtension" context="" type="1" thread="4" file="">
<![LOG[[StatusService] Starting service host.]LOG]!><time="10:19:16.2435011" date="5-29-2026" component="IntuneManagementExtension" context="" type="1" thread="4" file="">
<![LOG[[StatusService] Service host started.]LOG]!><time="10:19:17.3483873" date="5-29-2026" component="IntuneManagementExtension" context="" type="1" thread="4" file="">
<![LOG[[RebootHelper] CheckRebootFlagAndPop start...]LOG]!><time="10:19:17.3483873" date="5-29-2026" component="IntuneManagementExtension" context="" type="2" thread="4" file="">
<![LOG[[RebootHelper] CheckRebootFlagAndPop complete]LOG]!><time="10:19:17.3728261" date="5-29-2026" component="IntuneManagementExtension" context="" type="2" thread="4" file="">
<![LOG[[APv2] Checking if device is in APv2 mode.]LOG]!><time="10:19:17.3768759" date="5-29-2026" component="IntuneManagementExtension" context="" type="1" thread="4" file="">
<![LOG[[APv2] Found DevicePrepHintValue = 0.]LOG]!><time="10:19:17.3768759" date="5-29-2026" component="IntuneManagementExtension" context="" type="1" thread="4" file="">
<![LOG[[APv2] Device is in APv2 mode: False.]LOG]!><time="10:19:17.3768759" date="5-29-2026" component="IntuneManagementExtension" context="" type="1" thread="4" file="">
<![LOG[EMS Agent ApV2 check returned = False]LOG]!><time="10:19:17.3768759" date="5-29-2026" component="IntuneManagementExtension" context="" type="1" thread="4" file="">
<![LOG[EMS Agent initialization is done. Completed in 3817ms]LOG]!><time="10:19:17.3768759" date="5-29-2026" component="IntuneManagementExtension" context="" type="1" thread="4" file="">
<![LOG[[Flighting] Fetching flighting value for key CommonSchemaEventsProcessing...]LOG]!><time="10:19:17.3849311" date="5-29-2026" component="IntuneManagementExtension" context="" type="1" thread="15" file="">
<![LOG[[Flighting] Key: CommonSchemaEventsProcessing, found value: True.]LOG]!><time="10:19:17.3849311" date="5-29-2026" component="IntuneManagementExtension" context="" type="1" thread="15" file="">
<![LOG[[Flighting] Fetching flighting value for key EnableGoldenSignals...]LOG]!><time="10:19:17.3849311" date="5-29-2026" component="IntuneManagementExtension" context="" type="1" thread="15" file="">
<![LOG[[Flighting] Key: EnableGoldenSignals, found value: True.]LOG]!><time="10:19:17.3849311" date="5-29-2026" component="IntuneManagementExtension" context="" type="1" thread="15" file="">
<![LOG[[OnStart](StartWork) {"Message":"Agent Started in StartWork","Colmetadata":"DeviceId;AccountId;ScaleUnit;Exception;","Col1":"4006f577-5328-4139-9ed3-27b9fc6b018f","Col2":"5f09d589-ad94-4886-bc14-bcafeea7dc2c","Col3":"amsua0202","Col4":"","Col5":"","Col6":""}]LOG]!><time="10:19:58.9456751" date="5-29-2026" component="IntuneManagementExtension" context="" type="1" thread="10" file="">
<![LOG[[Win32App][EspHelper][CheckEspPhase] Checking ESP status and phase for sessionId: 0]LOG]!><time="10:19:58.9499826" date="5-29-2026" component="IntuneManagementExtension" context="" type="1" thread="10" file="">
<![LOG[[Win32App][EspHelper][CheckDeviceOnlyFromFirstSyncReg] Opening SOFTWARE\\Microsoft\\Enrollments]LOG]!><time="10:19:59.0272152" date="5-29-2026" component="IntuneManagementExtension" context="" type="1" thread="10" file="">
<![LOG[[Win32App][EspHelper][CheckDeviceOnlyFromFirstSyncReg] Found FirstSync under: SOFTWARE\\Microsoft\\Enrollments\9604B222-70FA-4CF6-B868-899BC664FA0F]LOG]!><time="10:19:59.0312257" date="5-29-2026" component="IntuneManagementExtension" context="" type="1" thread="10" file="">
<![LOG[[Win32App][EspHelper][CheckDeviceOnlyFromFirstSyncReg] Got skipDeviceStatusPageString: 0 under: SOFTWARE\\Microsoft\\Enrollments\9604B222-70FA-4CF6-B868-899BC664FA0F\FirstSync]LOG]!><time="10:19:59.0312257" date="5-29-2026" component="IntuneManagementExtension" context="" type="1" thread="10" file="">
<![LOG[[Win32App][EspHelper][CheckDeviceOnlyFromFirstSyncReg] Set skipDeviceStatusPage: False]LOG]!><time="10:19:59.0312257" date="5-29-2026" component="IntuneManagementExtension" context="" type="1" thread="10" file="">
<![LOG[[Win32App][EspHelper][CheckDeviceOnlyFromFirstSyncReg] Got skipUserStatusPageString: -1 under: SOFTWARE\\Microsoft\\Enrollments\9604B222-70FA-4CF6-B868-899BC664FA0F\FirstSync]LOG]!><time="10:19:59.0312257" date="5-29-2026" component="IntuneManagementExtension" context="" type="1" thread="10" file="">
<![LOG[[Win32App][EspHelper][CheckDeviceOnlyFromFirstSyncReg] Set skipUserStatusPage: True]LOG]!><time="10:19:59.0312257" date="5-29-2026" component="IntuneManagementExtension" context="" type="1" thread="10" file="">
<![LOG[[Win32App][EspHelper][GetLogonIdFromFirstSyncReg] Getting logonId from FirstSyncReg for sessionId 0. Current UserSIDFromFirstSync: , IsSyncDoneForUser: False]LOG]!><time="10:19:59.0434976" date="5-29-2026" component="IntuneManagementExtension" context="" type="1" thread="10" file="">
<![LOG[[Win32App][EspHelper][GetLogonIdFromFirstSyncReg] Opening SOFTWARE\\Microsoft\\Enrollments]LOG]!><time="10:19:59.0434976" date="5-29-2026" component="IntuneManagementExtension" context="" type="1" thread="10" file="">
<![LOG[[Win32App][EspHelper][GetLogonIdFromFirstSyncReg] Current interactive user sessionId: 1, passed in sessionId: 0]LOG]!><time="10:19:59.0434976" date="5-29-2026" component="IntuneManagementExtension" context="" type="1" thread="10" file="">
<![LOG[[Win32App][EspHelper][GetLogonIdFromFirstSyncReg] This is a device session. Will get the first userSid notCompleted one from FirstSyncReg for ESP if available Or absolute first userSid]LOG]!><time="10:19:59.0434976" date="5-29-2026" component="IntuneManagementExtension" context="" type="1" thread="10" file="">
<![LOG[[Win32App][EspHelper][GetLogonIdFromFirstSyncReg] Found FirstSync under: SOFTWARE\\Microsoft\\Enrollments\9604B222-70FA-4CF6-B868-899BC664FA0F]LOG]!><time="10:19:59.0475086" date="5-29-2026" component="IntuneManagementExtension" context="" type="1" thread="10" file="">
<![LOG[[Win32App][EspHelper][GetLogonIdFromFirstSyncReg] Returning UserSIDFromFirstSync: ]LOG]!><time="10:19:59.0475086" date="5-29-2026" component="IntuneManagementExtension" context="" type="1" thread="10" file="">
<![LOG[[Win32App][EspHelper][CheckEspPhase] ESP Checking SidecarCspProvider status]LOG]!><time="10:19:59.0475086" date="5-29-2026" component="IntuneManagementExtension" context="" type="1" thread="10" file="">
<![LOG[[Win32App] Got InstanceID: Sidecar, installationStateString: 3]LOG]!><time="10:19:59.1561153" date="5-29-2026" component="IntuneManagementExtension" context="" type="1" thread="10" file="">
<![LOG[[Win32App] Got installationState: Completed]LOG]!><time="10:19:59.1561153" date="5-29-2026" component="IntuneManagementExtension" context="" type="1" thread="10" file="">
<![LOG[[Win32App][EspHelper][GetHasProvisioningCompleted] Getting hasProvisioningCompleted with userSID ]LOG]!><time="10:19:59.1641583" date="5-29-2026" component="IntuneManagementExtension" context="" type="1" thread="10" file="">
<![LOG[[Win32App][EspHelper][GetHasProvisioningCompletedWmi] Got HasProvisioningCompletedWmi value as False]LOG]!><time="10:19:59.2122752" date="5-29-2026" component="IntuneManagementExtension" context="" type="2" thread="10" file="">
<![LOG[[Win32App] GetSidecarTrackingPoliciesCreated getting trackingPoliciesCreated with userSID ]LOG]!><time="10:19:59.2162836" date="5-29-2026" component="IntuneManagementExtension" context="" type="1" thread="10" file="">
<![LOG[[Win32App] GetSidecarTrackingPoliciesCreated No TrackingPoliciesCreated Found]LOG]!><time="10:19:59.2484044" date="5-29-2026" component="IntuneManagementExtension" context="" type="2" thread="10" file="">
<![LOG[[Win32App][EspHelper][CheckDeviceAndAccountSetupStateWithWmi] ESP got devicePolicyCreated False, deviceHasProvisioningCompleted False]LOG]!><time="10:19:59.2484044" date="5-29-2026" component="IntuneManagementExtension" context="" type="1" thread="10" file="">
<![LOG[[Win32App][EspHelper][CheckDeviceAndAccountSetupStateWithWmi] ESP found deviceHasProvisioningCompleted: False, devicePolicyCreated: False, return DeviceSetup]LOG]!><time="10:19:59.2484044" date="5-29-2026" component="IntuneManagementExtension" context="" type="2" thread="10" file="">
<![LOG[[Win32App][EspHelper][CheckEspPhase] Returning device and account setup state: DeviceSetup]LOG]!><time="10:19:59.2484044" date="5-29-2026" component="IntuneManagementExtension" context="" type="1" thread="10" file="">
<![LOG[Finished ESP phase check before kicking off PowerShell script. ESP phase DeviceSetup]LOG]!><time="10:19:59.2484044" date="5-29-2026" component="IntuneManagementExtension" context="" type="1" thread="10" file="">
<![LOG[[PowerShell] Check flighting to call OnTimer from StartWork.]LOG]!><time="10:19:59.2484044" date="5-29-2026" component="IntuneManagementExtension" context="" type="2" thread="10" file="">
<![LOG[[PowerShell] Invoking new PowerShell plugin.]LOG]!><time="10:19:59.2524352" date="5-29-2026" component="IntuneManagementExtension" context="" type="2" thread="10" file="">
<![LOG[[APv2] Checking if device is in APv2 mode.]LOG]!><time="10:19:59.2845584" date="5-29-2026" component="IntuneManagementExtension" context="" type="1" thread="10" file="">
<![LOG[[APv2] Found DevicePrepHintValue = 0.]LOG]!><time="10:19:59.2845584" date="5-29-2026" component="IntuneManagementExtension" context="" type="1" thread="10" file="">
<![LOG[[APv2] Device is in APv2 mode: False.]LOG]!><time="10:19:59.2845584" date="5-29-2026" component="IntuneManagementExtension" context="" type="1" thread="10" file="">
<![LOG[[Win32App][EspHelper][CheckEspPhase] Checking ESP status and phase for sessionId: 0]LOG]!><time="10:19:59.3170975" date="5-29-2026" component="IntuneManagementExtension" context="" type="1" thread="10" file="">
<![LOG[[Win32App][EspHelper][GetLogonIdFromFirstSyncReg] Getting logonId from FirstSyncReg for sessionId 0. Current UserSIDFromFirstSync: , IsSyncDoneForUser: False]LOG]!><time="10:19:59.3776915" date="5-29-2026" component="IntuneManagementExtension" context="" type="1" thread="10" file="">
<![LOG[[Win32App][EspHelper][GetLogonIdFromFirstSyncReg] Opening SOFTWARE\\Microsoft\\Enrollments]LOG]!><time="10:19:59.3776915" date="5-29-2026" component="IntuneManagementExtension" context="" type="1" thread="10" file="">
<![LOG[[Win32App][EspHelper][GetLogonIdFromFirstSyncReg] Current interactive user sessionId: 1, passed in sessionId: 0]LOG]!><time="10:19:59.3776915" date="5-29-2026" component="IntuneManagementExtension" context="" type="1" thread="10" file="">
<![LOG[[Win32App][EspHelper][GetLogonIdFromFirstSyncReg] This is a device session. Will get the first userSid notCompleted one from FirstSyncReg for ESP if available Or absolute first userSid]LOG]!><time="10:19:59.3817479" date="5-29-2026" component="IntuneManagementExtension" context="" type="1" thread="10" file="">
<![LOG[[Win32App][EspHelper][GetLogonIdFromFirstSyncReg] Found FirstSync under: SOFTWARE\\Microsoft\\Enrollments\9604B222-70FA-4CF6-B868-899BC664FA0F]LOG]!><time="10:19:59.3837668" date="5-29-2026" component="IntuneManagementExtension" context="" type="1" thread="10" file="">
<![LOG[[Win32App][EspHelper][GetLogonIdFromFirstSyncReg] Returning UserSIDFromFirstSync: ]LOG]!><time="10:19:59.3857833" date="5-29-2026" component="IntuneManagementExtension" context="" type="1" thread="10" file="">
<![LOG[[Win32App][EspHelper][CheckEspPhase] ESP Checking SidecarCspProvider status]LOG]!><time="10:19:59.3857833" date="5-29-2026" component="IntuneManagementExtension" context="" type="1" thread="10" file="">
<![LOG[[Win32App] Got InstanceID: Sidecar, installationStateString: 3]LOG]!><time="10:19:59.4309274" date="5-29-2026" component="IntuneManagementExtension" context="" type="1" thread="10" file="">
<![LOG[[Win32App] Got installationState: Completed]LOG]!><time="10:19:59.4309274" date="5-29-2026" component="IntuneManagementExtension" context="" type="1" thread="10" file="">
<![LOG[[Win32App][EspHelper][GetHasProvisioningCompleted] Getting hasProvisioningCompleted with userSID ]LOG]!><time="10:19:59.4309274" date="5-29-2026" component="IntuneManagementExtension" context="" type="1" thread="10" file="">
<![LOG[[Win32App][EspHelper][GetHasProvisioningCompletedWmi] Got HasProvisioningCompletedWmi value as False]LOG]!><time="10:19:59.4636585" date="5-29-2026" component="IntuneManagementExtension" context="" type="2" thread="10" file="">
<![LOG[[Win32App] GetSidecarTrackingPoliciesCreated getting trackingPoliciesCreated with userSID ]LOG]!><time="10:19:59.4636585" date="5-29-2026" component="IntuneManagementExtension" context="" type="1" thread="10" file="">
<![LOG[[Win32App] GetSidecarTrackingPoliciesCreated No TrackingPoliciesCreated Found]LOG]!><time="10:19:59.4964419" date="5-29-2026" component="IntuneManagementExtension" context="" type="2" thread="10" file="">
<![LOG[[Win32App][EspHelper][CheckDeviceAndAccountSetupStateWithWmi] ESP got devicePolicyCreated False, deviceHasProvisioningCompleted False]LOG]!><time="10:19:59.4964419" date="5-29-2026" component="IntuneManagementExtension" context="" type="1" thread="10" file="">
<![LOG[[Win32App][EspHelper][CheckDeviceAndAccountSetupStateWithWmi] ESP found deviceHasProvisioningCompleted: False, devicePolicyCreated: False, return DeviceSetup]LOG]!><time="10:19:59.4964419" date="5-29-2026" component="IntuneManagementExtension" context="" type="2" thread="10" file="">
<![LOG[[Win32App][EspHelper][CheckEspPhase] Returning device and account setup state: DeviceSetup]LOG]!><time="10:19:59.4964419" date="5-29-2026" component="IntuneManagementExtension" context="" type="1" thread="10" file="">
<![LOG[Checking throttle setting]LOG]!><time="10:19:59.5085452" date="5-29-2026" component="IntuneManagementExtension" context="" type="1" thread="10" file="">
<![LOG[Successfully updated throttling info. workload AgentCheckIn, currentCnt = 5]LOG]!><time="10:19:59.5166238" date="5-29-2026" component="IntuneManagementExtension" context="" type="1" thread="10" file="">
<![LOG[Finish throttle checking.]LOG]!><time="10:19:59.5166238" date="5-29-2026" component="IntuneManagementExtension" context="" type="1" thread="10" file="">
<![LOG[[PowerShell] saving throttle info in PowerShell flow]LOG]!><time="10:19:59.5166238" date="5-29-2026" component="IntuneManagementExtension" context="" type="1" thread="10" file="">
<![LOG[[PowerShell] Polling thread starts.]LOG]!><time="10:19:59.5166238" date="5-29-2026" component="IntuneManagementExtension" context="" type="1" thread="10" file="">
<![LOG[[PowerShell] inside RefreshActiveAADUserMap]LOG]!><time="10:19:59.5206525" date="5-29-2026" component="IntuneManagementExtension" context="" type="1" thread="10" file="">
<![LOG[[PowerShell] Get 1 active user sessions]LOG]!><time="10:19:59.5619449" date="5-29-2026" component="IntuneManagementExtension" context="" type="1" thread="10" file="">
<![LOG[starting impersonation, session id = 1]LOG]!><time="10:19:59.5740676" date="5-29-2026" component="IntuneManagementExtension" context="" type="1" thread="10" file="">
<![LOG[After impersonation: LP-9QWCNR2ELVMK\defaultuser0]LOG]!><time="10:19:59.5826547" date="5-29-2026" component="IntuneManagementExtension" context="" type="1" thread="10" file="">
<![LOG[[TokenManager::GetTokenForNewRequestUsingDeviceCheckInAppId]]LOG]!><time="10:19:59.5995755" date="5-29-2026" component="IntuneManagementExtension" context="" type="1" thread="10" file="">
<![LOG[provider id = https://login.microsoft.com, authority = organizations]LOG]!><time="10:19:59.6866343" date="5-29-2026" component="IntuneManagementExtension" context="" type="1" thread="17" file="">
<![LOG[get provider, provider name = Work or school account]LOG]!><time="10:19:59.6886471" date="5-29-2026" component="IntuneManagementExtension" context="" type="1" thread="17" file="">
<![LOG[Failed to get AAD token. len = 34 using client id fc0f3af4-6835-4174-b806-f7db311fd2f3 and resource id 26a4ae64-5862-427f-a9b0-044e62572a4f, errorCode = 3399548929]LOG]!><time="10:19:59.9612073" date="5-29-2026" component="IntuneManagementExtension" context="" type="1" thread="17" file="">
<![LOG[Need user interaction to continue.]LOG]!><time="10:19:59.9612073" date="5-29-2026" component="IntuneManagementExtension" context="" type="1" thread="17" file="">
<![LOG[AAD User check is failed, exception is Intune Management Extension Error.
Exception: Microsoft.Management.Services.IntuneWindowsAgent.AgentCommon.TokenAquireException: Attempt to get token, but failed.
   at Microsoft.Management.Services.IntuneWindowsAgent.AgentCommon.IntuneTokenManager.<GetTokenInternalAsync>d__44.MoveNext()
--- End of stack trace from previous location where exception was thrown ---
   at System.Runtime.CompilerServices.TaskAwaiter.ThrowForNonSuccess(Task task)
   at System.Runtime.CompilerServices.TaskAwaiter.HandleNonSuccessAndDebuggerNotification(Task task)
   at Microsoft.Management.Services.IntuneWindowsAgent.AgentCommon.IntuneTokenManager.<GetTokenForNewRequestUsingDeviceCheckInAppId>d__43.MoveNext()
--- End of stack trace from previous location where exception was thrown ---
   at System.Runtime.CompilerServices.TaskAwaiter.ThrowForNonSuccess(Task task)
   at System.Runtime.CompilerServices.TaskAwaiter.HandleNonSuccessAndDebuggerNotification(Task task)
   at Microsoft.Management.Services.IntuneWindowsAgent.AgentCommon.DiscoveryService.<<IsAADUserInternal>b__19_0>d.MoveNext()
--- End of stack trace from previous location where exception was thrown ---
   at System.Runtime.CompilerServices.TaskAwaiter.ThrowForNonSuccess(Task task)
   at System.Runtime.CompilerServices.TaskAwaiter.HandleNonSuccessAndDebuggerNotification(Task task)
   at System.Runtime.CompilerServices.TaskAwaiter.GetResult()
   at Microsoft.Management.Services.IntuneWindowsAgent.AgentCommon.ImpersonateHelper.<DoActionWithImpersonation>d__4.MoveNext()
--- End of stack trace from previous location where exception was thrown ---
   at System.Runtime.CompilerServices.TaskAwaiter.ThrowForNonSuccess(Task task)
   at System.Runtime.CompilerServices.TaskAwaiter.HandleNonSuccessAndDebuggerNotification(Task task)
   at Microsoft.Management.Services.IntuneWindowsAgent.AgentCommon.DiscoveryService.<IsAADUserInternal>d__19.MoveNext(), session is 1]LOG]!><time="10:19:59.9774143" date="5-29-2026" component="IntuneManagementExtension" context="" type="1" thread="17" file="">
<![LOG[AAD User check using device check in app is failed, now fallback to the Graph audience. ex = Intune Management Extension Error.
Exception: Microsoft.Management.Services.IntuneWindowsAgent.AgentCommon.TokenAquireException: Attempt to get token, but failed.
   at Microsoft.Management.Services.IntuneWindowsAgent.AgentCommon.DiscoveryService.<IsAADUserInternal>d__19.MoveNext()
--- End of stack trace from previous location where exception was thrown ---
   at System.Runtime.CompilerServices.TaskAwaiter.ThrowForNonSuccess(Task task)
   at System.Runtime.CompilerServices.TaskAwaiter.HandleNonSuccessAndDebuggerNotification(Task task)
   at Microsoft.Management.Services.IntuneWindowsAgent.AgentCommon.DiscoveryService.<IsAADUser>d__17.MoveNext()]LOG]!><time="10:19:59.9774143" date="5-29-2026" component="IntuneManagementExtension" context="" type="3" thread="17" file="">
<![LOG[starting impersonation, session id = 1]LOG]!><time="10:19:59.9799463" date="5-29-2026" component="IntuneManagementExtension" context="" type="1" thread="17" file="">
<![LOG[After impersonation: LP-9QWCNR2ELVMK\defaultuser0]LOG]!><time="10:19:59.9816852" date="5-29-2026" component="IntuneManagementExtension" context="" type="1" thread="17" file="">
<![LOG[[TokenManager::GetTokenForNewRequestAsync]]LOG]!><time="10:19:59.9857119" date="5-29-2026" component="IntuneManagementExtension" context="" type="1" thread="17" file="">
<![LOG[provider id = https://login.microsoft.com, authority = organizations]LOG]!><time="10:19:59.9897646" date="5-29-2026" component="IntuneManagementExtension" context="" type="1" thread="17" file="">
<![LOG[get provider, provider name = Work or school account]LOG]!><time="10:19:59.9897646" date="5-29-2026" component="IntuneManagementExtension" context="" type="1" thread="17" file="">
<![LOG[Failed to get AAD token. len = 34 using client id fc0f3af4-6835-4174-b806-f7db311fd2f3 and resource id 00000003-0000-0000-c000-000000000000, errorCode = 3399548929]LOG]!><time="10:20:00.1824280" date="5-29-2026" component="IntuneManagementExtension" context="" type="1" thread="17" file="">
<![LOG[Need user interaction to continue.]LOG]!><time="10:20:00.1865193" date="5-29-2026" component="IntuneManagementExtension" context="" type="1" thread="17" file="">
<![LOG[AAD User check is failed, exception is Intune Management Extension Error.
Exception: Microsoft.Management.Services.IntuneWindowsAgent.AgentCommon.TokenAquireException: Attempt to get token, but failed.
   at Microsoft.Management.Services.IntuneWindowsAgent.AgentCommon.IntuneTokenManager.<GetTokenInternalAsync>d__44.MoveNext()
--- End of stack trace from previous location where exception was thrown ---
   at System.Runtime.CompilerServices.TaskAwaiter.ThrowForNonSuccess(Task task)
   at System.Runtime.CompilerServices.TaskAwaiter.HandleNonSuccessAndDebuggerNotification(Task task)
   at Microsoft.Management.Services.IntuneWindowsAgent.AgentCommon.IntuneTokenManager.<GetTokenForNewRequestAsync>d__42.MoveNext()
--- End of stack trace from previous location where exception was thrown ---
   at System.Runtime.CompilerServices.TaskAwaiter.ThrowForNonSuccess(Task task)
   at System.Runtime.CompilerServices.TaskAwaiter.HandleNonSuccessAndDebuggerNotification(Task task)
   at Microsoft.Management.Services.IntuneWindowsAgent.AgentCommon.DiscoveryService.<<IsAADUserInternal>b__19_1>d.MoveNext()
--- End of stack trace from previous location where exception was thrown ---
   at System.Runtime.CompilerServices.TaskAwaiter.ThrowForNonSuccess(Task task)
   at System.Runtime.CompilerServices.TaskAwaiter.HandleNonSuccessAndDebuggerNotification(Task task)
   at System.Runtime.CompilerServices.TaskAwaiter.GetResult()
   at Microsoft.Management.Services.IntuneWindowsAgent.AgentCommon.ImpersonateHelper.<DoActionWithImpersonation>d__4.MoveNext()
--- End of stack trace from previous location where exception was thrown ---
   at System.Runtime.CompilerServices.TaskAwaiter.ThrowForNonSuccess(Task task)
   at System.Runtime.CompilerServices.TaskAwaiter.HandleNonSuccessAndDebuggerNotification(Task task)
   at Microsoft.Management.Services.IntuneWindowsAgent.AgentCommon.DiscoveryService.<IsAADUserInternal>d__19.MoveNext(), session is 1]LOG]!><time="10:20:00.1865193" date="5-29-2026" component="IntuneManagementExtension" context="" type="1" thread="17" file="">
<![LOG[[PowerShell] Total valid AAD User session count is 0]LOG]!><time="10:20:00.1865193" date="5-29-2026" component="IntuneManagementExtension" context="" type="1" thread="10" file="">
<![LOG[Found 1 MDM certificates from Local Computer Store.]LOG]!><time="10:20:00.1905352" date="5-29-2026" component="IntuneManagementExtension" context="" type="1" thread="10" file="">
<![LOG[Refreshed MDM device certificate, CN is CN=4006f577-5328-4139-9ed3-27b9fc6b018f, expiry is 2027-05-27 2:42:16 AM]LOG]!><time="10:20:00.1905352" date="5-29-2026" component="IntuneManagementExtension" context="" type="1" thread="10" file="">
<![LOG[[Location Service] Found cached SideCarGatewayServiceUrl: https://agents.amsua0202.manage.microsoft.com/TrafficGateway/TrafficRoutingService/SideCar/StatelessSideCarGatewayService]LOG]!><time="10:20:00.1946897" date="5-29-2026" component="IntuneManagementExtension" context="" type="1" thread="10" file="">
<![LOG[[PowerShell] Add MDM Device session id : 0]LOG]!><time="10:20:00.1987150" date="5-29-2026" component="IntuneManagementExtension" context="" type="2" thread="10" file="">
<![LOG[[PowerShell] Processing user session 0, user id = 00000000-0000-0000-0000-000000000000]LOG]!><time="10:20:00.2027300" date="5-29-2026" component="IntuneManagementExtension" context="" type="1" thread="10" file="">
<![LOG[[PowerShell] Set MdmDeviceCertificate : 02E4F9FB5FC65A142EA077D00A8BC04A10DC732B]LOG]!><time="10:20:00.2027300" date="5-29-2026" component="IntuneManagementExtension" context="" type="1" thread="10" file="">
<![LOG[[GetChannelUriInformation] Start get channel URI information.]LOG]!><time="10:20:00.2428806" date="5-29-2026" component="IntuneManagementExtension" context="" type="1" thread="10" file="">
<![LOG[[ReadChannelUriFromRegistry] Read successfully, info is https://wns2-bl2p.notify.windows.com/?token=AwYAAACyoGMCKbJe3ra82GxIIQuH43O2Z5785LGvyQP0%2f8%2bHLLh%2fJ2jKARwyNQiNyf3heMi6yNkv%2fwlw1%2fwWlIvBkEpGMEubhd6JE%2fYRlmIr8O1Skb3gG5RK%2bj9vNkQK7Dqr%2bJU%3d,06/13/2026 17:15:34,NoSync,0,,]LOG]!><time="10:20:00.2469352" date="5-29-2026" component="IntuneManagementExtension" context="" type="1" thread="10" file="">
<![LOG[[GetChannelUriInformation] End get channel URI information, ChannelAddress is https://wns2-bl2p.notify.windows.com/?token=AwYAAACyoGMCKbJe3ra82GxIIQuH43O2Z5785LGvyQP0%2f8%2bHLLh%2fJ2jKARwyNQiNyf3heMi6yNkv%2fwlw1%2fwWlIvBkEpGMEubhd6JE%2fYRlmIr8O1Skb3gG5RK%2bj9vNkQK7Dqr%2bJU%3d and SyncType is FullSync]LOG]!><time="10:20:00.2469352" date="5-29-2026" component="IntuneManagementExtension" context="" type="1" thread="10" file="">
<![LOG[[AgentExecutionHistory] Retrieved Crash Count: 0]LOG]!><time="10:20:00.2511396" date="5-29-2026" component="IntuneManagementExtension" context="" type="1" thread="10" file="">
<![LOG[AgentExecutionHistory : AgentExecutionStartTime is 05/29/2026 17:15:31, AgentExecutionEndTime is 05/29/2026 17:15:32, AgentCrashCount is 0.]LOG]!><time="10:20:00.2511396" date="5-29-2026" component="IntuneManagementExtension" context="" type="1" thread="10" file="">
<![LOG[[AgentExecutionHistory] Crash Count successfully set to: 0]LOG]!><time="10:20:00.2551699" date="5-29-2026" component="IntuneManagementExtension" context="" type="1" thread="10" file="">
<![LOG[Load 0 policy results.]LOG]!><time="10:20:00.2754820" date="5-29-2026" component="IntuneManagementExtension" context="" type="1" thread="10" file="">
<![LOG[[PowerShell] Requesting policies with session id 229990d7-c0b9-426c-a0c7-c79f1830aeef ...]LOG]!><time="10:20:00.2754820" date="5-29-2026" component="IntuneManagementExtension" context="" type="1" thread="10" file="">
<![LOG[[ServiceBase], check in using device check in AAD App]LOG]!><time="10:20:00.3124500" date="5-29-2026" component="IntuneManagementExtension" context="" type="1" thread="10" file="">
<![LOG[[SendWebRequestInternal] iteration [0] started, total retryCount: 0]LOG]!><time="10:20:00.3451562" date="5-29-2026" component="IntuneManagementExtension" context="" type="1" thread="10" file="">
<![LOG[PrepareHeaders, client-request-id: 1b07976f-2be1-4127-ba64-e8b4eda6e166, Method: PUT]LOG]!><time="10:20:00.3532597" date="5-29-2026" component="IntuneManagementExtension" context="" type="1" thread="10" file="">
<![LOG[Userless session, skip UserToken for device check-in]LOG]!><time="10:20:00.3857466" date="5-29-2026" component="IntuneManagementExtension" context="" type="1" thread="10" file="">
<![LOG[Found 1 MDM certificates from Local Computer Store.]LOG]!><time="10:20:00.3857466" date="5-29-2026" component="IntuneManagementExtension" context="" type="1" thread="10" file="">
<![LOG[Add MdmDeviceCertificate 02E4F9FB5FC65A142EA077D00A8BC04A10DC732B into WebRequest with True]LOG]!><time="10:20:00.3857466" date="5-29-2026" component="IntuneManagementExtension" context="" type="1" thread="10" file="">
<![LOG[[SendWebRequestInternal] Sending network request...  Current proxy is https://agents.amsua0202.manage.microsoft.com/TrafficGateway/TrafficRoutingService/SideCar/StatelessSideCarGatewayService/SideCarGatewaySessions('229990d7-c0b9-426c-a0c7-c79f1830aeef')%3Fapi-version=1.5]LOG]!><time="10:20:00.3938550" date="5-29-2026" component="IntuneManagementExtension" context="" type="1" thread="10" file="">
<![LOG[[SendWebRequestInternal] Succeeded, client-request-id: 1b07976f-2be1-4127-ba64-e8b4eda6e166, AfdRef: ]LOG]!><time="10:20:00.9854466" date="5-29-2026" component="IntuneManagementExtension" context="" type="1" thread="14" file="">
<![LOG[[Flighting3] CheckEnabledFlights: EnablePublishChannelUriFeature,EnableDeviceActionFeature,IntunePivotInitial,IntunePivotUseProtectedData,SymLinkDetectionAndUserAccessRemovalEnabled]LOG]!><time="10:20:01.0557715" date="5-29-2026" component="IntuneManagementExtension" context="" type="3" thread="10" file="">
<![LOG[[Flighting] Windows Remote Help Unattended enabled state set to: False.]LOG]!><time="10:20:01.0595164" date="5-29-2026" component="IntuneManagementExtension" context="" type="1" thread="10" file="">
<![LOG[[PowerShell] response payload is []]LOG]!><time="10:20:01.0615185" date="5-29-2026" component="IntuneManagementExtension" context="" type="1" thread="10" file="">
<![LOG[[PowerShell] Get 0 policies for user 00000000-0000-0000-0000-000000000000 in session 0]LOG]!><time="10:20:01.0672675" date="5-29-2026" component="IntuneManagementExtension" context="" type="1" thread="10" file="">
<![LOG[[PowerShell] Calling FilterPolicies.]LOG]!><time="10:20:01.0672675" date="5-29-2026" component="IntuneManagementExtension" context="" type="1" thread="10" file="">
<![LOG[[PowerShell] After filter, get 0 policies for user 00000000-0000-0000-0000-000000000000 in session 0]LOG]!><time="10:20:01.0710116" date="5-29-2026" component="IntuneManagementExtension" context="" type="1" thread="10" file="">
<![LOG[[PowerShell] Calling ProcessPolicies]LOG]!><time="10:20:01.0730134" date="5-29-2026" component="IntuneManagementExtension" context="" type="1" thread="10" file="">
<![LOG[[Flighting] Fetching flighting value for key DisableV2ChainValidation...]LOG]!><time="10:20:01.0730134" date="5-29-2026" component="IntuneManagementExtension" context="" type="1" thread="10" file="">
<![LOG[[Flighting] Key: DisableV2ChainValidation, value not found. Falling back to default value: False.]LOG]!><time="10:20:01.0730134" date="5-29-2026" component="IntuneManagementExtension" context="" type="2" thread="10" file="">
<![LOG[[PowerShell] FlightingV2 SkipV2ChainValidation = False, existing value = False]LOG]!><time="10:20:01.0730134" date="5-29-2026" component="IntuneManagementExtension" context="" type="1" thread="10" file="">
<![LOG[[PowerShell] ProviderResult after policy processing optional Result = 0]LOG]!><time="10:20:01.0790218" date="5-29-2026" component="IntuneManagementExtension" context="" type="1" thread="10" file="">
<![LOG[[PowerShell] Polling thread stopped.]LOG]!><time="10:20:01.0790218" date="5-29-2026" component="IntuneManagementExtension" context="" type="1" thread="10" file="">
<![LOG[[PowerShell] ProviderResult final optional Result = 0]LOG]!><time="10:20:01.0790218" date="5-29-2026" component="IntuneManagementExtension" context="" type="1" thread="10" file="">
<![LOG[[PowerShell] ProviderResult: ProvisioningComplete.]LOG]!><time="10:20:01.0790218" date="5-29-2026" component="IntuneManagementExtension" context="" type="1" thread="10" file="">
<![LOG[[EmsAgentService:StartWork] Device is either not in 'Win 10 S Mode' or not a '19H2 (Win 10 S supported) or later' build.]LOG]!><time="10:20:01.0810247" date="5-29-2026" component="IntuneManagementExtension" context="" type="1" thread="10" file="">
<![LOG[[Win32AppAsync] Starting app check in]LOG]!><time="10:20:01.0830265" date="5-29-2026" component="IntuneManagementExtension" context="" type="1" thread="10" file="">
<![LOG[[APv2] Checking if device is in APv2 mode.]LOG]!><time="10:20:01.0890333" date="5-29-2026" component="IntuneManagementExtension" context="" type="1" thread="10" file="">
<![LOG[[APv2] Found DevicePrepHintValue = 0.]LOG]!><time="10:20:01.0890333" date="5-29-2026" component="IntuneManagementExtension" context="" type="1" thread="10" file="">
<![LOG[[APv2] Device is in APv2 mode: False.]LOG]!><time="10:20:01.0890333" date="5-29-2026" component="IntuneManagementExtension" context="" type="1" thread="10" file="">
<![LOG[co-mgt features is not available, ex = System.Management.ManagementException, not fatal]LOG]!><time="10:20:01.1328295" date="5-29-2026" component="IntuneManagementExtension" context="" type="2" thread="10" file="">
<![LOG[Comgt app workload status False]LOG]!><time="10:20:01.1348316" date="5-29-2026" component="IntuneManagementExtension" context="" type="1" thread="10" file="">
<![LOG[System.Exception: GetAADJoinInfo - Failed to get Azure AD Join information using NetGetAadJoinInformation.  hr:1
   at Microsoft.Management.Services.IntuneWindowsAgent.AgentCommon.AADJoinHelper.GetAADJoinInfo()]LOG]!><time="10:20:01.1768832" date="5-29-2026" component="IntuneManagementExtension" context="" type="2" thread="10" file="">
<![LOG[Failed to check if device is WPJ, ex is System.Exception: GetAADJoinInfo - Failed to get Azure AD Join information using NetGetAadJoinInformation.  hr:1
   at Microsoft.Management.Services.IntuneWindowsAgent.AgentCommon.AADJoinHelper.GetAADJoinInfo()
   at Microsoft.Management.Services.IntuneWindowsAgent.AgentCommon.AADJoinHelper.IsDeviceWPJ()]LOG]!><time="10:20:01.1788854" date="5-29-2026" component="IntuneManagementExtension" context="" type="2" thread="10" file="">
<![LOG[starting impersonation, session id = 1]LOG]!><time="10:20:01.3806767" date="5-29-2026" component="IntuneManagementExtension" context="" type="1" thread="10" file="">
<![LOG[After impersonation: LP-9QWCNR2ELVMK\defaultuser0]LOG]!><time="10:20:01.3844214" date="5-29-2026" component="IntuneManagementExtension" context="" type="1" thread="10" file="">
<![LOG[[TokenManager::GetTokenForNewRequestUsingDeviceCheckInAppId]]LOG]!><time="10:20:01.3844214" date="5-29-2026" component="IntuneManagementExtension" context="" type="1" thread="10" file="">
<![LOG[provider id = https://login.microsoft.com, authority = organizations]LOG]!><time="10:20:01.3901688" date="5-29-2026" component="IntuneManagementExtension" context="" type="1" thread="17" file="">
<![LOG[get provider, provider name = Work or school account]LOG]!><time="10:20:01.3901688" date="5-29-2026" component="IntuneManagementExtension" context="" type="1" thread="17" file="">
<![LOG[Failed to get AAD token. len = 34 using client id fc0f3af4-6835-4174-b806-f7db311fd2f3 and resource id 26a4ae64-5862-427f-a9b0-044e62572a4f, errorCode = 3399548929]LOG]!><time="10:20:01.4064080" date="5-29-2026" component="IntuneManagementExtension" context="" type="1" thread="17" file="">
<![LOG[Need user interaction to continue.]LOG]!><time="10:20:01.4064080" date="5-29-2026" component="IntuneManagementExtension" context="" type="1" thread="17" file="">
<![LOG[AAD User check is failed, exception is Intune Management Extension Error.
Exception: Microsoft.Management.Services.IntuneWindowsAgent.AgentCommon.TokenAquireException: Attempt to get token, but failed.
   at Microsoft.Management.Services.IntuneWindowsAgent.AgentCommon.IntuneTokenManager.<GetTokenInternalAsync>d__44.MoveNext()
--- End of stack trace from previous location where exception was thrown ---
   at System.Runtime.CompilerServices.TaskAwaiter.ThrowForNonSuccess(Task task)
   at System.Runtime.CompilerServices.TaskAwaiter.HandleNonSuccessAndDebuggerNotification(Task task)
   at Microsoft.Management.Services.IntuneWindowsAgent.AgentCommon.IntuneTokenManager.<GetTokenForNewRequestUsingDeviceCheckInAppId>d__43.MoveNext()
--- End of stack trace from previous location where exception was thrown ---
   at System.Runtime.CompilerServices.TaskAwaiter.ThrowForNonSuccess(Task task)
   at System.Runtime.CompilerServices.TaskAwaiter.HandleNonSuccessAndDebuggerNotification(Task task)
   at Microsoft.Management.Services.IntuneWindowsAgent.AgentCommon.DiscoveryService.<<IsAADUserInternal>b__19_0>d.MoveNext()
--- End of stack trace from previous location where exception was thrown ---
   at System.Runtime.CompilerServices.TaskAwaiter.ThrowForNonSuccess(Task task)
   at System.Runtime.CompilerServices.TaskAwaiter.HandleNonSuccessAndDebuggerNotification(Task task)
   at System.Runtime.CompilerServices.TaskAwaiter.GetResult()
   at Microsoft.Management.Services.IntuneWindowsAgent.AgentCommon.ImpersonateHelper.<DoActionWithImpersonation>d__4.MoveNext()
--- End of stack trace from previous location where exception was thrown ---
   at System.Runtime.CompilerServices.TaskAwaiter.ThrowForNonSuccess(Task task)
   at System.Runtime.CompilerServices.TaskAwaiter.HandleNonSuccessAndDebuggerNotification(Task task)
   at Microsoft.Management.Services.IntuneWindowsAgent.AgentCommon.DiscoveryService.<IsAADUserInternal>d__19.MoveNext(), session is 1]LOG]!><time="10:20:01.4104953" date="5-29-2026" component="IntuneManagementExtension" context="" type="1" thread="17" file="">
<![LOG[AAD User check using device check in app is failed, now fallback to the Graph audience. ex = Intune Management Extension Error.
Exception: Microsoft.Management.Services.IntuneWindowsAgent.AgentCommon.TokenAquireException: Attempt to get token, but failed.
   at Microsoft.Management.Services.IntuneWindowsAgent.AgentCommon.DiscoveryService.<IsAADUserInternal>d__19.MoveNext()
--- End of stack trace from previous location where exception was thrown ---
   at System.Runtime.CompilerServices.TaskAwaiter.ThrowForNonSuccess(Task task)
   at System.Runtime.CompilerServices.TaskAwaiter.HandleNonSuccessAndDebuggerNotification(Task task)
   at Microsoft.Management.Services.IntuneWindowsAgent.AgentCommon.DiscoveryService.<IsAADUser>d__17.MoveNext()]LOG]!><time="10:20:01.4104953" date="5-29-2026" component="IntuneManagementExtension" context="" type="3" thread="17" file="">
<![LOG[starting impersonation, session id = 1]LOG]!><time="10:20:01.4104953" date="5-29-2026" component="IntuneManagementExtension" context="" type="1" thread="17" file="">
<![LOG[After impersonation: LP-9QWCNR2ELVMK\defaultuser0]LOG]!><time="10:20:01.4104953" date="5-29-2026" component="IntuneManagementExtension" context="" type="1" thread="17" file="">
<![LOG[[TokenManager::GetTokenForNewRequestAsync]]LOG]!><time="10:20:01.4145345" date="5-29-2026" component="IntuneManagementExtension" context="" type="1" thread="17" file="">
<![LOG[provider id = https://login.microsoft.com, authority = organizations]LOG]!><time="10:20:01.4185650" date="5-29-2026" component="IntuneManagementExtension" context="" type="1" thread="17" file="">
<![LOG[get provider, provider name = Work or school account]LOG]!><time="10:20:01.4185650" date="5-29-2026" component="IntuneManagementExtension" context="" type="1" thread="17" file="">
<![LOG[Failed to get AAD token. len = 34 using client id fc0f3af4-6835-4174-b806-f7db311fd2f3 and resource id 00000003-0000-0000-c000-000000000000, errorCode = 3399548929]LOG]!><time="10:20:01.4347226" date="5-29-2026" component="IntuneManagementExtension" context="" type="1" thread="17" file="">
<![LOG[Need user interaction to continue.]LOG]!><time="10:20:01.4347226" date="5-29-2026" component="IntuneManagementExtension" context="" type="1" thread="17" file="">
<![LOG[AAD User check is failed, exception is Intune Management Extension Error.
Exception: Microsoft.Management.Services.IntuneWindowsAgent.AgentCommon.TokenAquireException: Attempt to get token, but failed.
   at Microsoft.Management.Services.IntuneWindowsAgent.AgentCommon.IntuneTokenManager.<GetTokenInternalAsync>d__44.MoveNext()
--- End of stack trace from previous location where exception was thrown ---
   at System.Runtime.CompilerServices.TaskAwaiter.ThrowForNonSuccess(Task task)
   at System.Runtime.CompilerServices.TaskAwaiter.HandleNonSuccessAndDebuggerNotification(Task task)
   at Microsoft.Management.Services.IntuneWindowsAgent.AgentCommon.IntuneTokenManager.<GetTokenForNewRequestAsync>d__42.MoveNext()
--- End of stack trace from previous location where exception was thrown ---
   at System.Runtime.CompilerServices.TaskAwaiter.ThrowForNonSuccess(Task task)
   at System.Runtime.CompilerServices.TaskAwaiter.HandleNonSuccessAndDebuggerNotification(Task task)
   at Microsoft.Management.Services.IntuneWindowsAgent.AgentCommon.DiscoveryService.<<IsAADUserInternal>b__19_1>d.MoveNext()
--- End of stack trace from previous location where exception was thrown ---
   at System.Runtime.CompilerServices.TaskAwaiter.ThrowForNonSuccess(Task task)
   at System.Runtime.CompilerServices.TaskAwaiter.HandleNonSuccessAndDebuggerNotification(Task task)
   at System.Runtime.CompilerServices.TaskAwaiter.GetResult()
   at Microsoft.Management.Services.IntuneWindowsAgent.AgentCommon.ImpersonateHelper.<DoActionWithImpersonation>d__4.MoveNext()
--- End of stack trace from previous location where exception was thrown ---
   at System.Runtime.CompilerServices.TaskAwaiter.ThrowForNonSuccess(Task task)
   at System.Runtime.CompilerServices.TaskAwaiter.HandleNonSuccessAndDebuggerNotification(Task task)
   at Microsoft.Management.Services.IntuneWindowsAgent.AgentCommon.DiscoveryService.<IsAADUserInternal>d__19.MoveNext(), session is 1]LOG]!><time="10:20:01.4347226" date="5-29-2026" component="IntuneManagementExtension" context="" type="1" thread="17" file="">
<![LOG[Found 1 MDM certificates from Local Computer Store.]LOG]!><time="10:20:01.4470924" date="5-29-2026" component="IntuneManagementExtension" context="" type="1" thread="10" file="">
<![LOG[[Location Service] Found cached SideCarGatewayServiceUrl: https://agents.amsua0202.manage.microsoft.com/TrafficGateway/TrafficRoutingService/SideCar/StatelessSideCarGatewayService]LOG]!><time="10:20:01.4470924" date="5-29-2026" component="IntuneManagementExtension" context="" type="1" thread="10" file="">
<![LOG[co-mgt features is not available, ex = System.Management.ManagementException, not fatal]LOG]!><time="10:20:01.5157631" date="5-29-2026" component="IntuneManagementExtension" context="" type="2" thread="10" file="">
<![LOG[Comgt app workload status False]LOG]!><time="10:20:01.5157631" date="5-29-2026" component="IntuneManagementExtension" context="" type="1" thread="10" file="">
<![LOG[[Flighting] Fetching flighting value for key 4CF8C6F4-C96E-4454-A6D0-196EAAC3E496...]LOG]!><time="10:20:01.5157631" date="5-29-2026" component="IntuneManagementExtension" context="" type="1" thread="10" file="">
<![LOG[[Flighting] Key: 4CF8C6F4-C96E-4454-A6D0-196EAAC3E496, value not found. Falling back to default value: False.]LOG]!><time="10:20:01.5157631" date="5-29-2026" component="IntuneManagementExtension" context="" type="2" thread="10" file="">
<![LOG[[ServiceBase], check in using device check in AAD App]LOG]!><time="10:20:01.7445160" date="5-29-2026" component="IntuneManagementExtension" context="" type="1" thread="10" file="">
<![LOG[[SendWebRequestInternal] iteration [0] started, total retryCount: 0]LOG]!><time="10:20:01.7445160" date="5-29-2026" component="IntuneManagementExtension" context="" type="1" thread="10" file="">
<![LOG[PrepareHeaders, client-request-id: a84968d4-2ac9-471d-8da5-f2087348760c, Method: PUT]LOG]!><time="10:20:01.7485533" date="5-29-2026" component="IntuneManagementExtension" context="" type="1" thread="10" file="">
<![LOG[Userless session, skip UserToken for device check-in]LOG]!><time="10:20:01.7485533" date="5-29-2026" component="IntuneManagementExtension" context="" type="1" thread="10" file="">
<![LOG[Found 1 MDM certificates from Local Computer Store.]LOG]!><time="10:20:01.7485533" date="5-29-2026" component="IntuneManagementExtension" context="" type="1" thread="10" file="">
<![LOG[Add MdmDeviceCertificate 02E4F9FB5FC65A142EA077D00A8BC04A10DC732B into WebRequest with True]LOG]!><time="10:20:01.7485533" date="5-29-2026" component="IntuneManagementExtension" context="" type="1" thread="10" file="">
<![LOG[[SendWebRequestInternal] Sending network request...  Current proxy is https://agents.amsua0202.manage.microsoft.com/TrafficGateway/TrafficRoutingService/SideCar/StatelessSideCarGatewayService/SideCarGatewaySessions('585ebc7a-8d2b-4cab-8da4-113c3eab93dc')%3Fapi-version=1.5]LOG]!><time="10:20:01.7526139" date="5-29-2026" component="IntuneManagementExtension" context="" type="1" thread="10" file="">
<![LOG[[SendWebRequestInternal] Succeeded, client-request-id: a84968d4-2ac9-471d-8da5-f2087348760c, AfdRef: ]LOG]!><time="10:20:01.9988841" date="5-29-2026" component="IntuneManagementExtension" context="" type="1" thread="9" file="">
<![LOG[[Flighting] Fetching flighting value for key ClearGRSInESP...]LOG]!><time="10:20:02.1411388" date="5-29-2026" component="IntuneManagementExtension" context="" type="1" thread="10" file="">
<![LOG[[Flighting] Key: ClearGRSInESP, found value: True.]LOG]!><time="10:20:02.1431406" date="5-29-2026" component="IntuneManagementExtension" context="" type="1" thread="10" file="">
<![LOG[[GenericWorkload] Initiating GenericWorkload Checkin]LOG]!><time="10:20:06.3952083" date="5-29-2026" component="IntuneManagementExtension" context="" type="1" thread="16" file="">
<![LOG[[Flighting] Fetching flighting value for key EnableInfraReporting...]LOG]!><time="10:20:06.4327738" date="5-29-2026" component="IntuneManagementExtension" context="" type="1" thread="16" file="">
<![LOG[[Flighting] Key: EnableInfraReporting, value not found. Falling back to default value: False.]LOG]!><time="10:20:06.4327738" date="5-29-2026" component="IntuneManagementExtension" context="" type="2" thread="16" file="">
<![LOG[[GenericWorkload] Agent Restart flag for retrieving channel URI is True]LOG]!><time="10:20:06.4623219" date="5-29-2026" component="IntuneManagementExtension" context="" type="1" thread="16" file="">
<![LOG[[GetChannelUriFromWns] Start get channel URI information]LOG]!><time="10:20:06.4706042" date="5-29-2026" component="IntuneManagementExtension" context="" type="1" thread="16" file="">
<![LOG[[ReadChannelUriFromRegistry] Read successfully, info is https://wns2-bl2p.notify.windows.com/?token=AwYAAACyoGMCKbJe3ra82GxIIQuH43O2Z5785LGvyQP0%2f8%2bHLLh%2fJ2jKARwyNQiNyf3heMi6yNkv%2fwlw1%2fwWlIvBkEpGMEubhd6JE%2fYRlmIr8O1Skb3gG5RK%2bj9vNkQK7Dqr%2bJU%3d,06/13/2026 17:15:34,NoSync,0,,]LOG]!><time="10:20:06.4706042" date="5-29-2026" component="IntuneManagementExtension" context="" type="1" thread="16" file="">
<![LOG[[GetChannelUriFromWns] Calling WNS API to register Channel]LOG]!><time="10:20:06.4706042" date="5-29-2026" component="IntuneManagementExtension" context="" type="1" thread="16" file="">
<![LOG[[WnsHelper] Registering app for notifications]LOG]!><time="10:20:06.4832169" date="5-29-2026" component="IntuneManagementExtension" context="" type="1" thread="16" file="">
<![LOG[[WnsHelper] Successfully registered app for notifications]LOG]!><time="10:20:06.4832169" date="5-29-2026" component="IntuneManagementExtension" context="" type="1" thread="16" file="">
<![LOG[[GetChannelUriFromWns] Registered channel URI: https://wns2-bl2p.notify.windows.com/?token=AwYAAACyoGMCKbJe3ra82GxIIQuH43O2Z5785LGvyQP0%2f8%2bHLLh%2fJ2jKARwyNQiNyf3heMi6yNkv%2fwlw1%2fwWlIvBkEpGMEubhd6JE%2fYRlmIr8O1Skb3gG5RK%2bj9vNkQK7Dqr%2bJU%3d]LOG]!><time="10:20:06.5797525" date="5-29-2026" component="IntuneManagementExtension" context="" type="1" thread="16" file="">
<![LOG[Not registering the new Channel URI as the previous channel is yet to expire]LOG]!><time="10:20:06.5797525" date="5-29-2026" component="IntuneManagementExtension" context="" type="3" thread="16" file="">
<![LOG[Found 1 MDM certificates from Local Computer Store.]LOG]!><time="10:20:06.5837869" date="5-29-2026" component="IntuneManagementExtension" context="" type="1" thread="16" file="">
<![LOG[Found 1 MDM certificates from Local Computer Store.]LOG]!><time="10:20:06.5858013" date="5-29-2026" component="IntuneManagementExtension" context="" type="1" thread="16" file="">
<![LOG[Found 1 MDM certificates from Local Computer Store.]LOG]!><time="10:20:06.5878149" date="5-29-2026" component="IntuneManagementExtension" context="" type="1" thread="16" file="">
<![LOG[Found 1 MDM certificates from Local Computer Store.]LOG]!><time="10:20:06.5898293" date="5-29-2026" component="IntuneManagementExtension" context="" type="1" thread="16" file="">
<![LOG[Found 1 MDM certificates from Local Computer Store.]LOG]!><time="10:20:06.5918432" date="5-29-2026" component="IntuneManagementExtension" context="" type="1" thread="16" file="">
<![LOG[Found 1 MDM certificates from Local Computer Store.]LOG]!><time="10:20:06.5938576" date="5-29-2026" component="IntuneManagementExtension" context="" type="1" thread="16" file="">
<![LOG[Found 1 MDM certificates from Local Computer Store.]LOG]!><time="10:20:06.5958723" date="5-29-2026" component="IntuneManagementExtension" context="" type="1" thread="16" file="">
<![LOG[Found 1 MDM certificates from Local Computer Store.]LOG]!><time="10:20:06.5978879" date="5-29-2026" component="IntuneManagementExtension" context="" type="1" thread="16" file="">
<![LOG[Found 1 MDM certificates from Local Computer Store.]LOG]!><time="10:20:06.5978879" date="5-29-2026" component="IntuneManagementExtension" context="" type="1" thread="16" file="">
<![LOG[Found 1 MDM certificates from Local Computer Store.]LOG]!><time="10:20:06.5999036" date="5-29-2026" component="IntuneManagementExtension" context="" type="1" thread="16" file="">
<![LOG[Found 1 MDM certificates from Local Computer Store.]LOG]!><time="10:20:06.6019181" date="5-29-2026" component="IntuneManagementExtension" context="" type="1" thread="16" file="">
<![LOG[[GetChannelUriInformation] Save ErrorMessage to registry failed, value is ]LOG]!><time="10:20:06.6019181" date="5-29-2026" component="IntuneManagementExtension" context="" type="1" thread="16" file="">
<![LOG[[ReadChannelUriFromRegistry] Read successfully, info is https://wns2-bl2p.notify.windows.com/?token=AwYAAACyoGMCKbJe3ra82GxIIQuH43O2Z5785LGvyQP0%2f8%2bHLLh%2fJ2jKARwyNQiNyf3heMi6yNkv%2fwlw1%2fwWlIvBkEpGMEubhd6JE%2fYRlmIr8O1Skb3gG5RK%2bj9vNkQK7Dqr%2bJU%3d,06/13/2026 17:15:34,NoSync,0,,]LOG]!><time="10:20:06.6059481" date="5-29-2026" component="IntuneManagementExtension" context="" type="1" thread="16" file="">
<![LOG[[GenericWorkload] Channel URI added to Generic workload request]LOG]!><time="10:20:06.6059481" date="5-29-2026" component="IntuneManagementExtension" context="" type="1" thread="16" file="">
<![LOG[[GenericWorkload] PushNotificationChannel intent added with version 1.0.1]LOG]!><time="10:20:06.6079633" date="5-29-2026" component="IntuneManagementExtension" context="" type="1" thread="16" file="">
<![LOG[[GenericWorkload] Generic workload request payload: {"WNSChannelURIMetadata":"{\"ChannelAddress\":\"https://wns2-bl2p.notify.windows.com/?token=AwYAAACyoGMCKbJe3ra82GxIIQuH43O2Z5785LGvyQP0%2f8%2bHLLh%2fJ2jKARwyNQiNyf3heMi6yNkv%2fwlw1%2fwWlIvBkEpGMEubhd6JE%2fYRlmIr8O1Skb3gG5RK%2bj9vNkQK7Dqr%2bJU%3d\",\"ChannelURIExpirationDate\":\"06/13/2026 17:15:34\",\"WNSChannelLastError\":\"0\",\"ChannelStatus\":\"1\",\"ErrorMessage\":\"\"}","IC3PushNotificationChannel":"{\"enabledIC3\":\"\", \"configTTLDays\": 1, \"version\": \"1.0.1\"}"}]LOG]!><time="10:20:06.6099789" date="5-29-2026" component="IntuneManagementExtension" context="" type="1" thread="16" file="">
<![LOG[[GenericWorkload] Thread going to sleep for 1027 seconds after agent restart]LOG]!><time="10:20:06.6099789" date="5-29-2026" component="IntuneManagementExtension" context="" type="1" thread="16" file="">
<![LOG[Checking throttle setting]LOG]!><time="10:20:12.4779610" date="5-29-2026" component="IntuneManagementExtension" context="" type="1" thread="10" file="">
<![LOG[Successfully updated throttling info. workload AgentCheckIn, currentCnt = 6]LOG]!><time="10:20:12.4779610" date="5-29-2026" component="IntuneManagementExtension" context="" type="1" thread="10" file="">
<![LOG[Finish throttle checking.]LOG]!><time="10:20:12.4779610" date="5-29-2026" component="IntuneManagementExtension" context="" type="1" thread="10" file="">
<![LOG[[Win32AppAsync] End app check in]LOG]!><time="10:20:12.5681628" date="5-29-2026" component="IntuneManagementExtension" context="" type="1" thread="10" file="">
<![LOG[[Proxy Poller] Proxy polling thread starts.]LOG]!><time="10:20:12.5723145" date="5-29-2026" component="IntuneManagementExtension" context="" type="1" thread="10" file="">
<![LOG[[Proxy Poller] Proxy polling thread: Get 1 active user sessions]LOG]!><time="10:20:12.5766804" date="5-29-2026" component="IntuneManagementExtension" context="" type="1" thread="10" file="">
<![LOG[[Proxy Poller] Processing session id 1 starts]LOG]!><time="10:20:12.5766804" date="5-29-2026" component="IntuneManagementExtension" context="" type="1" thread="10" file="">
<![LOG[[Proxy Poller] Flight Status: IsSetIMELogACLEnabled True]LOG]!><time="10:20:12.5810698" date="5-29-2026" component="IntuneManagementExtension" context="" type="1" thread="10" file="">
<![LOG[[Proxy Poller] DetectAllSymLinksInLogFolder complete]LOG]!><time="10:20:12.5871235" date="5-29-2026" component="IntuneManagementExtension" context="" type="1" thread="10" file="">
<![LOG[[EMS] Working on C:\ProgramData\Microsoft\IntuneManagementExtension\Logs.]LOG]!><time="10:20:12.5931709" date="5-29-2026" component="IntuneManagementExtension" context="" type="1" thread="10" file="">
<![LOG[[EMS] Desired ACLs are already applied.]LOG]!><time="10:20:12.5931709" date="5-29-2026" component="IntuneManagementExtension" context="" type="1" thread="10" file="">
<![LOG[[Proxy Poller] End Log Permission Settings for: C:\ProgramData\Microsoft\IntuneManagementExtension\Logs]LOG]!><time="10:20:12.5931709" date="5-29-2026" component="IntuneManagementExtension" context="" type="1" thread="10" file="">
<![LOG[[Proxy Poller] Removed access rule for user LP-9QWCNR2ELVMK\defaultuser0, result True]LOG]!><time="10:20:12.6136774" date="5-29-2026" component="IntuneManagementExtension" context="" type="1" thread="10" file="">
<![LOG[[Proxy Poller] Set ACL for GetAgentExecutorLog for current user]LOG]!><time="10:20:12.6217581" date="5-29-2026" component="IntuneManagementExtension" context="" type="1" thread="10" file="">
<![LOG[[Proxy Poller] Removed Everyone access and added Interactive access]LOG]!><time="10:20:12.6298363" date="5-29-2026" component="IntuneManagementExtension" context="" type="1" thread="10" file="">
<![LOG["C:\Program Files (x86)\Microsoft Intune Management Extension\agentexecutor.exe"  -proxy  "LP-9QWCNR2ELVMK\defaultuser0" https://agents.amsua0202.manage.microsoft.com/TrafficGateway/TrafficRoutingService/SideCar/StatelessSideCarGatewayService]LOG]!><time="10:20:12.6298363" date="5-29-2026" component="IntuneManagementExtension" context="" type="1" thread="10" file="">
<![LOG[[Proxy Poller] Launch agent executor in user session]LOG]!><time="10:20:12.6339366" date="5-29-2026" component="IntuneManagementExtension" context="" type="1" thread="10" file="">
<![LOG[[Proxy Poller] Create proxy process successfully.]LOG]!><time="10:20:12.6460797" date="5-29-2026" component="IntuneManagementExtension" context="" type="1" thread="10" file="">
<![LOG[[Proxy Poller] process id = 9296]LOG]!><time="10:20:12.6501066" date="5-29-2026" component="IntuneManagementExtension" context="" type="1" thread="10" file="">
<![LOG[[Proxy Poller] Execution is done, collecting proxy result]LOG]!><time="10:20:13.0114038" date="5-29-2026" component="IntuneManagementExtension" context="" type="1" thread="10" file="">
<![LOG[[Proxy Poller] Fetching the tempPath through environment variables.]LOG]!><time="10:20:13.0155100" date="5-29-2026" component="IntuneManagementExtension" context="" type="1" thread="10" file="">
<![LOG[[Proxy Poller] Found the TempPath from TMP envVarible : path is C:\Windows\TEMP]LOG]!><time="10:20:13.0195411" date="5-29-2026" component="IntuneManagementExtension" context="" type="1" thread="10" file="">
<![LOG[[ProxyPoller](GetTempPath) {"Message":"Found the TempPath from TMP envVarible : path is C:\\Windows\\TEMP","Colmetadata":"","Col1":"","Col2":"","Col3":"","Col4":"","Col5":"","Col6":""}]LOG]!><time="10:20:13.0195411" date="5-29-2026" component="IntuneManagementExtension" context="" type="1" thread="10" file="">
<![LOG[[Proxy Poller] saved the proxy info to registry.]LOG]!><time="10:20:13.0236242" date="5-29-2026" component="IntuneManagementExtension" context="" type="1" thread="10" file="">
<![LOG[[Proxy Poller] Processing session id 1 done for LP-9QWCNR2ELVMK_defaultuser0]LOG]!><time="10:20:13.0279454" date="5-29-2026" component="IntuneManagementExtension" context="" type="1" thread="10" file="">
<![LOG[[Proxy Poller] Proxy polling thread stopped.]LOG]!><time="10:20:13.0279454" date="5-29-2026" component="IntuneManagementExtension" context="" type="1" thread="10" file="">
<![LOG[[Win32AvailableAppAsync] Starting app check in]LOG]!><time="10:20:13.0319625" date="5-29-2026" component="IntuneManagementExtension" context="" type="1" thread="10" file="">
<![LOG[co-mgt features is not available, ex = System.Management.ManagementException, not fatal]LOG]!><time="10:20:13.0650385" date="5-29-2026" component="IntuneManagementExtension" context="" type="2" thread="10" file="">
<![LOG[Comgt app workload status False]LOG]!><time="10:20:13.0650385" date="5-29-2026" component="IntuneManagementExtension" context="" type="1" thread="10" file="">
<![LOG[[APv2] Checking if device is in APv2 mode.]LOG]!><time="10:20:13.0693308" date="5-29-2026" component="IntuneManagementExtension" context="" type="1" thread="10" file="">
<![LOG[[APv2] Found DevicePrepHintValue = 0.]LOG]!><time="10:20:13.0693308" date="5-29-2026" component="IntuneManagementExtension" context="" type="1" thread="10" file="">
<![LOG[[APv2] Device is in APv2 mode: False.]LOG]!><time="10:20:13.0693308" date="5-29-2026" component="IntuneManagementExtension" context="" type="1" thread="10" file="">
<![LOG[co-mgt features is not available, ex = System.Management.ManagementException, not fatal]LOG]!><time="10:20:13.1037606" date="5-29-2026" component="IntuneManagementExtension" context="" type="2" thread="10" file="">
<![LOG[Comgt app workload status False]LOG]!><time="10:20:13.1037606" date="5-29-2026" component="IntuneManagementExtension" context="" type="1" thread="10" file="">
<![LOG[System.Exception: GetAADJoinInfo - Failed to get Azure AD Join information using NetGetAadJoinInformation.  hr:1
   at Microsoft.Management.Services.IntuneWindowsAgent.AgentCommon.AADJoinHelper.GetAADJoinInfo()]LOG]!><time="10:20:13.1118842" date="5-29-2026" component="IntuneManagementExtension" context="" type="2" thread="10" file="">
<![LOG[Failed to check if device is WPJ, ex is System.Exception: GetAADJoinInfo - Failed to get Azure AD Join information using NetGetAadJoinInformation.  hr:1
   at Microsoft.Management.Services.IntuneWindowsAgent.AgentCommon.AADJoinHelper.GetAADJoinInfo()
   at Microsoft.Management.Services.IntuneWindowsAgent.AgentCommon.AADJoinHelper.IsDeviceWPJ()]LOG]!><time="10:20:13.1118842" date="5-29-2026" component="IntuneManagementExtension" context="" type="2" thread="10" file="">
<![LOG[starting impersonation, session id = 1]LOG]!><time="10:20:13.3425806" date="5-29-2026" component="IntuneManagementExtension" context="" type="1" thread="10" file="">
<![LOG[After impersonation: LP-9QWCNR2ELVMK\defaultuser0]LOG]!><time="10:20:13.3425806" date="5-29-2026" component="IntuneManagementExtension" context="" type="1" thread="10" file="">
<![LOG[[TokenManager::GetTokenForNewRequestUsingDeviceCheckInAppId]]LOG]!><time="10:20:13.3466132" date="5-29-2026" component="IntuneManagementExtension" context="" type="1" thread="10" file="">
<![LOG[provider id = https://login.microsoft.com, authority = organizations]LOG]!><time="10:20:13.3506730" date="5-29-2026" component="IntuneManagementExtension" context="" type="1" thread="17" file="">
<![LOG[get provider, provider name = Work or school account]LOG]!><time="10:20:13.3506730" date="5-29-2026" component="IntuneManagementExtension" context="" type="1" thread="17" file="">
<![LOG[Failed to get AAD token. len = 34 using client id fc0f3af4-6835-4174-b806-f7db311fd2f3 and resource id 26a4ae64-5862-427f-a9b0-044e62572a4f, errorCode = 3399548929]LOG]!><time="10:20:13.3673748" date="5-29-2026" component="IntuneManagementExtension" context="" type="1" thread="17" file="">
<![LOG[Need user interaction to continue.]LOG]!><time="10:20:13.3673748" date="5-29-2026" component="IntuneManagementExtension" context="" type="1" thread="17" file="">
<![LOG[AAD User check is failed, exception is Intune Management Extension Error.
Exception: Microsoft.Management.Services.IntuneWindowsAgent.AgentCommon.TokenAquireException: Attempt to get token, but failed.
   at Microsoft.Management.Services.IntuneWindowsAgent.AgentCommon.IntuneTokenManager.<GetTokenInternalAsync>d__44.MoveNext()
--- End of stack trace from previous location where exception was thrown ---
   at System.Runtime.CompilerServices.TaskAwaiter.ThrowForNonSuccess(Task task)
   at System.Runtime.CompilerServices.TaskAwaiter.HandleNonSuccessAndDebuggerNotification(Task task)
   at Microsoft.Management.Services.IntuneWindowsAgent.AgentCommon.IntuneTokenManager.<GetTokenForNewRequestUsingDeviceCheckInAppId>d__43.MoveNext()
--- End of stack trace from previous location where exception was thrown ---
   at System.Runtime.CompilerServices.TaskAwaiter.ThrowForNonSuccess(Task task)
   at System.Runtime.CompilerServices.TaskAwaiter.HandleNonSuccessAndDebuggerNotification(Task task)
   at Microsoft.Management.Services.IntuneWindowsAgent.AgentCommon.DiscoveryService.<<IsAADUserInternal>b__19_0>d.MoveNext()
--- End of stack trace from previous location where exception was thrown ---
   at System.Runtime.CompilerServices.TaskAwaiter.ThrowForNonSuccess(Task task)
   at System.Runtime.CompilerServices.TaskAwaiter.HandleNonSuccessAndDebuggerNotification(Task task)
   at System.Runtime.CompilerServices.TaskAwaiter.GetResult()
   at Microsoft.Management.Services.IntuneWindowsAgent.AgentCommon.ImpersonateHelper.<DoActionWithImpersonation>d__4.MoveNext()
--- End of stack trace from previous location where exception was thrown ---
   at System.Runtime.CompilerServices.TaskAwaiter.ThrowForNonSuccess(Task task)
   at System.Runtime.CompilerServices.TaskAwaiter.HandleNonSuccessAndDebuggerNotification(Task task)
   at Microsoft.Management.Services.IntuneWindowsAgent.AgentCommon.DiscoveryService.<IsAADUserInternal>d__19.MoveNext(), session is 1]LOG]!><time="10:20:13.3673748" date="5-29-2026" component="IntuneManagementExtension" context="" type="1" thread="17" file="">
<![LOG[AAD User check using device check in app is failed, now fallback to the Graph audience. ex = Intune Management Extension Error.
Exception: Microsoft.Management.Services.IntuneWindowsAgent.AgentCommon.TokenAquireException: Attempt to get token, but failed.
   at Microsoft.Management.Services.IntuneWindowsAgent.AgentCommon.DiscoveryService.<IsAADUserInternal>d__19.MoveNext()
--- End of stack trace from previous location where exception was thrown ---
   at System.Runtime.CompilerServices.TaskAwaiter.ThrowForNonSuccess(Task task)
   at System.Runtime.CompilerServices.TaskAwaiter.HandleNonSuccessAndDebuggerNotification(Task task)
   at Microsoft.Management.Services.IntuneWindowsAgent.AgentCommon.DiscoveryService.<IsAADUser>d__17.MoveNext()]LOG]!><time="10:20:13.3714064" date="5-29-2026" component="IntuneManagementExtension" context="" type="3" thread="17" file="">
<![LOG[starting impersonation, session id = 1]LOG]!><time="10:20:13.3714064" date="5-29-2026" component="IntuneManagementExtension" context="" type="1" thread="17" file="">
<![LOG[After impersonation: LP-9QWCNR2ELVMK\defaultuser0]LOG]!><time="10:20:13.3714064" date="5-29-2026" component="IntuneManagementExtension" context="" type="1" thread="17" file="">
<![LOG[[TokenManager::GetTokenForNewRequestAsync]]LOG]!><time="10:20:13.3714064" date="5-29-2026" component="IntuneManagementExtension" context="" type="1" thread="17" file="">
<![LOG[provider id = https://login.microsoft.com, authority = organizations]LOG]!><time="10:20:13.3754525" date="5-29-2026" component="IntuneManagementExtension" context="" type="1" thread="17" file="">
<![LOG[get provider, provider name = Work or school account]LOG]!><time="10:20:13.3794855" date="5-29-2026" component="IntuneManagementExtension" context="" type="1" thread="17" file="">
<![LOG[Failed to get AAD token. len = 34 using client id fc0f3af4-6835-4174-b806-f7db311fd2f3 and resource id 00000003-0000-0000-c000-000000000000, errorCode = 3399548929]LOG]!><time="10:20:13.3920528" date="5-29-2026" component="IntuneManagementExtension" context="" type="1" thread="17" file="">
<![LOG[Need user interaction to continue.]LOG]!><time="10:20:13.3960943" date="5-29-2026" component="IntuneManagementExtension" context="" type="1" thread="17" file="">
<![LOG[AAD User check is failed, exception is Intune Management Extension Error.
Exception: Microsoft.Management.Services.IntuneWindowsAgent.AgentCommon.TokenAquireException: Attempt to get token, but failed.
   at Microsoft.Management.Services.IntuneWindowsAgent.AgentCommon.IntuneTokenManager.<GetTokenInternalAsync>d__44.MoveNext()
--- End of stack trace from previous location where exception was thrown ---
   at System.Runtime.CompilerServices.TaskAwaiter.ThrowForNonSuccess(Task task)
   at System.Runtime.CompilerServices.TaskAwaiter.HandleNonSuccessAndDebuggerNotification(Task task)
   at Microsoft.Management.Services.IntuneWindowsAgent.AgentCommon.IntuneTokenManager.<GetTokenForNewRequestAsync>d__42.MoveNext()
--- End of stack trace from previous location where exception was thrown ---
   at System.Runtime.CompilerServices.TaskAwaiter.ThrowForNonSuccess(Task task)
   at System.Runtime.CompilerServices.TaskAwaiter.HandleNonSuccessAndDebuggerNotification(Task task)
   at Microsoft.Management.Services.IntuneWindowsAgent.AgentCommon.DiscoveryService.<<IsAADUserInternal>b__19_1>d.MoveNext()
--- End of stack trace from previous location where exception was thrown ---
   at System.Runtime.CompilerServices.TaskAwaiter.ThrowForNonSuccess(Task task)
   at System.Runtime.CompilerServices.TaskAwaiter.HandleNonSuccessAndDebuggerNotification(Task task)
   at System.Runtime.CompilerServices.TaskAwaiter.GetResult()
   at Microsoft.Management.Services.IntuneWindowsAgent.AgentCommon.ImpersonateHelper.<DoActionWithImpersonation>d__4.MoveNext()
--- End of stack trace from previous location where exception was thrown ---
   at System.Runtime.CompilerServices.TaskAwaiter.ThrowForNonSuccess(Task task)
   at System.Runtime.CompilerServices.TaskAwaiter.HandleNonSuccessAndDebuggerNotification(Task task)
   at Microsoft.Management.Services.IntuneWindowsAgent.AgentCommon.DiscoveryService.<IsAADUserInternal>d__19.MoveNext(), session is 1]LOG]!><time="10:20:13.3960943" date="5-29-2026" component="IntuneManagementExtension" context="" type="1" thread="17" file="">
<![LOG[Checking throttle setting]LOG]!><time="10:20:13.4001517" date="5-29-2026" component="IntuneManagementExtension" context="" type="1" thread="10" file="">
<![LOG[Successfully updated throttling info. workload AgentCheckIn, currentCnt = 7]LOG]!><time="10:20:13.4001517" date="5-29-2026" component="IntuneManagementExtension" context="" type="1" thread="10" file="">
<![LOG[Finish throttle checking.]LOG]!><time="10:20:13.4001517" date="5-29-2026" component="IntuneManagementExtension" context="" type="1" thread="10" file="">
<![LOG[[Win32AvailableAppAsync] End app check in]LOG]!><time="10:20:13.5070568" date="5-29-2026" component="IntuneManagementExtension" context="" type="1" thread="10" file="">
<![LOG[Successfully restrict service permissions.]LOG]!><time="10:20:13.5274706" date="5-29-2026" component="IntuneManagementExtension" context="" type="1" thread="10" file="">
<![LOG[Found 1 MDM certificates from Local Computer Store.]LOG]!><time="10:20:13.5315303" date="5-29-2026" component="IntuneManagementExtension" context="" type="1" thread="10" file="">
<![LOG[Found 1 MDM certificates from Local Computer Store.]LOG]!><time="10:20:13.5315303" date="5-29-2026" component="IntuneManagementExtension" context="" type="1" thread="10" file="">
<![LOG[Found 1 MDM certificates from Local Computer Store.]LOG]!><time="10:20:13.5355680" date="5-29-2026" component="IntuneManagementExtension" context="" type="1" thread="10" file="">
<![LOG[Found 1 MDM certificates from Local Computer Store.]LOG]!><time="10:20:13.5355680" date="5-29-2026" component="IntuneManagementExtension" context="" type="1" thread="10" file="">
<![LOG[Found 1 MDM certificates from Local Computer Store.]LOG]!><time="10:20:13.5395997" date="5-29-2026" component="IntuneManagementExtension" context="" type="1" thread="10" file="">
<![LOG[Found 1 MDM certificates from Local Computer Store.]LOG]!><time="10:20:13.5395997" date="5-29-2026" component="IntuneManagementExtension" context="" type="1" thread="10" file="">
<![LOG[Found 1 MDM certificates from Local Computer Store.]LOG]!><time="10:20:13.5436496" date="5-29-2026" component="IntuneManagementExtension" context="" type="1" thread="10" file="">
<![LOG[Found 1 MDM certificates from Local Computer Store.]LOG]!><time="10:20:13.5436496" date="5-29-2026" component="IntuneManagementExtension" context="" type="1" thread="10" file="">
<![LOG[Found 1 MDM certificates from Local Computer Store.]LOG]!><time="10:20:13.5436496" date="5-29-2026" component="IntuneManagementExtension" context="" type="1" thread="10" file="">
<![LOG[Found 1 MDM certificates from Local Computer Store.]LOG]!><time="10:20:13.5436496" date="5-29-2026" component="IntuneManagementExtension" context="" type="1" thread="10" file="">
<![LOG[Found 1 MDM certificates from Local Computer Store.]LOG]!><time="10:20:13.5476908" date="5-29-2026" component="IntuneManagementExtension" context="" type="1" thread="10" file="">
<![LOG[Found 1 MDM certificates from Local Computer Store.]LOG]!><time="10:20:13.5517369" date="5-29-2026" component="IntuneManagementExtension" context="" type="1" thread="10" file="">
<![LOG[Found 1 MDM certificates from Local Computer Store.]LOG]!><time="10:20:13.5557764" date="5-29-2026" component="IntuneManagementExtension" context="" type="1" thread="10" file="">
<![LOG[Found 1 MDM certificates from Local Computer Store.]LOG]!><time="10:20:13.5557764" date="5-29-2026" component="IntuneManagementExtension" context="" type="1" thread="10" file="">
<![LOG[Found 1 MDM certificates from Local Computer Store.]LOG]!><time="10:20:13.5598081" date="5-29-2026" component="IntuneManagementExtension" context="" type="1" thread="10" file="">
<![LOG[Found 1 MDM certificates from Local Computer Store.]LOG]!><time="10:20:13.5598081" date="5-29-2026" component="IntuneManagementExtension" context="" type="1" thread="10" file="">
<![LOG[Found 1 MDM certificates from Local Computer Store.]LOG]!><time="10:20:13.5598081" date="5-29-2026" component="IntuneManagementExtension" context="" type="1" thread="10" file="">
<![LOG[Found 1 MDM certificates from Local Computer Store.]LOG]!><time="10:20:13.5638867" date="5-29-2026" component="IntuneManagementExtension" context="" type="1" thread="10" file="">
<![LOG[Found 1 MDM certificates from Local Computer Store.]LOG]!><time="10:20:13.5638867" date="5-29-2026" component="IntuneManagementExtension" context="" type="1" thread="10" file="">
<![LOG[Found 1 MDM certificates from Local Computer Store.]LOG]!><time="10:20:13.5679283" date="5-29-2026" component="IntuneManagementExtension" context="" type="1" thread="10" file="">
<![LOG[Found 1 MDM certificates from Local Computer Store.]LOG]!><time="10:20:13.5679283" date="5-29-2026" component="IntuneManagementExtension" context="" type="1" thread="10" file="">
<![LOG[Found 1 MDM certificates from Local Computer Store.]LOG]!><time="10:20:13.5679283" date="5-29-2026" component="IntuneManagementExtension" context="" type="1" thread="10" file="">
<![LOG[Checking throttle setting]LOG]!><time="10:20:13.5719554" date="5-29-2026" component="IntuneManagementExtension" context="" type="1" thread="10" file="">
<![LOG[Successfully updated throttling info. workload AgentCheckIn, currentCnt = 8]LOG]!><time="10:20:13.5719554" date="5-29-2026" component="IntuneManagementExtension" context="" type="1" thread="10" file="">
<![LOG[Finish throttle checking.]LOG]!><time="10:20:13.5719554" date="5-29-2026" component="IntuneManagementExtension" context="" type="1" thread="10" file="">
<![LOG[Get 1 active user sessions]LOG]!><time="10:20:13.5841942" date="5-29-2026" component="IntuneManagementExtension" context="" type="1" thread="10" file="">
<![LOG[starting impersonation, session id = 1]LOG]!><time="10:20:13.5841942" date="5-29-2026" component="IntuneManagementExtension" context="" type="1" thread="10" file="">
<![LOG[After impersonation: LP-9QWCNR2ELVMK\defaultuser0]LOG]!><time="10:20:13.5882419" date="5-29-2026" component="IntuneManagementExtension" context="" type="1" thread="10" file="">
<![LOG[[TokenManager::GetTokenForNewRequestUsingDeviceCheckInAppId]]LOG]!><time="10:20:13.5882419" date="5-29-2026" component="IntuneManagementExtension" context="" type="1" thread="10" file="">
<![LOG[provider id = https://login.microsoft.com, authority = organizations]LOG]!><time="10:20:13.5923874" date="5-29-2026" component="IntuneManagementExtension" context="" type="1" thread="17" file="">
<![LOG[get provider, provider name = Work or school account]LOG]!><time="10:20:13.5923874" date="5-29-2026" component="IntuneManagementExtension" context="" type="1" thread="17" file="">
<![LOG[Failed to get AAD token. len = 34 using client id fc0f3af4-6835-4174-b806-f7db311fd2f3 and resource id 26a4ae64-5862-427f-a9b0-044e62572a4f, errorCode = 3399548929]LOG]!><time="10:20:13.6085487" date="5-29-2026" component="IntuneManagementExtension" context="" type="1" thread="17" file="">
<![LOG[Need user interaction to continue.]LOG]!><time="10:20:13.6085487" date="5-29-2026" component="IntuneManagementExtension" context="" type="1" thread="17" file="">
<![LOG[AAD User check is failed, exception is Intune Management Extension Error.
Exception: Microsoft.Management.Services.IntuneWindowsAgent.AgentCommon.TokenAquireException: Attempt to get token, but failed.
   at Microsoft.Management.Services.IntuneWindowsAgent.AgentCommon.IntuneTokenManager.<GetTokenInternalAsync>d__44.MoveNext()
--- End of stack trace from previous location where exception was thrown ---
   at System.Runtime.CompilerServices.TaskAwaiter.ThrowForNonSuccess(Task task)
   at System.Runtime.CompilerServices.TaskAwaiter.HandleNonSuccessAndDebuggerNotification(Task task)
   at Microsoft.Management.Services.IntuneWindowsAgent.AgentCommon.IntuneTokenManager.<GetTokenForNewRequestUsingDeviceCheckInAppId>d__43.MoveNext()
--- End of stack trace from previous location where exception was thrown ---
   at System.Runtime.CompilerServices.TaskAwaiter.ThrowForNonSuccess(Task task)
   at System.Runtime.CompilerServices.TaskAwaiter.HandleNonSuccessAndDebuggerNotification(Task task)
   at Microsoft.Management.Services.IntuneWindowsAgent.AgentCommon.DiscoveryService.<<IsAADUserInternal>b__19_0>d.MoveNext()
--- End of stack trace from previous location where exception was thrown ---
   at System.Runtime.CompilerServices.TaskAwaiter.ThrowForNonSuccess(Task task)
   at System.Runtime.CompilerServices.TaskAwaiter.HandleNonSuccessAndDebuggerNotification(Task task)
   at System.Runtime.CompilerServices.TaskAwaiter.GetResult()
   at Microsoft.Management.Services.IntuneWindowsAgent.AgentCommon.ImpersonateHelper.<DoActionWithImpersonation>d__4.MoveNext()
--- End of stack trace from previous location where exception was thrown ---
   at System.Runtime.CompilerServices.TaskAwaiter.ThrowForNonSuccess(Task task)
   at System.Runtime.CompilerServices.TaskAwaiter.HandleNonSuccessAndDebuggerNotification(Task task)
   at Microsoft.Management.Services.IntuneWindowsAgent.AgentCommon.DiscoveryService.<IsAADUserInternal>d__19.MoveNext(), session is 1]LOG]!><time="10:20:13.6085487" date="5-29-2026" component="IntuneManagementExtension" context="" type="1" thread="17" file="">
<![LOG[AAD User check using device check in app is failed, now fallback to the Graph audience. ex = Intune Management Extension Error.
Exception: Microsoft.Management.Services.IntuneWindowsAgent.AgentCommon.TokenAquireException: Attempt to get token, but failed.
   at Microsoft.Management.Services.IntuneWindowsAgent.AgentCommon.DiscoveryService.<IsAADUserInternal>d__19.MoveNext()
--- End of stack trace from previous location where exception was thrown ---
   at System.Runtime.CompilerServices.TaskAwaiter.ThrowForNonSuccess(Task task)
   at System.Runtime.CompilerServices.TaskAwaiter.HandleNonSuccessAndDebuggerNotification(Task task)
   at Microsoft.Management.Services.IntuneWindowsAgent.AgentCommon.DiscoveryService.<IsAADUser>d__17.MoveNext()]LOG]!><time="10:20:13.6125894" date="5-29-2026" component="IntuneManagementExtension" context="" type="3" thread="17" file="">
<![LOG[starting impersonation, session id = 1]LOG]!><time="10:20:13.6125894" date="5-29-2026" component="IntuneManagementExtension" context="" type="1" thread="17" file="">
<![LOG[After impersonation: LP-9QWCNR2ELVMK\defaultuser0]LOG]!><time="10:20:13.6125894" date="5-29-2026" component="IntuneManagementExtension" context="" type="1" thread="17" file="">
<![LOG[[TokenManager::GetTokenForNewRequestAsync]]LOG]!><time="10:20:13.6125894" date="5-29-2026" component="IntuneManagementExtension" context="" type="1" thread="17" file="">
<![LOG[provider id = https://login.microsoft.com, authority = organizations]LOG]!><time="10:20:13.6166213" date="5-29-2026" component="IntuneManagementExtension" context="" type="1" thread="17" file="">
<![LOG[get provider, provider name = Work or school account]LOG]!><time="10:20:13.6206636" date="5-29-2026" component="IntuneManagementExtension" context="" type="1" thread="17" file="">
<![LOG[Failed to get AAD token. len = 34 using client id fc0f3af4-6835-4174-b806-f7db311fd2f3 and resource id 00000003-0000-0000-c000-000000000000, errorCode = 3399548929]LOG]!><time="10:20:13.6330520" date="5-29-2026" component="IntuneManagementExtension" context="" type="1" thread="17" file="">
<![LOG[Need user interaction to continue.]LOG]!><time="10:20:13.6330520" date="5-29-2026" component="IntuneManagementExtension" context="" type="1" thread="17" file="">
<![LOG[AAD User check is failed, exception is Intune Management Extension Error.
Exception: Microsoft.Management.Services.IntuneWindowsAgent.AgentCommon.TokenAquireException: Attempt to get token, but failed.
   at Microsoft.Management.Services.IntuneWindowsAgent.AgentCommon.IntuneTokenManager.<GetTokenInternalAsync>d__44.MoveNext()
--- End of stack trace from previous location where exception was thrown ---
   at System.Runtime.CompilerServices.TaskAwaiter.ThrowForNonSuccess(Task task)
   at System.Runtime.CompilerServices.TaskAwaiter.HandleNonSuccessAndDebuggerNotification(Task task)
   at Microsoft.Management.Services.IntuneWindowsAgent.AgentCommon.IntuneTokenManager.<GetTokenForNewRequestAsync>d__42.MoveNext()
--- End of stack trace from previous location where exception was thrown ---
   at System.Runtime.CompilerServices.TaskAwaiter.ThrowForNonSuccess(Task task)
   at System.Runtime.CompilerServices.TaskAwaiter.HandleNonSuccessAndDebuggerNotification(Task task)
   at Microsoft.Management.Services.IntuneWindowsAgent.AgentCommon.DiscoveryService.<<IsAADUserInternal>b__19_1>d.MoveNext()
--- End of stack trace from previous location where exception was thrown ---
   at System.Runtime.CompilerServices.TaskAwaiter.ThrowForNonSuccess(Task task)
   at System.Runtime.CompilerServices.TaskAwaiter.HandleNonSuccessAndDebuggerNotification(Task task)
   at System.Runtime.CompilerServices.TaskAwaiter.GetResult()
   at Microsoft.Management.Services.IntuneWindowsAgent.AgentCommon.ImpersonateHelper.<DoActionWithImpersonation>d__4.MoveNext()
--- End of stack trace from previous location where exception was thrown ---
   at System.Runtime.CompilerServices.TaskAwaiter.ThrowForNonSuccess(Task task)
   at System.Runtime.CompilerServices.TaskAwaiter.HandleNonSuccessAndDebuggerNotification(Task task)
   at Microsoft.Management.Services.IntuneWindowsAgent.AgentCommon.DiscoveryService.<IsAADUserInternal>d__19.MoveNext(), session is 1]LOG]!><time="10:20:13.6371052" date="5-29-2026" component="IntuneManagementExtension" context="" type="1" thread="17" file="">
<![LOG[Total valid AAD User session count is 0]LOG]!><time="10:20:13.6371052" date="5-29-2026" component="IntuneManagementExtension" context="" type="1" thread="10" file="">
<![LOG[[OnStart](OnStart) {"Message":"Agent StartWork Ends","Colmetadata":"DeviceId;AccountId;ScaleUnit;Exception;","Col1":"4006f577-5328-4139-9ed3-27b9fc6b018f","Col2":"5f09d589-ad94-4886-bc14-bcafeea7dc2c","Col3":"amsua0202","Col4":"","Col5":"","Col6":""}]LOG]!><time="10:20:13.6371052" date="5-29-2026" component="IntuneManagementExtension" context="" type="1" thread="10" file="">
<![LOG[Session change detected. IsAgentInitialized=True]LOG]!><time="10:20:27.6086756" date="5-29-2026" component="IntuneManagementExtension" context="" type="2" thread="10" file="">
<![LOG[[OnSessionChange](OnSessionChange) {"Message":"Session change detected. IsAgentInitialized=True","Colmetadata":"DeviceId;AccountId;ScaleUnit;Exception;","Col1":"4006f577-5328-4139-9ed3-27b9fc6b018f","Col2":"5f09d589-ad94-4886-bc14-bcafeea7dc2c","Col3":"amsua0202","Col4":"","Col5":"","Col6":""}]LOG]!><time="10:20:27.6086756" date="5-29-2026" component="IntuneManagementExtension" context="" type="1" thread="10" file="">
<![LOG[OnSessionChange Logoff]LOG]!><time="10:20:27.6086756" date="5-29-2026" component="IntuneManagementExtension" context="" type="2" thread="10" file="">
<![LOG[Session change detected. IsAgentInitialized=True]LOG]!><time="10:20:27.7323120" date="5-29-2026" component="IntuneManagementExtension" context="" type="2" thread="15" file="">
<![LOG[[OnSessionChange](OnSessionChange) {"Message":"Session change detected. IsAgentInitialized=True","Colmetadata":"DeviceId;AccountId;ScaleUnit;Exception;","Col1":"4006f577-5328-4139-9ed3-27b9fc6b018f","Col2":"5f09d589-ad94-4886-bc14-bcafeea7dc2c","Col3":"amsua0202","Col4":"","Col5":"","Col6":""}]LOG]!><time="10:20:27.7323120" date="5-29-2026" component="IntuneManagementExtension" context="" type="1" thread="15" file="">
<![LOG[OnSessionChange: ConsoleDisconnect]LOG]!><time="10:20:27.7323120" date="5-29-2026" component="IntuneManagementExtension" context="" type="2" thread="15" file="">
<![LOG[Session change detected. IsAgentInitialized=True]LOG]!><time="10:20:27.9228859" date="5-29-2026" component="IntuneManagementExtension" context="" type="2" thread="15" file="">
<![LOG[[OnSessionChange](OnSessionChange) {"Message":"Session change detected. IsAgentInitialized=True","Colmetadata":"DeviceId;AccountId;ScaleUnit;Exception;","Col1":"4006f577-5328-4139-9ed3-27b9fc6b018f","Col2":"5f09d589-ad94-4886-bc14-bcafeea7dc2c","Col3":"amsua0202","Col4":"","Col5":"","Col6":""}]LOG]!><time="10:20:27.9228859" date="5-29-2026" component="IntuneManagementExtension" context="" type="1" thread="15" file="">
<![LOG[OnSessionChange: ConsoleConnect]LOG]!><time="10:20:27.9228859" date="5-29-2026" component="IntuneManagementExtension" context="" type="2" thread="15" file="">
<![LOG[System.Exception: GetAADJoinInfo - Failed to get Azure AD Join information using NetGetAadJoinInformation.  hr:1
   at Microsoft.Management.Services.IntuneWindowsAgent.AgentCommon.AADJoinHelper.GetAADJoinInfo()]LOG]!><time="10:20:34.2594476" date="5-29-2026" component="IntuneManagementExtension" context="" type="2" thread="15" file="">
<![LOG[Failed to check if device is WPJ, ex is System.Exception: GetAADJoinInfo - Failed to get Azure AD Join information using NetGetAadJoinInformation.  hr:1
   at Microsoft.Management.Services.IntuneWindowsAgent.AgentCommon.AADJoinHelper.GetAADJoinInfo()
   at Microsoft.Management.Services.IntuneWindowsAgent.AgentCommon.AADJoinHelper.IsDeviceWPJ()]LOG]!><time="10:20:34.2594476" date="5-29-2026" component="IntuneManagementExtension" context="" type="2" thread="15" file="">
<![LOG[starting impersonation, session id = 2]LOG]!><time="10:20:34.2752757" date="5-29-2026" component="IntuneManagementExtension" context="" type="1" thread="15" file="">
<![LOG[LogonUser failed with error code : 1008]LOG]!><time="10:20:34.2752757" date="5-29-2026" component="IntuneManagementExtension" context="" type="3" thread="15" file="">
<![LOG[AAD User check is failed, exception is System.ComponentModel.Win32Exception (0x80004005): An attempt was made to reference a token that does not exist
   at Microsoft.Management.Services.IntuneWindowsAgent.AgentCommon.ImpersonateHelper.<DoActionWithImpersonation>d__4.MoveNext()
--- End of stack trace from previous location where exception was thrown ---
   at System.Runtime.CompilerServices.TaskAwaiter.ThrowForNonSuccess(Task task)
   at System.Runtime.CompilerServices.TaskAwaiter.HandleNonSuccessAndDebuggerNotification(Task task)
   at Microsoft.Management.Services.IntuneWindowsAgent.AgentCommon.DiscoveryService.<IsAADUserInternal>d__19.MoveNext(), session is 2]LOG]!><time="10:20:34.2752757" date="5-29-2026" component="IntuneManagementExtension" context="" type="1" thread="15" file="">
<![LOG[AAD User check using device check in app is failed, now fallback to the Graph audience. ex = System.ComponentModel.Win32Exception (0x80004005): An attempt was made to reference a token that does not exist
   at Microsoft.Management.Services.IntuneWindowsAgent.AgentCommon.DiscoveryService.<IsAADUserInternal>d__19.MoveNext()
--- End of stack trace from previous location where exception was thrown ---
   at System.Runtime.CompilerServices.TaskAwaiter.ThrowForNonSuccess(Task task)
   at System.Runtime.CompilerServices.TaskAwaiter.HandleNonSuccessAndDebuggerNotification(Task task)
   at Microsoft.Management.Services.IntuneWindowsAgent.AgentCommon.DiscoveryService.<IsAADUser>d__17.MoveNext()]LOG]!><time="10:20:34.2752757" date="5-29-2026" component="IntuneManagementExtension" context="" type="3" thread="15" file="">
<![LOG[starting impersonation, session id = 2]LOG]!><time="10:20:34.2752757" date="5-29-2026" component="IntuneManagementExtension" context="" type="1" thread="15" file="">
<![LOG[LogonUser failed with error code : 1008]LOG]!><time="10:20:34.2752757" date="5-29-2026" component="IntuneManagementExtension" context="" type="3" thread="15" file="">
<![LOG[AAD User check is failed, exception is System.ComponentModel.Win32Exception (0x80004005): An attempt was made to reference a token that does not exist
   at Microsoft.Management.Services.IntuneWindowsAgent.AgentCommon.ImpersonateHelper.<DoActionWithImpersonation>d__4.MoveNext()
--- End of stack trace from previous location where exception was thrown ---
   at System.Runtime.CompilerServices.TaskAwaiter.ThrowForNonSuccess(Task task)
   at System.Runtime.CompilerServices.TaskAwaiter.HandleNonSuccessAndDebuggerNotification(Task task)
   at Microsoft.Management.Services.IntuneWindowsAgent.AgentCommon.DiscoveryService.<IsAADUserInternal>d__19.MoveNext(), session is 2]LOG]!><time="10:20:34.2752757" date="5-29-2026" component="IntuneManagementExtension" context="" type="1" thread="15" file="">
<![LOG[Found 1 MDM certificates from Local Computer Store.]LOG]!><time="10:20:34.2752757" date="5-29-2026" component="IntuneManagementExtension" context="" type="1" thread="15" file="">
<![LOG[[Location Service] Found cached SideCarGatewayServiceUrl: https://agents.amsua0202.manage.microsoft.com/TrafficGateway/TrafficRoutingService/SideCar/StatelessSideCarGatewayService]LOG]!><time="10:20:34.2752757" date="5-29-2026" component="IntuneManagementExtension" context="" type="1" thread="15" file="">
<![LOG[[ServiceBase], check in using device check in AAD App]LOG]!><time="10:20:34.3241763" date="5-29-2026" component="IntuneManagementExtension" context="" type="1" thread="15" file="">
<![LOG[[SendWebRequestInternal] iteration [0] started, total retryCount: 0]LOG]!><time="10:20:34.3241763" date="5-29-2026" component="IntuneManagementExtension" context="" type="1" thread="15" file="">
<![LOG[PrepareHeaders, client-request-id: 842689b0-62ce-47d4-81b6-9083ecbae93d, Method: PUT]LOG]!><time="10:20:34.3309820" date="5-29-2026" component="IntuneManagementExtension" context="" type="1" thread="15" file="">
<![LOG[Userless session, skip UserToken for device check-in]LOG]!><time="10:20:34.3309820" date="5-29-2026" component="IntuneManagementExtension" context="" type="1" thread="15" file="">
<![LOG[Found 1 MDM certificates from Local Computer Store.]LOG]!><time="10:20:34.3309820" date="5-29-2026" component="IntuneManagementExtension" context="" type="1" thread="15" file="">
<![LOG[Add MdmDeviceCertificate 02E4F9FB5FC65A142EA077D00A8BC04A10DC732B into WebRequest with True]LOG]!><time="10:20:34.3329980" date="5-29-2026" component="IntuneManagementExtension" context="" type="1" thread="15" file="">
<![LOG[[SendWebRequestInternal] Sending network request...  Current proxy is https://agents.amsua0202.manage.microsoft.com/TrafficGateway/TrafficRoutingService/SideCar/StatelessSideCarGatewayService/SideCarGatewaySessions('e424df2e-e1dc-470c-8252-65bd1dcb5f11')%3Fapi-version=1.5]LOG]!><time="10:20:34.3329980" date="5-29-2026" component="IntuneManagementExtension" context="" type="1" thread="15" file="">
<![LOG[set timer, start the timer for workload Win32AvailableApp]LOG]!><time="10:20:34.9425568" date="5-29-2026" component="IntuneManagementExtension" context="" type="1" thread="10" file="">
<![LOG[[SendWebRequestInternal] Succeeded, client-request-id: 842689b0-62ce-47d4-81b6-9083ecbae93d, AfdRef: ]LOG]!><time="10:20:35.0893282" date="5-29-2026" component="IntuneManagementExtension" context="" type="1" thread="4" file="">
<![LOG[set timer, start the timer for workload Win32RequiredApp]LOG]!><time="10:20:49.9391286" date="5-29-2026" component="IntuneManagementExtension" context="" type="1" thread="15" file="">
<![LOG[Session change detected. IsAgentInitialized=True]LOG]!><time="10:20:54.3275246" date="5-29-2026" component="IntuneManagementExtension" context="" type="2" thread="8" file="">
<![LOG[[OnSessionChange](OnSessionChange) {"Message":"Session change detected. IsAgentInitialized=True","Colmetadata":"DeviceId;AccountId;ScaleUnit;Exception;","Col1":"4006f577-5328-4139-9ed3-27b9fc6b018f","Col2":"5f09d589-ad94-4886-bc14-bcafeea7dc2c","Col3":"amsua0202","Col4":"","Col5":"","Col6":""}]LOG]!><time="10:20:54.3280415" date="5-29-2026" component="IntuneManagementExtension" context="" type="1" thread="8" file="">
<![LOG[OnSessionChange: Logon]LOG]!><time="10:20:54.3280415" date="5-29-2026" component="IntuneManagementExtension" context="" type="2" thread="8" file="">
<![LOG[[OnSessionChange][PowerShell] Request PS Scripts for user logon.]LOG]!><time="10:21:24.3343661" date="5-29-2026" component="IntuneManagementExtension" context="" type="2" thread="8" file="">
<![LOG[[OnSessionChange][PowerShell] Check flighting to call OnTimer from OnSessionChange.]LOG]!><time="10:21:24.3343661" date="5-29-2026" component="IntuneManagementExtension" context="" type="2" thread="8" file="">
<![LOG[[PowerShell] Invoking new PowerShell plugin.]LOG]!><time="10:21:24.3343661" date="5-29-2026" component="IntuneManagementExtension" context="" type="2" thread="8" file="">
<![LOG[[APv2] Checking if device is in APv2 mode.]LOG]!><time="10:21:24.3343661" date="5-29-2026" component="IntuneManagementExtension" context="" type="1" thread="8" file="">
<![LOG[[APv2] Found DevicePrepHintValue = 0.]LOG]!><time="10:21:24.3343661" date="5-29-2026" component="IntuneManagementExtension" context="" type="1" thread="8" file="">
<![LOG[[APv2] Device is in APv2 mode: False.]LOG]!><time="10:21:24.3343661" date="5-29-2026" component="IntuneManagementExtension" context="" type="1" thread="8" file="">
<![LOG[[Win32App][EspHelper][CheckEspPhase] Checking ESP status and phase for sessionId: 0]LOG]!><time="10:21:24.3705841" date="5-29-2026" component="IntuneManagementExtension" context="" type="1" thread="8" file="">
<![LOG[[Win32App][EspHelper][GetLogonIdFromFirstSyncReg] Getting logonId from FirstSyncReg for sessionId 0. Current UserSIDFromFirstSync: , IsSyncDoneForUser: False]LOG]!><time="10:21:24.4140791" date="5-29-2026" component="IntuneManagementExtension" context="" type="1" thread="8" file="">
<![LOG[[Win32App][EspHelper][GetLogonIdFromFirstSyncReg] Opening SOFTWARE\\Microsoft\\Enrollments]LOG]!><time="10:21:24.4140791" date="5-29-2026" component="IntuneManagementExtension" context="" type="1" thread="8" file="">
<![LOG[[Win32App][EspHelper][GetLogonIdFromFirstSyncReg] Current interactive user sessionId: 2, passed in sessionId: 0]LOG]!><time="10:21:24.4140791" date="5-29-2026" component="IntuneManagementExtension" context="" type="1" thread="8" file="">
<![LOG[[Win32App][EspHelper][GetLogonIdFromFirstSyncReg] This is a device session. Will get the first userSid notCompleted one from FirstSyncReg for ESP if available Or absolute first userSid]LOG]!><time="10:21:24.4140791" date="5-29-2026" component="IntuneManagementExtension" context="" type="1" thread="8" file="">
<![LOG[[Win32App][EspHelper][GetLogonIdFromFirstSyncReg] Found FirstSync under: SOFTWARE\\Microsoft\\Enrollments\9604B222-70FA-4CF6-B868-899BC664FA0F]LOG]!><time="10:21:24.4140791" date="5-29-2026" component="IntuneManagementExtension" context="" type="1" thread="8" file="">
<![LOG[[Win32App][EspHelper][GetLogonIdFromFirstSyncReg] Returning UserSIDFromFirstSync: ]LOG]!><time="10:21:24.4140791" date="5-29-2026" component="IntuneManagementExtension" context="" type="1" thread="8" file="">
<![LOG[[Win32App][EspHelper][CheckEspPhase] ESP Checking SidecarCspProvider status]LOG]!><time="10:21:24.4140791" date="5-29-2026" component="IntuneManagementExtension" context="" type="1" thread="8" file="">
<![LOG[[Win32App] Got InstanceID: Sidecar, installationStateString: 3]LOG]!><time="10:21:24.4608072" date="5-29-2026" component="IntuneManagementExtension" context="" type="1" thread="8" file="">
<![LOG[[Win32App] Got installationState: Completed]LOG]!><time="10:21:24.4608072" date="5-29-2026" component="IntuneManagementExtension" context="" type="1" thread="8" file="">
<![LOG[[Win32App][EspHelper][GetHasProvisioningCompleted] Getting hasProvisioningCompleted with userSID ]LOG]!><time="10:21:24.4608072" date="5-29-2026" component="IntuneManagementExtension" context="" type="1" thread="8" file="">
<![LOG[[Win32App][EspHelper][GetHasProvisioningCompletedWmi] Got HasProvisioningCompletedWmi value as True]LOG]!><time="10:21:24.4766075" date="5-29-2026" component="IntuneManagementExtension" context="" type="2" thread="8" file="">
<![LOG[[Win32App] GetSidecarTrackingPoliciesCreated getting trackingPoliciesCreated with userSID ]LOG]!><time="10:21:24.4766075" date="5-29-2026" component="IntuneManagementExtension" context="" type="1" thread="8" file="">
<![LOG[[Win32App] Got SidecarTrackingPoliciesCreated value as True]LOG]!><time="10:21:24.5136775" date="5-29-2026" component="IntuneManagementExtension" context="" type="2" thread="8" file="">
<![LOG[[Win32App][EspHelper][CheckDeviceAndAccountSetupStateWithWmi] ESP got devicePolicyCreated True, deviceHasProvisioningCompleted True]LOG]!><time="10:21:24.5136775" date="5-29-2026" component="IntuneManagementExtension" context="" type="1" thread="8" file="">
<![LOG[[Win32App][EspHelper][CheckDeviceAndAccountSetupStateWithWmi] All apps completed for device]LOG]!><time="10:21:24.5136775" date="5-29-2026" component="IntuneManagementExtension" context="" type="2" thread="8" file="">
<![LOG[[Win32App][EspHelper][CheckDeviceAndAccountSetupStateWithWmi] Got skipUserStatusPage True, return NotInEsp]LOG]!><time="10:21:24.5136775" date="5-29-2026" component="IntuneManagementExtension" context="" type="2" thread="8" file="">
<![LOG[[Win32App][EspHelper][CheckEspPhase] Returning device and account setup state: NotInEsp]LOG]!><time="10:21:24.5136775" date="5-29-2026" component="IntuneManagementExtension" context="" type="1" thread="8" file="">
<![LOG[Agent Restart flag for retrieving channel URI is True]LOG]!><time="10:21:24.5136775" date="5-29-2026" component="IntuneManagementExtension" context="" type="1" thread="8" file="">
<![LOG[[GetChannelUriFromWns] Start get channel URI information]LOG]!><time="10:21:24.5156867" date="5-29-2026" component="IntuneManagementExtension" context="" type="1" thread="8" file="">
<![LOG[[ReadChannelUriFromRegistry] Read successfully, info is https://wns2-bl2p.notify.windows.com/?token=AwYAAACyoGMCKbJe3ra82GxIIQuH43O2Z5785LGvyQP0%2f8%2bHLLh%2fJ2jKARwyNQiNyf3heMi6yNkv%2fwlw1%2fwWlIvBkEpGMEubhd6JE%2fYRlmIr8O1Skb3gG5RK%2bj9vNkQK7Dqr%2bJU%3d,06/13/2026 17:15:34,NoSync,0,,]LOG]!><time="10:21:24.5156867" date="5-29-2026" component="IntuneManagementExtension" context="" type="1" thread="8" file="">
<![LOG[[GetChannelUriFromWns] Calling WNS API to register Channel]LOG]!><time="10:21:24.5156867" date="5-29-2026" component="IntuneManagementExtension" context="" type="1" thread="8" file="">
<![LOG[[WnsHelper] Registering app for notifications]LOG]!><time="10:21:24.5195934" date="5-29-2026" component="IntuneManagementExtension" context="" type="1" thread="8" file="">
<![LOG[[WnsHelper] Successfully registered app for notifications]LOG]!><time="10:21:24.5218128" date="5-29-2026" component="IntuneManagementExtension" context="" type="1" thread="8" file="">
<![LOG[[GetChannelUriFromWns] Registered channel URI: https://wns2-bl2p.notify.windows.com/?token=AwYAAACyoGMCKbJe3ra82GxIIQuH43O2Z5785LGvyQP0%2f8%2bHLLh%2fJ2jKARwyNQiNyf3heMi6yNkv%2fwlw1%2fwWlIvBkEpGMEubhd6JE%2fYRlmIr8O1Skb3gG5RK%2bj9vNkQK7Dqr%2bJU%3d]LOG]!><time="10:21:24.5302653" date="5-29-2026" component="IntuneManagementExtension" context="" type="1" thread="8" file="">
<![LOG[Not registering the new Channel URI as the previous channel is yet to expire]LOG]!><time="10:21:24.5302653" date="5-29-2026" component="IntuneManagementExtension" context="" type="3" thread="8" file="">
<![LOG[Found 1 MDM certificates from Local Computer Store.]LOG]!><time="10:21:24.5302653" date="5-29-2026" component="IntuneManagementExtension" context="" type="1" thread="8" file="">
<![LOG[Found 1 MDM certificates from Local Computer Store.]LOG]!><time="10:21:24.5302653" date="5-29-2026" component="IntuneManagementExtension" context="" type="1" thread="8" file="">
<![LOG[Found 1 MDM certificates from Local Computer Store.]LOG]!><time="10:21:24.5404515" date="5-29-2026" component="IntuneManagementExtension" context="" type="1" thread="8" file="">
<![LOG[Found 1 MDM certificates from Local Computer Store.]LOG]!><time="10:21:24.5404515" date="5-29-2026" component="IntuneManagementExtension" context="" type="1" thread="8" file="">
<![LOG[Found 1 MDM certificates from Local Computer Store.]LOG]!><time="10:21:24.5404515" date="5-29-2026" component="IntuneManagementExtension" context="" type="1" thread="8" file="">
<![LOG[Found 1 MDM certificates from Local Computer Store.]LOG]!><time="10:21:24.5404515" date="5-29-2026" component="IntuneManagementExtension" context="" type="1" thread="8" file="">
<![LOG[Found 1 MDM certificates from Local Computer Store.]LOG]!><time="10:21:24.5404515" date="5-29-2026" component="IntuneManagementExtension" context="" type="1" thread="8" file="">
<![LOG[Found 1 MDM certificates from Local Computer Store.]LOG]!><time="10:21:24.5404515" date="5-29-2026" component="IntuneManagementExtension" context="" type="1" thread="8" file="">
<![LOG[Found 1 MDM certificates from Local Computer Store.]LOG]!><time="10:21:24.5404515" date="5-29-2026" component="IntuneManagementExtension" context="" type="1" thread="8" file="">
<![LOG[Found 1 MDM certificates from Local Computer Store.]LOG]!><time="10:21:24.5404515" date="5-29-2026" component="IntuneManagementExtension" context="" type="1" thread="8" file="">
<![LOG[Found 1 MDM certificates from Local Computer Store.]LOG]!><time="10:21:24.5404515" date="5-29-2026" component="IntuneManagementExtension" context="" type="1" thread="8" file="">
<![LOG[[GetChannelUriInformation] Save ErrorMessage to registry failed, value is ]LOG]!><time="10:21:24.5404515" date="5-29-2026" component="IntuneManagementExtension" context="" type="1" thread="8" file="">
<![LOG[Checking throttle setting]LOG]!><time="10:21:24.5404515" date="5-29-2026" component="IntuneManagementExtension" context="" type="1" thread="8" file="">
<![LOG[Successfully updated throttling info. workload AgentCheckIn, currentCnt = 9]LOG]!><time="10:21:24.5565405" date="5-29-2026" component="IntuneManagementExtension" context="" type="1" thread="8" file="">
<![LOG[Finish throttle checking.]LOG]!><time="10:21:24.5565405" date="5-29-2026" component="IntuneManagementExtension" context="" type="1" thread="8" file="">
<![LOG[[PowerShell] saving throttle info in PowerShell flow]LOG]!><time="10:21:24.5565405" date="5-29-2026" component="IntuneManagementExtension" context="" type="1" thread="8" file="">
<![LOG[[PowerShell] Polling thread starts.]LOG]!><time="10:21:24.5565405" date="5-29-2026" component="IntuneManagementExtension" context="" type="1" thread="8" file="">
<![LOG[[PowerShell] inside RefreshActiveAADUserMap]LOG]!><time="10:21:24.5565405" date="5-29-2026" component="IntuneManagementExtension" context="" type="1" thread="8" file="">
<![LOG[[PowerShell] Get 1 active user sessions]LOG]!><time="10:21:24.5565405" date="5-29-2026" component="IntuneManagementExtension" context="" type="1" thread="8" file="">
<![LOG[starting impersonation, session id = 2]LOG]!><time="10:21:24.5565405" date="5-29-2026" component="IntuneManagementExtension" context="" type="1" thread="8" file="">
<![LOG[After impersonation: BCLDB\aaaggarw_w]LOG]!><time="10:21:24.5565405" date="5-29-2026" component="IntuneManagementExtension" context="" type="1" thread="8" file="">
<![LOG[[TokenManager::GetTokenForNewRequestUsingDeviceCheckInAppId]]LOG]!><time="10:21:24.5565405" date="5-29-2026" component="IntuneManagementExtension" context="" type="1" thread="8" file="">
<![LOG[provider id = https://login.microsoft.com, authority = organizations]LOG]!><time="10:21:24.5565405" date="5-29-2026" component="IntuneManagementExtension" context="" type="1" thread="5" file="">
<![LOG[get provider, provider name = Work or school account]LOG]!><time="10:21:24.5565405" date="5-29-2026" component="IntuneManagementExtension" context="" type="1" thread="5" file="">
<![LOG[Failed to get AAD token. len = 52 using client id fc0f3af4-6835-4174-b806-f7db311fd2f3 and resource id 26a4ae64-5862-427f-a9b0-044e62572a4f, errorCode = 3400073236]LOG]!><time="10:21:25.3383743" date="5-29-2026" component="IntuneManagementExtension" context="" type="1" thread="5" file="">
<![LOG[The requested resource requires user authentication.]LOG]!><time="10:21:25.3403813" date="5-29-2026" component="IntuneManagementExtension" context="" type="1" thread="5" file="">
<![LOG[AAD User check is failed, exception is Intune Management Extension Error.
Exception: Microsoft.Management.Services.IntuneWindowsAgent.AgentCommon.TokenAquireException: Attempt to get token, but failed.
   at Microsoft.Management.Services.IntuneWindowsAgent.AgentCommon.IntuneTokenManager.<GetTokenInternalAsync>d__44.MoveNext()
--- End of stack trace from previous location where exception was thrown ---
   at System.Runtime.CompilerServices.TaskAwaiter.ThrowForNonSuccess(Task task)
   at System.Runtime.CompilerServices.TaskAwaiter.HandleNonSuccessAndDebuggerNotification(Task task)
   at Microsoft.Management.Services.IntuneWindowsAgent.AgentCommon.IntuneTokenManager.<GetTokenForNewRequestUsingDeviceCheckInAppId>d__43.MoveNext()
--- End of stack trace from previous location where exception was thrown ---
   at System.Runtime.CompilerServices.TaskAwaiter.ThrowForNonSuccess(Task task)
   at System.Runtime.CompilerServices.TaskAwaiter.HandleNonSuccessAndDebuggerNotification(Task task)
   at Microsoft.Management.Services.IntuneWindowsAgent.AgentCommon.DiscoveryService.<<IsAADUserInternal>b__19_0>d.MoveNext()
--- End of stack trace from previous location where exception was thrown ---
   at System.Runtime.CompilerServices.TaskAwaiter.ThrowForNonSuccess(Task task)
   at System.Runtime.CompilerServices.TaskAwaiter.HandleNonSuccessAndDebuggerNotification(Task task)
   at System.Runtime.CompilerServices.TaskAwaiter.GetResult()
   at Microsoft.Management.Services.IntuneWindowsAgent.AgentCommon.ImpersonateHelper.<DoActionWithImpersonation>d__4.MoveNext()
--- End of stack trace from previous location where exception was thrown ---
   at System.Runtime.CompilerServices.TaskAwaiter.ThrowForNonSuccess(Task task)
   at System.Runtime.CompilerServices.TaskAwaiter.HandleNonSuccessAndDebuggerNotification(Task task)
   at Microsoft.Management.Services.IntuneWindowsAgent.AgentCommon.DiscoveryService.<IsAADUserInternal>d__19.MoveNext(), session is 2]LOG]!><time="10:21:25.3403813" date="5-29-2026" component="IntuneManagementExtension" context="" type="1" thread="5" file="">
<![LOG[AAD User check using device check in app is failed, now fallback to the Graph audience. ex = Intune Management Extension Error.
Exception: Microsoft.Management.Services.IntuneWindowsAgent.AgentCommon.TokenAquireException: Attempt to get token, but failed.
   at Microsoft.Management.Services.IntuneWindowsAgent.AgentCommon.DiscoveryService.<IsAADUserInternal>d__19.MoveNext()
--- End of stack trace from previous location where exception was thrown ---
   at System.Runtime.CompilerServices.TaskAwaiter.ThrowForNonSuccess(Task task)
   at System.Runtime.CompilerServices.TaskAwaiter.HandleNonSuccessAndDebuggerNotification(Task task)
   at Microsoft.Management.Services.IntuneWindowsAgent.AgentCommon.DiscoveryService.<IsAADUser>d__17.MoveNext()]LOG]!><time="10:21:25.3424012" date="5-29-2026" component="IntuneManagementExtension" context="" type="3" thread="5" file="">
<![LOG[starting impersonation, session id = 2]LOG]!><time="10:21:25.3424012" date="5-29-2026" component="IntuneManagementExtension" context="" type="1" thread="5" file="">
<![LOG[After impersonation: BCLDB\aaaggarw_w]LOG]!><time="10:21:25.3444227" date="5-29-2026" component="IntuneManagementExtension" context="" type="1" thread="5" file="">
<![LOG[[TokenManager::GetTokenForNewRequestAsync]]LOG]!><time="10:21:25.3444227" date="5-29-2026" component="IntuneManagementExtension" context="" type="1" thread="5" file="">
<![LOG[provider id = https://login.microsoft.com, authority = organizations]LOG]!><time="10:21:25.3502215" date="5-29-2026" component="IntuneManagementExtension" context="" type="1" thread="5" file="">
<![LOG[get provider, provider name = Work or school account]LOG]!><time="10:21:25.3502215" date="5-29-2026" component="IntuneManagementExtension" context="" type="1" thread="5" file="">
<![LOG[Failed to get AAD token. len = 52 using client id fc0f3af4-6835-4174-b806-f7db311fd2f3 and resource id 00000003-0000-0000-c000-000000000000, errorCode = 3400073236]LOG]!><time="10:21:26.1848259" date="5-29-2026" component="IntuneManagementExtension" context="" type="1" thread="5" file="">
<![LOG[The requested resource requires user authentication.]LOG]!><time="10:21:26.1882098" date="5-29-2026" component="IntuneManagementExtension" context="" type="1" thread="5" file="">
<![LOG[AAD User check is failed, exception is Intune Management Extension Error.
Exception: Microsoft.Management.Services.IntuneWindowsAgent.AgentCommon.TokenAquireException: Attempt to get token, but failed.
   at Microsoft.Management.Services.IntuneWindowsAgent.AgentCommon.IntuneTokenManager.<GetTokenInternalAsync>d__44.MoveNext()
--- End of stack trace from previous location where exception was thrown ---
   at System.Runtime.CompilerServices.TaskAwaiter.ThrowForNonSuccess(Task task)
   at System.Runtime.CompilerServices.TaskAwaiter.HandleNonSuccessAndDebuggerNotification(Task task)
   at Microsoft.Management.Services.IntuneWindowsAgent.AgentCommon.IntuneTokenManager.<GetTokenForNewRequestAsync>d__42.MoveNext()
--- End of stack trace from previous location where exception was thrown ---
   at System.Runtime.CompilerServices.TaskAwaiter.ThrowForNonSuccess(Task task)
   at System.Runtime.CompilerServices.TaskAwaiter.HandleNonSuccessAndDebuggerNotification(Task task)
   at Microsoft.Management.Services.IntuneWindowsAgent.AgentCommon.DiscoveryService.<<IsAADUserInternal>b__19_1>d.MoveNext()
--- End of stack trace from previous location where exception was thrown ---
   at System.Runtime.CompilerServices.TaskAwaiter.ThrowForNonSuccess(Task task)
   at System.Runtime.CompilerServices.TaskAwaiter.HandleNonSuccessAndDebuggerNotification(Task task)
   at System.Runtime.CompilerServices.TaskAwaiter.GetResult()
   at Microsoft.Management.Services.IntuneWindowsAgent.AgentCommon.ImpersonateHelper.<DoActionWithImpersonation>d__4.MoveNext()
--- End of stack trace from previous location where exception was thrown ---
   at System.Runtime.CompilerServices.TaskAwaiter.ThrowForNonSuccess(Task task)
   at System.Runtime.CompilerServices.TaskAwaiter.HandleNonSuccessAndDebuggerNotification(Task task)
   at Microsoft.Management.Services.IntuneWindowsAgent.AgentCommon.DiscoveryService.<IsAADUserInternal>d__19.MoveNext(), session is 2]LOG]!><time="10:21:26.1882098" date="5-29-2026" component="IntuneManagementExtension" context="" type="1" thread="5" file="">
<![LOG[[PowerShell] Total valid AAD User session count is 0]LOG]!><time="10:21:26.1882098" date="5-29-2026" component="IntuneManagementExtension" context="" type="1" thread="8" file="">
<![LOG[[Location Service] Found cached SideCarGatewayServiceUrl: https://agents.amsua0202.manage.microsoft.com/TrafficGateway/TrafficRoutingService/SideCar/StatelessSideCarGatewayService]LOG]!><time="10:21:26.1882098" date="5-29-2026" component="IntuneManagementExtension" context="" type="1" thread="8" file="">
<![LOG[[PowerShell] Add MDM Device session id : 0]LOG]!><time="10:21:26.1882098" date="5-29-2026" component="IntuneManagementExtension" context="" type="2" thread="8" file="">
<![LOG[[PowerShell] Processing user session 0, user id = 00000000-0000-0000-0000-000000000000]LOG]!><time="10:21:26.1901450" date="5-29-2026" component="IntuneManagementExtension" context="" type="1" thread="8" file="">
<![LOG[[PowerShell] Set MdmDeviceCertificate : 02E4F9FB5FC65A142EA077D00A8BC04A10DC732B]LOG]!><time="10:21:26.1901450" date="5-29-2026" component="IntuneManagementExtension" context="" type="1" thread="8" file="">
<![LOG[[GetChannelUriInformation] Start get channel URI information.]LOG]!><time="10:21:26.2179652" date="5-29-2026" component="IntuneManagementExtension" context="" type="1" thread="8" file="">
<![LOG[[ReadChannelUriFromRegistry] Read successfully, info is https://wns2-bl2p.notify.windows.com/?token=AwYAAACyoGMCKbJe3ra82GxIIQuH43O2Z5785LGvyQP0%2f8%2bHLLh%2fJ2jKARwyNQiNyf3heMi6yNkv%2fwlw1%2fwWlIvBkEpGMEubhd6JE%2fYRlmIr8O1Skb3gG5RK%2bj9vNkQK7Dqr%2bJU%3d,06/13/2026 17:15:34,NoSync,0,,]LOG]!><time="10:21:26.2179652" date="5-29-2026" component="IntuneManagementExtension" context="" type="1" thread="8" file="">
<![LOG[[GetChannelUriInformation] End get channel URI information, ChannelAddress is https://wns2-bl2p.notify.windows.com/?token=AwYAAACyoGMCKbJe3ra82GxIIQuH43O2Z5785LGvyQP0%2f8%2bHLLh%2fJ2jKARwyNQiNyf3heMi6yNkv%2fwlw1%2fwWlIvBkEpGMEubhd6JE%2fYRlmIr8O1Skb3gG5RK%2bj9vNkQK7Dqr%2bJU%3d and SyncType is NoSync]LOG]!><time="10:21:26.2199856" date="5-29-2026" component="IntuneManagementExtension" context="" type="1" thread="8" file="">
<![LOG[Load 0 policy results.]LOG]!><time="10:21:26.2199856" date="5-29-2026" component="IntuneManagementExtension" context="" type="1" thread="8" file="">
<![LOG[[PowerShell] Requesting policies with session id 1f9152fc-0df4-4f79-a67a-de10d0b499df ...]LOG]!><time="10:21:26.2199856" date="5-29-2026" component="IntuneManagementExtension" context="" type="1" thread="8" file="">
<![LOG[[ServiceBase], check in using device check in AAD App]LOG]!><time="10:21:26.2219998" date="5-29-2026" component="IntuneManagementExtension" context="" type="1" thread="8" file="">
<![LOG[[SendWebRequestInternal] iteration [0] started, total retryCount: 0]LOG]!><time="10:21:26.2219998" date="5-29-2026" component="IntuneManagementExtension" context="" type="1" thread="8" file="">
<![LOG[PrepareHeaders, client-request-id: bc60a523-3b5c-4478-b1cc-15c8935ddd62, Method: PUT]LOG]!><time="10:21:26.2219998" date="5-29-2026" component="IntuneManagementExtension" context="" type="1" thread="8" file="">
<![LOG[Userless session, skip UserToken for device check-in]LOG]!><time="10:21:26.2240136" date="5-29-2026" component="IntuneManagementExtension" context="" type="1" thread="8" file="">
<![LOG[Found 1 MDM certificates from Local Computer Store.]LOG]!><time="10:21:26.2260221" date="5-29-2026" component="IntuneManagementExtension" context="" type="1" thread="8" file="">
<![LOG[Add MdmDeviceCertificate 02E4F9FB5FC65A142EA077D00A8BC04A10DC732B into WebRequest with True]LOG]!><time="10:21:26.2260221" date="5-29-2026" component="IntuneManagementExtension" context="" type="1" thread="8" file="">
<![LOG[[SendWebRequestInternal] Sending network request...  Current proxy is https://agents.amsua0202.manage.microsoft.com/TrafficGateway/TrafficRoutingService/SideCar/StatelessSideCarGatewayService/SideCarGatewaySessions('1f9152fc-0df4-4f79-a67a-de10d0b499df')%3Fapi-version=1.5]LOG]!><time="10:21:26.2260221" date="5-29-2026" component="IntuneManagementExtension" context="" type="1" thread="8" file="">
<![LOG[[SendWebRequestInternal] Succeeded, client-request-id: bc60a523-3b5c-4478-b1cc-15c8935ddd62, AfdRef: ]LOG]!><time="10:21:26.5171548" date="5-29-2026" component="IntuneManagementExtension" context="" type="1" thread="9" file="">
<![LOG[[Flighting3] CheckEnabledFlights: EnablePublishChannelUriFeature,EnableDeviceActionFeature,IntunePivotInitial,IntunePivotUseProtectedData,SymLinkDetectionAndUserAccessRemovalEnabled]LOG]!><time="10:21:26.5191702" date="5-29-2026" component="IntuneManagementExtension" context="" type="3" thread="8" file="">
<![LOG[[Flighting] Windows Remote Help Unattended enabled state set to: False.]LOG]!><time="10:21:26.5211881" date="5-29-2026" component="IntuneManagementExtension" context="" type="1" thread="8" file="">
<![LOG[[PowerShell] response payload is []]LOG]!><time="10:21:26.5211881" date="5-29-2026" component="IntuneManagementExtension" context="" type="1" thread="8" file="">
<![LOG[[PowerShell] Get 0 policies for user 00000000-0000-0000-0000-000000000000 in session 0]LOG]!><time="10:21:26.5211881" date="5-29-2026" component="IntuneManagementExtension" context="" type="1" thread="8" file="">
<![LOG[[PowerShell] Calling FilterPolicies.]LOG]!><time="10:21:26.5211881" date="5-29-2026" component="IntuneManagementExtension" context="" type="1" thread="8" file="">
<![LOG[[PowerShell] After filter, get 0 policies for user 00000000-0000-0000-0000-000000000000 in session 0]LOG]!><time="10:21:26.5211881" date="5-29-2026" component="IntuneManagementExtension" context="" type="1" thread="8" file="">
<![LOG[[PowerShell] Calling ProcessPolicies]LOG]!><time="10:21:26.5232021" date="5-29-2026" component="IntuneManagementExtension" context="" type="1" thread="8" file="">
<![LOG[[Flighting] Fetching flighting value for key DisableV2ChainValidation...]LOG]!><time="10:21:26.5232021" date="5-29-2026" component="IntuneManagementExtension" context="" type="1" thread="8" file="">
<![LOG[[Flighting] Key: DisableV2ChainValidation, value not found. Falling back to default value: False.]LOG]!><time="10:21:26.5232021" date="5-29-2026" component="IntuneManagementExtension" context="" type="2" thread="8" file="">
<![LOG[[PowerShell] FlightingV2 SkipV2ChainValidation = False, existing value = False]LOG]!><time="10:21:26.5232021" date="5-29-2026" component="IntuneManagementExtension" context="" type="1" thread="8" file="">
<![LOG[[PowerShell] ProviderResult after policy processing optional Result = 0]LOG]!><time="10:21:26.5232021" date="5-29-2026" component="IntuneManagementExtension" context="" type="1" thread="8" file="">
<![LOG[[PowerShell] Polling thread stopped.]LOG]!><time="10:21:26.5232021" date="5-29-2026" component="IntuneManagementExtension" context="" type="1" thread="8" file="">
<![LOG[[PowerShell] ProviderResult final optional Result = 0]LOG]!><time="10:21:26.5232021" date="5-29-2026" component="IntuneManagementExtension" context="" type="1" thread="8" file="">
<![LOG[[PowerShell] ProviderResult: ProvisioningComplete.]LOG]!><time="10:21:26.5232021" date="5-29-2026" component="IntuneManagementExtension" context="" type="1" thread="8" file="">
<![LOG[[ProcessAppsOnSessionChange] Starting app check in]LOG]!><time="10:21:26.5252101" date="5-29-2026" component="IntuneManagementExtension" context="" type="1" thread="8" file="">
<![LOG[[APv2] Checking if device is in APv2 mode.]LOG]!><time="10:21:26.5252101" date="5-29-2026" component="IntuneManagementExtension" context="" type="1" thread="8" file="">
<![LOG[[APv2] Found DevicePrepHintValue = 0.]LOG]!><time="10:21:26.5272220" date="5-29-2026" component="IntuneManagementExtension" context="" type="1" thread="8" file="">
<![LOG[[APv2] Device is in APv2 mode: False.]LOG]!><time="10:21:26.5272220" date="5-29-2026" component="IntuneManagementExtension" context="" type="1" thread="8" file="">
<![LOG[co-mgt features is not available, ex = System.Management.ManagementException, not fatal]LOG]!><time="10:21:26.5625059" date="5-29-2026" component="IntuneManagementExtension" context="" type="2" thread="8" file="">
<![LOG[Comgt app workload status False]LOG]!><time="10:21:26.5625059" date="5-29-2026" component="IntuneManagementExtension" context="" type="1" thread="8" file="">
<![LOG[System.Exception: GetAADJoinInfo - Failed to get Azure AD Join information using NetGetAadJoinInformation.  hr:1
   at Microsoft.Management.Services.IntuneWindowsAgent.AgentCommon.AADJoinHelper.GetAADJoinInfo()]LOG]!><time="10:21:26.5625059" date="5-29-2026" component="IntuneManagementExtension" context="" type="2" thread="8" file="">
<![LOG[Failed to check if device is WPJ, ex is System.Exception: GetAADJoinInfo - Failed to get Azure AD Join information using NetGetAadJoinInformation.  hr:1
   at Microsoft.Management.Services.IntuneWindowsAgent.AgentCommon.AADJoinHelper.GetAADJoinInfo()
   at Microsoft.Management.Services.IntuneWindowsAgent.AgentCommon.AADJoinHelper.IsDeviceWPJ()]LOG]!><time="10:21:26.5625059" date="5-29-2026" component="IntuneManagementExtension" context="" type="2" thread="8" file="">
<![LOG[starting impersonation, session id = 2]LOG]!><time="10:21:26.7523120" date="5-29-2026" component="IntuneManagementExtension" context="" type="1" thread="8" file="">
<![LOG[After impersonation: BCLDB\aaaggarw_w]LOG]!><time="10:21:26.7523120" date="5-29-2026" component="IntuneManagementExtension" context="" type="1" thread="8" file="">
<![LOG[[TokenManager::GetTokenForNewRequestUsingDeviceCheckInAppId]]LOG]!><time="10:21:26.7523120" date="5-29-2026" component="IntuneManagementExtension" context="" type="1" thread="8" file="">
<![LOG[provider id = https://login.microsoft.com, authority = organizations]LOG]!><time="10:21:26.7666853" date="5-29-2026" component="IntuneManagementExtension" context="" type="1" thread="5" file="">
<![LOG[get provider, provider name = Work or school account]LOG]!><time="10:21:26.7666853" date="5-29-2026" component="IntuneManagementExtension" context="" type="1" thread="5" file="">
<![LOG[Failed to get AAD token. len = 52 using client id fc0f3af4-6835-4174-b806-f7db311fd2f3 and resource id 26a4ae64-5862-427f-a9b0-044e62572a4f, errorCode = 3400073236]LOG]!><time="10:21:26.7825636" date="5-29-2026" component="IntuneManagementExtension" context="" type="1" thread="5" file="">
<![LOG[The requested resource requires user authentication.]LOG]!><time="10:21:26.7825636" date="5-29-2026" component="IntuneManagementExtension" context="" type="1" thread="5" file="">
<![LOG[AAD User check is failed, exception is Intune Management Extension Error.
Exception: Microsoft.Management.Services.IntuneWindowsAgent.AgentCommon.TokenAquireException: Attempt to get token, but failed.
   at Microsoft.Management.Services.IntuneWindowsAgent.AgentCommon.IntuneTokenManager.<GetTokenInternalAsync>d__44.MoveNext()
--- End of stack trace from previous location where exception was thrown ---
   at System.Runtime.CompilerServices.TaskAwaiter.ThrowForNonSuccess(Task task)
   at System.Runtime.CompilerServices.TaskAwaiter.HandleNonSuccessAndDebuggerNotification(Task task)
   at Microsoft.Management.Services.IntuneWindowsAgent.AgentCommon.IntuneTokenManager.<GetTokenForNewRequestUsingDeviceCheckInAppId>d__43.MoveNext()
--- End of stack trace from previous location where exception was thrown ---
   at System.Runtime.CompilerServices.TaskAwaiter.ThrowForNonSuccess(Task task)
   at System.Runtime.CompilerServices.TaskAwaiter.HandleNonSuccessAndDebuggerNotification(Task task)
   at Microsoft.Management.Services.IntuneWindowsAgent.AgentCommon.DiscoveryService.<<IsAADUserInternal>b__19_0>d.MoveNext()
--- End of stack trace from previous location where exception was thrown ---
   at System.Runtime.CompilerServices.TaskAwaiter.ThrowForNonSuccess(Task task)
   at System.Runtime.CompilerServices.TaskAwaiter.HandleNonSuccessAndDebuggerNotification(Task task)
   at System.Runtime.CompilerServices.TaskAwaiter.GetResult()
   at Microsoft.Management.Services.IntuneWindowsAgent.AgentCommon.ImpersonateHelper.<DoActionWithImpersonation>d__4.MoveNext()
--- End of stack trace from previous location where exception was thrown ---
   at System.Runtime.CompilerServices.TaskAwaiter.ThrowForNonSuccess(Task task)
   at System.Runtime.CompilerServices.TaskAwaiter.HandleNonSuccessAndDebuggerNotification(Task task)
   at Microsoft.Management.Services.IntuneWindowsAgent.AgentCommon.DiscoveryService.<IsAADUserInternal>d__19.MoveNext(), session is 2]LOG]!><time="10:21:26.7843247" date="5-29-2026" component="IntuneManagementExtension" context="" type="1" thread="5" file="">
<![LOG[AAD User check using device check in app is failed, now fallback to the Graph audience. ex = Intune Management Extension Error.
Exception: Microsoft.Management.Services.IntuneWindowsAgent.AgentCommon.TokenAquireException: Attempt to get token, but failed.
   at Microsoft.Management.Services.IntuneWindowsAgent.AgentCommon.DiscoveryService.<IsAADUserInternal>d__19.MoveNext()
--- End of stack trace from previous location where exception was thrown ---
   at System.Runtime.CompilerServices.TaskAwaiter.ThrowForNonSuccess(Task task)
   at System.Runtime.CompilerServices.TaskAwaiter.HandleNonSuccessAndDebuggerNotification(Task task)
   at Microsoft.Management.Services.IntuneWindowsAgent.AgentCommon.DiscoveryService.<IsAADUser>d__17.MoveNext()]LOG]!><time="10:21:26.7843247" date="5-29-2026" component="IntuneManagementExtension" context="" type="3" thread="5" file="">
<![LOG[starting impersonation, session id = 2]LOG]!><time="10:21:26.7843247" date="5-29-2026" component="IntuneManagementExtension" context="" type="1" thread="5" file="">
<![LOG[After impersonation: BCLDB\aaaggarw_w]LOG]!><time="10:21:26.7843247" date="5-29-2026" component="IntuneManagementExtension" context="" type="1" thread="5" file="">
<![LOG[[TokenManager::GetTokenForNewRequestAsync]]LOG]!><time="10:21:26.7843247" date="5-29-2026" component="IntuneManagementExtension" context="" type="1" thread="5" file="">
<![LOG[provider id = https://login.microsoft.com, authority = organizations]LOG]!><time="10:21:26.7883451" date="5-29-2026" component="IntuneManagementExtension" context="" type="1" thread="5" file="">
<![LOG[get provider, provider name = Work or school account]LOG]!><time="10:21:26.7903600" date="5-29-2026" component="IntuneManagementExtension" context="" type="1" thread="5" file="">
<![LOG[Failed to get AAD token. len = 52 using client id fc0f3af4-6835-4174-b806-f7db311fd2f3 and resource id 00000003-0000-0000-c000-000000000000, errorCode = 3400073236]LOG]!><time="10:21:26.8042075" date="5-29-2026" component="IntuneManagementExtension" context="" type="1" thread="5" file="">
<![LOG[The requested resource requires user authentication.]LOG]!><time="10:21:26.8042075" date="5-29-2026" component="IntuneManagementExtension" context="" type="1" thread="5" file="">
<![LOG[AAD User check is failed, exception is Intune Management Extension Error.
Exception: Microsoft.Management.Services.IntuneWindowsAgent.AgentCommon.TokenAquireException: Attempt to get token, but failed.
   at Microsoft.Management.Services.IntuneWindowsAgent.AgentCommon.IntuneTokenManager.<GetTokenInternalAsync>d__44.MoveNext()
--- End of stack trace from previous location where exception was thrown ---
   at System.Runtime.CompilerServices.TaskAwaiter.ThrowForNonSuccess(Task task)
   at System.Runtime.CompilerServices.TaskAwaiter.HandleNonSuccessAndDebuggerNotification(Task task)
   at Microsoft.Management.Services.IntuneWindowsAgent.AgentCommon.IntuneTokenManager.<GetTokenForNewRequestAsync>d__42.MoveNext()
--- End of stack trace from previous location where exception was thrown ---
   at System.Runtime.CompilerServices.TaskAwaiter.ThrowForNonSuccess(Task task)
   at System.Runtime.CompilerServices.TaskAwaiter.HandleNonSuccessAndDebuggerNotification(Task task)
   at Microsoft.Management.Services.IntuneWindowsAgent.AgentCommon.DiscoveryService.<<IsAADUserInternal>b__19_1>d.MoveNext()
--- End of stack trace from previous location where exception was thrown ---
   at System.Runtime.CompilerServices.TaskAwaiter.ThrowForNonSuccess(Task task)
   at System.Runtime.CompilerServices.TaskAwaiter.HandleNonSuccessAndDebuggerNotification(Task task)
   at System.Runtime.CompilerServices.TaskAwaiter.GetResult()
   at Microsoft.Management.Services.IntuneWindowsAgent.AgentCommon.ImpersonateHelper.<DoActionWithImpersonation>d__4.MoveNext()
--- End of stack trace from previous location where exception was thrown ---
   at System.Runtime.CompilerServices.TaskAwaiter.ThrowForNonSuccess(Task task)
   at System.Runtime.CompilerServices.TaskAwaiter.HandleNonSuccessAndDebuggerNotification(Task task)
   at Microsoft.Management.Services.IntuneWindowsAgent.AgentCommon.DiscoveryService.<IsAADUserInternal>d__19.MoveNext(), session is 2]LOG]!><time="10:21:26.8042075" date="5-29-2026" component="IntuneManagementExtension" context="" type="1" thread="5" file="">
<![LOG[Checking throttle setting]LOG]!><time="10:21:26.8160126" date="5-29-2026" component="IntuneManagementExtension" context="" type="1" thread="8" file="">
<![LOG[Successfully updated throttling info. workload AgentCheckIn, currentCnt = 10]LOG]!><time="10:21:26.8160126" date="5-29-2026" component="IntuneManagementExtension" context="" type="1" thread="8" file="">
<![LOG[Finish throttle checking.]LOG]!><time="10:21:26.8160126" date="5-29-2026" component="IntuneManagementExtension" context="" type="1" thread="8" file="">
<![LOG[[APv2] Checking if device is in APv2 mode.]LOG]!><time="10:21:26.9051334" date="5-29-2026" component="IntuneManagementExtension" context="" type="1" thread="8" file="">
<![LOG[[APv2] Found DevicePrepHintValue = 0.]LOG]!><time="10:21:26.9071408" date="5-29-2026" component="IntuneManagementExtension" context="" type="1" thread="8" file="">
<![LOG[[APv2] Device is in APv2 mode: False.]LOG]!><time="10:21:26.9071408" date="5-29-2026" component="IntuneManagementExtension" context="" type="1" thread="8" file="">
<![LOG[co-mgt features is not available, ex = System.Management.ManagementException, not fatal]LOG]!><time="10:21:26.9381388" date="5-29-2026" component="IntuneManagementExtension" context="" type="2" thread="8" file="">
<![LOG[Comgt app workload status False]LOG]!><time="10:21:26.9381388" date="5-29-2026" component="IntuneManagementExtension" context="" type="1" thread="8" file="">
<![LOG[System.Exception: GetAADJoinInfo - Failed to get Azure AD Join information using NetGetAadJoinInformation.  hr:1
   at Microsoft.Management.Services.IntuneWindowsAgent.AgentCommon.AADJoinHelper.GetAADJoinInfo()]LOG]!><time="10:21:26.9381388" date="5-29-2026" component="IntuneManagementExtension" context="" type="2" thread="8" file="">
<![LOG[Failed to check if device is WPJ, ex is System.Exception: GetAADJoinInfo - Failed to get Azure AD Join information using NetGetAadJoinInformation.  hr:1
   at Microsoft.Management.Services.IntuneWindowsAgent.AgentCommon.AADJoinHelper.GetAADJoinInfo()
   at Microsoft.Management.Services.IntuneWindowsAgent.AgentCommon.AADJoinHelper.IsDeviceWPJ()]LOG]!><time="10:21:26.9420401" date="5-29-2026" component="IntuneManagementExtension" context="" type="2" thread="8" file="">
<![LOG[starting impersonation, session id = 2]LOG]!><time="10:21:27.1014635" date="5-29-2026" component="IntuneManagementExtension" context="" type="1" thread="8" file="">
<![LOG[After impersonation: BCLDB\aaaggarw_w]LOG]!><time="10:21:27.1107622" date="5-29-2026" component="IntuneManagementExtension" context="" type="1" thread="8" file="">
<![LOG[[TokenManager::GetTokenForNewRequestUsingDeviceCheckInAppId]]LOG]!><time="10:21:27.1107622" date="5-29-2026" component="IntuneManagementExtension" context="" type="1" thread="8" file="">
<![LOG[provider id = https://login.microsoft.com, authority = organizations]LOG]!><time="10:21:27.1147945" date="5-29-2026" component="IntuneManagementExtension" context="" type="1" thread="5" file="">
<![LOG[get provider, provider name = Work or school account]LOG]!><time="10:21:27.1147945" date="5-29-2026" component="IntuneManagementExtension" context="" type="1" thread="5" file="">
<![LOG[Failed to get AAD token. len = 52 using client id fc0f3af4-6835-4174-b806-f7db311fd2f3 and resource id 26a4ae64-5862-427f-a9b0-044e62572a4f, errorCode = 3400073236]LOG]!><time="10:21:27.1292413" date="5-29-2026" component="IntuneManagementExtension" context="" type="1" thread="5" file="">
<![LOG[The requested resource requires user authentication.]LOG]!><time="10:21:27.1312526" date="5-29-2026" component="IntuneManagementExtension" context="" type="1" thread="5" file="">
<![LOG[AAD User check is failed, exception is Intune Management Extension Error.
Exception: Microsoft.Management.Services.IntuneWindowsAgent.AgentCommon.TokenAquireException: Attempt to get token, but failed.
   at Microsoft.Management.Services.IntuneWindowsAgent.AgentCommon.IntuneTokenManager.<GetTokenInternalAsync>d__44.MoveNext()
--- End of stack trace from previous location where exception was thrown ---
   at System.Runtime.CompilerServices.TaskAwaiter.ThrowForNonSuccess(Task task)
   at System.Runtime.CompilerServices.TaskAwaiter.HandleNonSuccessAndDebuggerNotification(Task task)
   at Microsoft.Management.Services.IntuneWindowsAgent.AgentCommon.IntuneTokenManager.<GetTokenForNewRequestUsingDeviceCheckInAppId>d__43.MoveNext()
--- End of stack trace from previous location where exception was thrown ---
   at System.Runtime.CompilerServices.TaskAwaiter.ThrowForNonSuccess(Task task)
   at System.Runtime.CompilerServices.TaskAwaiter.HandleNonSuccessAndDebuggerNotification(Task task)
   at Microsoft.Management.Services.IntuneWindowsAgent.AgentCommon.DiscoveryService.<<IsAADUserInternal>b__19_0>d.MoveNext()
--- End of stack trace from previous location where exception was thrown ---
   at System.Runtime.CompilerServices.TaskAwaiter.ThrowForNonSuccess(Task task)
   at System.Runtime.CompilerServices.TaskAwaiter.HandleNonSuccessAndDebuggerNotification(Task task)
   at System.Runtime.CompilerServices.TaskAwaiter.GetResult()
   at Microsoft.Management.Services.IntuneWindowsAgent.AgentCommon.ImpersonateHelper.<DoActionWithImpersonation>d__4.MoveNext()
--- End of stack trace from previous location where exception was thrown ---
   at System.Runtime.CompilerServices.TaskAwaiter.ThrowForNonSuccess(Task task)
   at System.Runtime.CompilerServices.TaskAwaiter.HandleNonSuccessAndDebuggerNotification(Task task)
   at Microsoft.Management.Services.IntuneWindowsAgent.AgentCommon.DiscoveryService.<IsAADUserInternal>d__19.MoveNext(), session is 2]LOG]!><time="10:21:27.1312526" date="5-29-2026" component="IntuneManagementExtension" context="" type="1" thread="5" file="">
<![LOG[AAD User check using device check in app is failed, now fallback to the Graph audience. ex = Intune Management Extension Error.
Exception: Microsoft.Management.Services.IntuneWindowsAgent.AgentCommon.TokenAquireException: Attempt to get token, but failed.
   at Microsoft.Management.Services.IntuneWindowsAgent.AgentCommon.DiscoveryService.<IsAADUserInternal>d__19.MoveNext()
--- End of stack trace from previous location where exception was thrown ---
   at System.Runtime.CompilerServices.TaskAwaiter.ThrowForNonSuccess(Task task)
   at System.Runtime.CompilerServices.TaskAwaiter.HandleNonSuccessAndDebuggerNotification(Task task)
   at Microsoft.Management.Services.IntuneWindowsAgent.AgentCommon.DiscoveryService.<IsAADUser>d__17.MoveNext()]LOG]!><time="10:21:27.1327623" date="5-29-2026" component="IntuneManagementExtension" context="" type="3" thread="5" file="">
<![LOG[starting impersonation, session id = 2]LOG]!><time="10:21:27.1327623" date="5-29-2026" component="IntuneManagementExtension" context="" type="1" thread="5" file="">
<![LOG[After impersonation: BCLDB\aaaggarw_w]LOG]!><time="10:21:27.1347746" date="5-29-2026" component="IntuneManagementExtension" context="" type="1" thread="5" file="">
<![LOG[[TokenManager::GetTokenForNewRequestAsync]]LOG]!><time="10:21:27.1347746" date="5-29-2026" component="IntuneManagementExtension" context="" type="1" thread="5" file="">
<![LOG[provider id = https://login.microsoft.com, authority = organizations]LOG]!><time="10:21:27.1387959" date="5-29-2026" component="IntuneManagementExtension" context="" type="1" thread="5" file="">
<![LOG[get provider, provider name = Work or school account]LOG]!><time="10:21:27.1387959" date="5-29-2026" component="IntuneManagementExtension" context="" type="1" thread="5" file="">
<![LOG[Failed to get AAD token. len = 52 using client id fc0f3af4-6835-4174-b806-f7db311fd2f3 and resource id 00000003-0000-0000-c000-000000000000, errorCode = 3400073236]LOG]!><time="10:21:27.1526169" date="5-29-2026" component="IntuneManagementExtension" context="" type="1" thread="5" file="">
<![LOG[The requested resource requires user authentication.]LOG]!><time="10:21:27.1526169" date="5-29-2026" component="IntuneManagementExtension" context="" type="1" thread="5" file="">
<![LOG[AAD User check is failed, exception is Intune Management Extension Error.
Exception: Microsoft.Management.Services.IntuneWindowsAgent.AgentCommon.TokenAquireException: Attempt to get token, but failed.
   at Microsoft.Management.Services.IntuneWindowsAgent.AgentCommon.IntuneTokenManager.<GetTokenInternalAsync>d__44.MoveNext()
--- End of stack trace from previous location where exception was thrown ---
   at System.Runtime.CompilerServices.TaskAwaiter.ThrowForNonSuccess(Task task)
   at System.Runtime.CompilerServices.TaskAwaiter.HandleNonSuccessAndDebuggerNotification(Task task)
   at Microsoft.Management.Services.IntuneWindowsAgent.AgentCommon.IntuneTokenManager.<GetTokenForNewRequestAsync>d__42.MoveNext()
--- End of stack trace from previous location where exception was thrown ---
   at System.Runtime.CompilerServices.TaskAwaiter.ThrowForNonSuccess(Task task)
   at System.Runtime.CompilerServices.TaskAwaiter.HandleNonSuccessAndDebuggerNotification(Task task)
   at Microsoft.Management.Services.IntuneWindowsAgent.AgentCommon.DiscoveryService.<<IsAADUserInternal>b__19_1>d.MoveNext()
--- End of stack trace from previous location where exception was thrown ---
   at System.Runtime.CompilerServices.TaskAwaiter.ThrowForNonSuccess(Task task)
   at System.Runtime.CompilerServices.TaskAwaiter.HandleNonSuccessAndDebuggerNotification(Task task)
   at System.Runtime.CompilerServices.TaskAwaiter.GetResult()
   at Microsoft.Management.Services.IntuneWindowsAgent.AgentCommon.ImpersonateHelper.<DoActionWithImpersonation>d__4.MoveNext()
--- End of stack trace from previous location where exception was thrown ---
   at System.Runtime.CompilerServices.TaskAwaiter.ThrowForNonSuccess(Task task)
   at System.Runtime.CompilerServices.TaskAwaiter.HandleNonSuccessAndDebuggerNotification(Task task)
   at Microsoft.Management.Services.IntuneWindowsAgent.AgentCommon.DiscoveryService.<IsAADUserInternal>d__19.MoveNext(), session is 2]LOG]!><time="10:21:27.1546279" date="5-29-2026" component="IntuneManagementExtension" context="" type="1" thread="5" file="">
<![LOG[Found 1 MDM certificates from Local Computer Store.]LOG]!><time="10:21:27.1586443" date="5-29-2026" component="IntuneManagementExtension" context="" type="1" thread="8" file="">
<![LOG[[Location Service] Found cached SideCarGatewayServiceUrl: https://agents.amsua0202.manage.microsoft.com/TrafficGateway/TrafficRoutingService/SideCar/StatelessSideCarGatewayService]LOG]!><time="10:21:27.1586443" date="5-29-2026" component="IntuneManagementExtension" context="" type="1" thread="8" file="">
<![LOG[co-mgt features is not available, ex = System.Management.ManagementException, not fatal]LOG]!><time="10:21:27.1958058" date="5-29-2026" component="IntuneManagementExtension" context="" type="2" thread="8" file="">
<![LOG[Comgt app workload status False]LOG]!><time="10:21:27.1958058" date="5-29-2026" component="IntuneManagementExtension" context="" type="1" thread="8" file="">
<![LOG[[Flighting] Fetching flighting value for key 4CF8C6F4-C96E-4454-A6D0-196EAAC3E496...]LOG]!><time="10:21:27.1958058" date="5-29-2026" component="IntuneManagementExtension" context="" type="1" thread="8" file="">
<![LOG[[Flighting] Key: 4CF8C6F4-C96E-4454-A6D0-196EAAC3E496, value not found. Falling back to default value: False.]LOG]!><time="10:21:27.1958058" date="5-29-2026" component="IntuneManagementExtension" context="" type="2" thread="8" file="">
<![LOG[[ServiceBase], check in using device check in AAD App]LOG]!><time="10:21:27.3795526" date="5-29-2026" component="IntuneManagementExtension" context="" type="1" thread="8" file="">
<![LOG[[SendWebRequestInternal] iteration [0] started, total retryCount: 0]LOG]!><time="10:21:27.3795526" date="5-29-2026" component="IntuneManagementExtension" context="" type="1" thread="8" file="">
<![LOG[PrepareHeaders, client-request-id: 298ffd8c-9be7-4818-a62b-ec032f27a839, Method: PUT]LOG]!><time="10:21:27.3815629" date="5-29-2026" component="IntuneManagementExtension" context="" type="1" thread="8" file="">
<![LOG[Userless session, skip UserToken for device check-in]LOG]!><time="10:21:27.3815629" date="5-29-2026" component="IntuneManagementExtension" context="" type="1" thread="8" file="">
<![LOG[Found 1 MDM certificates from Local Computer Store.]LOG]!><time="10:21:27.3835725" date="5-29-2026" component="IntuneManagementExtension" context="" type="1" thread="8" file="">
<![LOG[Add MdmDeviceCertificate 02E4F9FB5FC65A142EA077D00A8BC04A10DC732B into WebRequest with True]LOG]!><time="10:21:27.3835725" date="5-29-2026" component="IntuneManagementExtension" context="" type="1" thread="8" file="">
<![LOG[[SendWebRequestInternal] Sending network request...  Current proxy is https://agents.amsua0202.manage.microsoft.com/TrafficGateway/TrafficRoutingService/SideCar/StatelessSideCarGatewayService/SideCarGatewaySessions('6a0ba69f-4fdb-4d8e-845c-56283c66cfa8')%3Fapi-version=1.5]LOG]!><time="10:21:27.3835725" date="5-29-2026" component="IntuneManagementExtension" context="" type="1" thread="8" file="">
<![LOG[[SendWebRequestInternal] Succeeded, client-request-id: 298ffd8c-9be7-4818-a62b-ec032f27a839, AfdRef: ]LOG]!><time="10:21:27.8912453" date="5-29-2026" component="IntuneManagementExtension" context="" type="1" thread="18" file="">
<![LOG[[Flighting] Fetching flighting value for key EnableWin32PowerMgmt...]LOG]!><time="10:21:27.9458139" date="5-29-2026" component="IntuneManagementExtension" context="" type="1" thread="8" file="">
<![LOG[[Flighting] Key: EnableWin32PowerMgmt, found value: True.]LOG]!><time="10:21:27.9458139" date="5-29-2026" component="IntuneManagementExtension" context="" type="1" thread="8" file="">
<![LOG[[PowerManagement] Subscribing to power event: e1233993-eaa4-470f-9de7-a351c1b6fb71]LOG]!><time="10:21:27.9478309" date="5-29-2026" component="IntuneManagementExtension" context="" type="1" thread="8" file="">
<![LOG[[PowerManagement] Subscribed to power event: e1233993-eaa4-470f-9de7-a351c1b6fb71]LOG]!><time="10:21:27.9633095" date="5-29-2026" component="IntuneManagementExtension" context="" type="1" thread="8" file="">
<![LOG[[PowerManagement] Got power event: 32787 (0x8013) with args 0x117109216]LOG]!><time="10:21:27.9633095" date="5-29-2026" component="IntuneManagementExtension" context="" type="1" thread="19" file="">
<![LOG[[PowerEventHandler] Power event raised with sequence number: 1. Last stored sequence number: 0]LOG]!><time="10:21:27.9703527" date="5-29-2026" component="IntuneManagementExtension" context="" type="1" thread="19" file="">
<![LOG[[PowerEventHandler] LowPowerEpoch event details updated. EnteringConnectedStandby: False]LOG]!><time="10:21:27.9703527" date="5-29-2026" component="IntuneManagementExtension" context="" type="1" thread="19" file="">
<![LOG[[Flighting] Fetching flighting value for key skipUserContextAppsWithoutUserLoggedInEnabled...]LOG]!><time="10:21:34.2878152" date="5-29-2026" component="IntuneManagementExtension" context="" type="1" thread="8" file="">
<![LOG[[Flighting] Key: skipUserContextAppsWithoutUserLoggedInEnabled, found value: True.]LOG]!><time="10:21:34.2878152" date="5-29-2026" component="IntuneManagementExtension" context="" type="1" thread="8" file="">
<![LOG[Found 1 MDM certificates from Local Computer Store.]LOG]!><time="10:21:35.0482177" date="5-29-2026" component="IntuneManagementExtension" context="" type="1" thread="8" file="">
<![LOG[[ServiceBase], check in using device check in AAD App]LOG]!><time="10:21:35.1015613" date="5-29-2026" component="IntuneManagementExtension" context="" type="1" thread="8" file="">
<![LOG[[SendWebRequestInternal] iteration [0] started, total retryCount: 0]LOG]!><time="10:21:35.1015613" date="5-29-2026" component="IntuneManagementExtension" context="" type="1" thread="8" file="">
<![LOG[PrepareHeaders, client-request-id: 9c2a8c87-a716-44ed-b122-5aa688749fbd, Method: PUT]LOG]!><time="10:21:35.1015613" date="5-29-2026" component="IntuneManagementExtension" context="" type="1" thread="8" file="">
<![LOG[Userless session, skip UserToken for device check-in]LOG]!><time="10:21:35.1015613" date="5-29-2026" component="IntuneManagementExtension" context="" type="1" thread="8" file="">
<![LOG[Found 1 MDM certificates from Local Computer Store.]LOG]!><time="10:21:35.1097536" date="5-29-2026" component="IntuneManagementExtension" context="" type="1" thread="8" file="">
<![LOG[Add MdmDeviceCertificate 02E4F9FB5FC65A142EA077D00A8BC04A10DC732B into WebRequest with True]LOG]!><time="10:21:35.1097536" date="5-29-2026" component="IntuneManagementExtension" context="" type="1" thread="8" file="">
<![LOG[[SendWebRequestInternal] Sending network request...  Current proxy is https://agents.amsua0202.manage.microsoft.com/TrafficGateway/TrafficRoutingService/SideCar/StatelessSideCarGatewayService/SideCarGatewaySessions('88ac56f9-0026-4209-8d53-7c55d2fb8794')%3Fapi-version=1.5]LOG]!><time="10:21:35.1097536" date="5-29-2026" component="IntuneManagementExtension" context="" type="1" thread="8" file="">
<![LOG[[SendWebRequestInternal] Succeeded, client-request-id: 9c2a8c87-a716-44ed-b122-5aa688749fbd, AfdRef: ]LOG]!><time="10:21:35.4669003" date="5-29-2026" component="IntuneManagementExtension" context="" type="1" thread="9" file="">
<![LOG[Found 1 MDM certificates from Local Computer Store.]LOG]!><time="10:21:35.5635418" date="5-29-2026" component="IntuneManagementExtension" context="" type="1" thread="8" file="">
<![LOG[DO Job Id = 10ba6c82-2f7c-43a1-8549-a9be005d0abf ]LOG]!><time="10:21:37.0763862" date="5-29-2026" component="IntuneManagementExtension" context="" type="1" thread="8" file="">
<![LOG[Add File to the Job, File Id: 501FCB7D-A970-4E34-A753-4B48FE5D8BEF_5f09d589-ad94-4886-bc14-bcafeea7dc2c_f9623859-767d-4ad3-821a-04290cb8bd1b_13c839ec-60d8-4997-a206-9938bfd6f7f1-intunewin-bin_498ec327-0ec0-426e-8872-3d52a2e63861_1]LOG]!><time="10:21:37.0763862" date="5-29-2026" component="IntuneManagementExtension" context="" type="1" thread="8" file="">
<![LOG[Starting job 10ba6c82-2f7c-43a1-8549-a9be005d0abf...]LOG]!><time="10:21:37.0925063" date="5-29-2026" component="IntuneManagementExtension" context="" type="1" thread="8" file="">
<![LOG[...job 10ba6c82-2f7c-43a1-8549-a9be005d0abf started]LOG]!><time="10:21:37.1082203" date="5-29-2026" component="IntuneManagementExtension" context="" type="1" thread="8" file="">
<![LOG[Waiting 1800000 ms for 1 jobs to complete]LOG]!><time="10:21:37.1127424" date="5-29-2026" component="IntuneManagementExtension" context="" type="1" thread="8" file="">
<![LOG[JobTransferred callback for job = 10ba6c82-2f7c-43a1-8549-a9be005d0abf]LOG]!><time="10:21:38.0800049" date="5-29-2026" component="IntuneManagementExtension" context="" type="1" thread="4" file="">
<![LOG[Completing job 10ba6c82-2f7c-43a1-8549-a9be005d0abf]LOG]!><time="10:21:42.1269388" date="5-29-2026" component="IntuneManagementExtension" context="" type="1" thread="8" file="">
<![LOG[Notified DO Service the job is complete.]LOG]!><time="10:21:42.1269388" date="5-29-2026" component="IntuneManagementExtension" context="" type="1" thread="8" file="">
<![LOG[[Win32App][Win32AppDownloadExecutor] Execution completed with action status: Success, enforcement state: InProgressDownloadCompleted, error code: , and download running in background: False.]LOG]!><time="10:21:42.3501705" date="5-29-2026" component="IntuneManagementExtension" context="" type="1" thread="8" file="">
<![LOG[GetAADAuthToken - Failed to get Azure AD Join information using NetGetAadJoinInformation in <GetTenantInformation>.  hr:1]LOG]!><time="10:24:14.8478629" date="5-29-2026" component="IntuneManagementExtension" context="" type="3" thread="15" file="">
<![LOG[GetAADAuthToken error in <GetTenantInformation> - System.Exception: GetAADAuthToken - Failed to get Azure AD Join information using NetGetAadJoinInformation in <GetTenantInformation>.  hr:1
   at Microsoft.Management.Clients.IntuneManagementExtension.DataSensorPlugIn.Utils.EventSenderUtils.GetTenantInformation()]LOG]!><time="10:24:14.8498681" date="5-29-2026" component="IntuneManagementExtension" context="" type="3" thread="15" file="">
<![LOG[[Flighting] Fetching flighting value for key EnableUserSessionFix...]LOG]!><time="10:25:34.4952811" date="5-29-2026" component="IntuneManagementExtension" context="" type="1" thread="15" file="">
<![LOG[[Flighting] Key: EnableUserSessionFix, found value: False.]LOG]!><time="10:25:34.4952811" date="5-29-2026" component="IntuneManagementExtension" context="" type="1" thread="15" file="">
<![LOG[starting impersonation, session id = 2]LOG]!><time="10:25:34.5138935" date="5-29-2026" component="IntuneManagementExtension" context="" type="1" thread="15" file="">
<![LOG[After impersonation: BCLDB\aaaggarw_w]LOG]!><time="10:25:34.5168954" date="5-29-2026" component="IntuneManagementExtension" context="" type="1" thread="15" file="">
<![LOG[[TokenManager::GetTokenForNewRequestUsingDeviceCheckInAppId]]LOG]!><time="10:25:34.5168954" date="5-29-2026" component="IntuneManagementExtension" context="" type="1" thread="15" file="">
<![LOG[provider id = https://login.microsoft.com, authority = organizations]LOG]!><time="10:25:34.5299584" date="5-29-2026" component="IntuneManagementExtension" context="" type="1" thread="17" file="">
<![LOG[get provider, provider name = Work or school account]LOG]!><time="10:25:34.5299584" date="5-29-2026" component="IntuneManagementExtension" context="" type="1" thread="17" file="">
<![LOG[Failed to get AAD token. len = 52 using client id fc0f3af4-6835-4174-b806-f7db311fd2f3 and resource id 26a4ae64-5862-427f-a9b0-044e62572a4f, errorCode = 3400073236]LOG]!><time="10:25:36.1931984" date="5-29-2026" component="IntuneManagementExtension" context="" type="1" thread="17" file="">
<![LOG[The requested resource requires user authentication.]LOG]!><time="10:25:36.1966074" date="5-29-2026" component="IntuneManagementExtension" context="" type="1" thread="17" file="">
<![LOG[AAD User check is failed, exception is Intune Management Extension Error.
Exception: Microsoft.Management.Services.IntuneWindowsAgent.AgentCommon.TokenAquireException: Attempt to get token, but failed.
   at Microsoft.Management.Services.IntuneWindowsAgent.AgentCommon.IntuneTokenManager.<GetTokenInternalAsync>d__44.MoveNext()
--- End of stack trace from previous location where exception was thrown ---
   at System.Runtime.CompilerServices.TaskAwaiter.ThrowForNonSuccess(Task task)
   at System.Runtime.CompilerServices.TaskAwaiter.HandleNonSuccessAndDebuggerNotification(Task task)
   at Microsoft.Management.Services.IntuneWindowsAgent.AgentCommon.IntuneTokenManager.<GetTokenForNewRequestUsingDeviceCheckInAppId>d__43.MoveNext()
--- End of stack trace from previous location where exception was thrown ---
   at System.Runtime.CompilerServices.TaskAwaiter.ThrowForNonSuccess(Task task)
   at System.Runtime.CompilerServices.TaskAwaiter.HandleNonSuccessAndDebuggerNotification(Task task)
   at Microsoft.Management.Services.IntuneWindowsAgent.AgentCommon.DiscoveryService.<<IsAADUserInternal>b__19_0>d.MoveNext()
--- End of stack trace from previous location where exception was thrown ---
   at System.Runtime.CompilerServices.TaskAwaiter.ThrowForNonSuccess(Task task)
   at System.Runtime.CompilerServices.TaskAwaiter.HandleNonSuccessAndDebuggerNotification(Task task)
   at System.Runtime.CompilerServices.TaskAwaiter.GetResult()
   at Microsoft.Management.Services.IntuneWindowsAgent.AgentCommon.ImpersonateHelper.<DoActionWithImpersonation>d__4.MoveNext()
--- End of stack trace from previous location where exception was thrown ---
   at System.Runtime.CompilerServices.TaskAwaiter.ThrowForNonSuccess(Task task)
   at System.Runtime.CompilerServices.TaskAwaiter.HandleNonSuccessAndDebuggerNotification(Task task)
   at Microsoft.Management.Services.IntuneWindowsAgent.AgentCommon.DiscoveryService.<IsAADUserInternal>d__19.MoveNext(), session is 2]LOG]!><time="10:25:36.1966074" date="5-29-2026" component="IntuneManagementExtension" context="" type="1" thread="17" file="">
<![LOG[AAD User check using device check in app is failed, now fallback to the Graph audience. ex = Intune Management Extension Error.
Exception: Microsoft.Management.Services.IntuneWindowsAgent.AgentCommon.TokenAquireException: Attempt to get token, but failed.
   at Microsoft.Management.Services.IntuneWindowsAgent.AgentCommon.DiscoveryService.<IsAADUserInternal>d__19.MoveNext()
--- End of stack trace from previous location where exception was thrown ---
   at System.Runtime.CompilerServices.TaskAwaiter.ThrowForNonSuccess(Task task)
   at System.Runtime.CompilerServices.TaskAwaiter.HandleNonSuccessAndDebuggerNotification(Task task)
   at Microsoft.Management.Services.IntuneWindowsAgent.AgentCommon.DiscoveryService.<IsAADUser>d__17.MoveNext()]LOG]!><time="10:25:36.1983664" date="5-29-2026" component="IntuneManagementExtension" context="" type="3" thread="17" file="">
<![LOG[starting impersonation, session id = 2]LOG]!><time="10:25:36.1983664" date="5-29-2026" component="IntuneManagementExtension" context="" type="1" thread="17" file="">
<![LOG[After impersonation: BCLDB\aaaggarw_w]LOG]!><time="10:25:36.2003715" date="5-29-2026" component="IntuneManagementExtension" context="" type="1" thread="17" file="">
<![LOG[[TokenManager::GetTokenForNewRequestAsync]]LOG]!><time="10:25:36.2003715" date="5-29-2026" component="IntuneManagementExtension" context="" type="1" thread="17" file="">
<![LOG[provider id = https://login.microsoft.com, authority = organizations]LOG]!><time="10:25:36.2041256" date="5-29-2026" component="IntuneManagementExtension" context="" type="1" thread="17" file="">
<![LOG[get provider, provider name = Work or school account]LOG]!><time="10:25:36.2061349" date="5-29-2026" component="IntuneManagementExtension" context="" type="1" thread="17" file="">
<![LOG[Failed to get AAD token. len = 52 using client id fc0f3af4-6835-4174-b806-f7db311fd2f3 and resource id 00000003-0000-0000-c000-000000000000, errorCode = 3400073236]LOG]!><time="10:25:37.1253346" date="5-29-2026" component="IntuneManagementExtension" context="" type="1" thread="17" file="">
<![LOG[The requested resource requires user authentication.]LOG]!><time="10:25:37.1253346" date="5-29-2026" component="IntuneManagementExtension" context="" type="1" thread="17" file="">
<![LOG[AAD User check is failed, exception is Intune Management Extension Error.
Exception: Microsoft.Management.Services.IntuneWindowsAgent.AgentCommon.TokenAquireException: Attempt to get token, but failed.
   at Microsoft.Management.Services.IntuneWindowsAgent.AgentCommon.IntuneTokenManager.<GetTokenInternalAsync>d__44.MoveNext()
--- End of stack trace from previous location where exception was thrown ---
   at System.Runtime.CompilerServices.TaskAwaiter.ThrowForNonSuccess(Task task)
   at System.Runtime.CompilerServices.TaskAwaiter.HandleNonSuccessAndDebuggerNotification(Task task)
   at Microsoft.Management.Services.IntuneWindowsAgent.AgentCommon.IntuneTokenManager.<GetTokenForNewRequestAsync>d__42.MoveNext()
--- End of stack trace from previous location where exception was thrown ---
   at System.Runtime.CompilerServices.TaskAwaiter.ThrowForNonSuccess(Task task)
   at System.Runtime.CompilerServices.TaskAwaiter.HandleNonSuccessAndDebuggerNotification(Task task)
   at Microsoft.Management.Services.IntuneWindowsAgent.AgentCommon.DiscoveryService.<<IsAADUserInternal>b__19_1>d.MoveNext()
--- End of stack trace from previous location where exception was thrown ---
   at System.Runtime.CompilerServices.TaskAwaiter.ThrowForNonSuccess(Task task)
   at System.Runtime.CompilerServices.TaskAwaiter.HandleNonSuccessAndDebuggerNotification(Task task)
   at System.Runtime.CompilerServices.TaskAwaiter.GetResult()
   at Microsoft.Management.Services.IntuneWindowsAgent.AgentCommon.ImpersonateHelper.<DoActionWithImpersonation>d__4.MoveNext()
--- End of stack trace from previous location where exception was thrown ---
   at System.Runtime.CompilerServices.TaskAwaiter.ThrowForNonSuccess(Task task)
   at System.Runtime.CompilerServices.TaskAwaiter.HandleNonSuccessAndDebuggerNotification(Task task)
   at Microsoft.Management.Services.IntuneWindowsAgent.AgentCommon.DiscoveryService.<IsAADUserInternal>d__19.MoveNext(), session is 2]LOG]!><time="10:25:37.1253346" date="5-29-2026" component="IntuneManagementExtension" context="" type="1" thread="17" file="">
<![LOG[Found 1 MDM certificates from Local Computer Store.]LOG]!><time="10:25:37.1313755" date="5-29-2026" component="IntuneManagementExtension" context="" type="1" thread="15" file="">
<![LOG[[Location Service] Found cached SideCarGatewayServiceUrl: https://agents.amsua0202.manage.microsoft.com/TrafficGateway/TrafficRoutingService/SideCar/StatelessSideCarGatewayService]LOG]!><time="10:25:37.1333762" date="5-29-2026" component="IntuneManagementExtension" context="" type="1" thread="15" file="">
<![LOG[[Flighting] Fetching flighting value for key RemediationSendResultFirst...]LOG]!><time="10:25:37.1333762" date="5-29-2026" component="IntuneManagementExtension" context="" type="1" thread="15" file="">
<![LOG[[Flighting] Key: RemediationSendResultFirst, found value: True.]LOG]!><time="10:25:37.1333762" date="5-29-2026" component="IntuneManagementExtension" context="" type="1" thread="15" file="">
<![LOG[[Flighting] Fetching flighting value for key DisableV2ChainValidation...]LOG]!><time="10:25:37.1353762" date="5-29-2026" component="IntuneManagementExtension" context="" type="1" thread="15" file="">
<![LOG[[Flighting] Key: DisableV2ChainValidation, value not found. Falling back to default value: False.]LOG]!><time="10:25:37.1353762" date="5-29-2026" component="IntuneManagementExtension" context="" type="2" thread="15" file="">
<![LOG[[RemediationRunner](Run) {"Message":"LastFullReportTimeUTC=05/29/2026 17:25:37 is within 10 seconds of UtcNow=05/29/2026 17:25:37 for UserId=00000000-0000-0000-0000-000000000000, and IsScriptSettingsLoadedFromRegistry=false, set fullSync = true","Colmetadata":"","Col1":"","Col2":"","Col3":"","Col4":"","Col5":"","Col6":""}]LOG]!><time="10:25:37.1353762" date="5-29-2026" component="IntuneManagementExtension" context="" type="1" thread="15" file="">
<![LOG[[APv2] Checking if device is in APv2 mode.]LOG]!><time="10:25:37.2677311" date="5-29-2026" component="IntuneManagementExtension" context="" type="1" thread="15" file="">
<![LOG[[APv2] Found DevicePrepHintValue = 0.]LOG]!><time="10:25:37.2677311" date="5-29-2026" component="IntuneManagementExtension" context="" type="1" thread="15" file="">
<![LOG[[APv2] Device is in APv2 mode: False.]LOG]!><time="10:25:37.2677311" date="5-29-2026" component="IntuneManagementExtension" context="" type="1" thread="15" file="">
<![LOG[[TamperProtection] Enforcement mode = Enforcement2. PolicyType = 6. Running checks.]LOG]!><time="10:25:37.5450823" date="5-29-2026" component="IntuneManagementExtension" context="" type="1" thread="15" file="">
<![LOG[[TamperProtection] Blob embedded certs:DigiCert Global Root G2:DigiCert Global Root G2|08/01/2013 05:00:00|01/15/2038 04:00:00|DF3C24F9BFD666761B268073FE06D1CC8D4F82A4
Microsoft Azure RSA TLS Issuing CA 03:DigiCert Global Root G2|06/07/2023 17:00:00|08/25/2026 16:59:59|F9388EA2C9B7D632B66A2B0B406DF1D37D3901F6
SideCarSignCert.manage.microsoft.com:Microsoft Azure RSA TLS Issuing CA 03|03/12/2026 06:12:41|08/25/2026 16:59:59|8099E6B8A66C42456BB34ED307E9F29BB0E8E0CA
]LOG]!><time="10:25:37.5745916" date="5-29-2026" component="IntuneManagementExtension" context="" type="1" thread="15" file="">
<![LOG[[TamperProtection] Pass.]LOG]!><time="10:25:37.7804634" date="5-29-2026" component="IntuneManagementExtension" context="" type="1" thread="15" file="">
<![LOG[[PowerShell] Tamper validation pass.]LOG]!><time="10:25:37.7804634" date="5-29-2026" component="IntuneManagementExtension" context="" type="1" thread="15" file="">
<![LOG["C:\Program Files (x86)\Microsoft Intune Management Extension\agentexecutor.exe"  -remediationScript  ""C:\Windows\IMECache\HealthScripts\afed1baf-aecd-4380-a30f-6f594e6c180f_2\detect.ps1"" ""C:\Windows\IMECache\HealthScripts\afed1baf-aecd-4380-a30f-6f594e6c180f_2\0723bc59-5117-4e6b-a0e6-daea30e56d6b_PreDetectScript.output"" ""C:\Windows\IMECache\HealthScripts\afed1baf-aecd-4380-a30f-6f594e6c180f_2\0723bc59-5117-4e6b-a0e6-daea30e56d6b_PreDetectScript.error"" ""C:\Windows\IMECache\HealthScripts\afed1baf-aecd-4380-a30f-6f594e6c180f_2\0723bc59-5117-4e6b-a0e6-daea30e56d6b_PreDetectScript.timeout"" 3600 "C:\Windows\System32\WindowsPowerShell\v1.0" 0 ""C:\Windows\IMECache\HealthScripts\afed1baf-aecd-4380-a30f-6f594e6c180f_2\0723bc59-5117-4e6b-a0e6-daea30e56d6b_PreDetectScript.exit"" False ""]LOG]!><time="10:25:42.8049075" date="5-29-2026" component="IntuneManagementExtension" context="" type="1" thread="15" file="">
<![LOG[Launch powershell executor in machine session]LOG]!><time="10:25:42.8059143" date="5-29-2026" component="IntuneManagementExtension" context="" type="1" thread="15" file="">
<![LOG[Create proxy process successfully. Process id = 17360]LOG]!><time="10:25:42.8976528" date="5-29-2026" component="IntuneManagementExtension" context="" type="1" thread="15" file="">
<![LOG[Powershell execution is done, exitCode = 0]LOG]!><time="10:26:18.5152819" date="5-29-2026" component="IntuneManagementExtension" context="" type="1" thread="15" file="">
<![LOG[Found 1 MDM certificates from Local Computer Store.]LOG]!><time="10:26:23.5153298" date="5-29-2026" component="IntuneManagementExtension" context="" type="1" thread="15" file="">
<![LOG[[TamperProtection] Enforcement mode = Enforcement2. PolicyType = 6. Running checks.]LOG]!><time="10:26:23.6378959" date="5-29-2026" component="IntuneManagementExtension" context="" type="1" thread="15" file="">
<![LOG[[TamperProtection] Blob embedded certs:DigiCert Global Root G2:DigiCert Global Root G2|08/01/2013 05:00:00|01/15/2038 04:00:00|DF3C24F9BFD666761B268073FE06D1CC8D4F82A4
Microsoft Azure RSA TLS Issuing CA 03:DigiCert Global Root G2|06/07/2023 17:00:00|08/25/2026 16:59:59|F9388EA2C9B7D632B66A2B0B406DF1D37D3901F6
SideCarSignCert.manage.microsoft.com:Microsoft Azure RSA TLS Issuing CA 03|03/12/2026 06:12:41|08/25/2026 16:59:59|8099E6B8A66C42456BB34ED307E9F29BB0E8E0CA
]LOG]!><time="10:26:23.6398895" date="5-29-2026" component="IntuneManagementExtension" context="" type="1" thread="15" file="">
<![LOG[[TamperProtection] Pass.]LOG]!><time="10:26:23.6443901" date="5-29-2026" component="IntuneManagementExtension" context="" type="1" thread="15" file="">
<![LOG[[PowerShell] Tamper validation pass.]LOG]!><time="10:26:23.6443901" date="5-29-2026" component="IntuneManagementExtension" context="" type="1" thread="15" file="">
<![LOG["C:\Program Files (x86)\Microsoft Intune Management Extension\agentexecutor.exe"  -remediationScript  ""C:\Windows\IMECache\HealthScripts\bdfcd904-3494-4a44-b759-8f667d9bd955_2\detect.ps1"" ""C:\Windows\IMECache\HealthScripts\bdfcd904-3494-4a44-b759-8f667d9bd955_2\bca147ec-a711-41c6-b50f-5b3915f00266_PreDetectScript.output"" ""C:\Windows\IMECache\HealthScripts\bdfcd904-3494-4a44-b759-8f667d9bd955_2\bca147ec-a711-41c6-b50f-5b3915f00266_PreDetectScript.error"" ""C:\Windows\IMECache\HealthScripts\bdfcd904-3494-4a44-b759-8f667d9bd955_2\bca147ec-a711-41c6-b50f-5b3915f00266_PreDetectScript.timeout"" 3600 "C:\Windows\System32\WindowsPowerShell\v1.0" 0 ""C:\Windows\IMECache\HealthScripts\bdfcd904-3494-4a44-b759-8f667d9bd955_2\bca147ec-a711-41c6-b50f-5b3915f00266_PreDetectScript.exit"" False ""]LOG]!><time="10:26:28.6400496" date="5-29-2026" component="IntuneManagementExtension" context="" type="1" thread="15" file="">
<![LOG[Launch powershell executor in machine session]LOG]!><time="10:26:28.6410441" date="5-29-2026" component="IntuneManagementExtension" context="" type="1" thread="15" file="">
<![LOG[Create proxy process successfully. Process id = 17756]LOG]!><time="10:26:28.6520019" date="5-29-2026" component="IntuneManagementExtension" context="" type="1" thread="15" file="">
<![LOG[Powershell execution is done, exitCode = 0]LOG]!><time="10:26:38.7600557" date="5-29-2026" component="IntuneManagementExtension" context="" type="1" thread="15" file="">
<![LOG[Found 1 MDM certificates from Local Computer Store.]LOG]!><time="10:26:43.7535212" date="5-29-2026" component="IntuneManagementExtension" context="" type="1" thread="15" file="">
<![LOG[[TamperProtection] Enforcement mode = Enforcement2. PolicyType = 6. Running checks.]LOG]!><time="10:26:44.0194542" date="5-29-2026" component="IntuneManagementExtension" context="" type="1" thread="15" file="">
<![LOG[[TamperProtection] Blob embedded certs:DigiCert Global Root G2:DigiCert Global Root G2|08/01/2013 05:00:00|01/15/2038 04:00:00|DF3C24F9BFD666761B268073FE06D1CC8D4F82A4
Microsoft Azure RSA TLS Issuing CA 03:DigiCert Global Root G2|06/07/2023 17:00:00|08/25/2026 16:59:59|F9388EA2C9B7D632B66A2B0B406DF1D37D3901F6
SideCarSignCert.manage.microsoft.com:Microsoft Azure RSA TLS Issuing CA 03|03/12/2026 06:12:41|08/25/2026 16:59:59|8099E6B8A66C42456BB34ED307E9F29BB0E8E0CA
]LOG]!><time="10:26:44.0224424" date="5-29-2026" component="IntuneManagementExtension" context="" type="1" thread="15" file="">
<![LOG[[TamperProtection] Pass.]LOG]!><time="10:26:44.0274203" date="5-29-2026" component="IntuneManagementExtension" context="" type="1" thread="15" file="">
<![LOG[[PowerShell] Tamper validation pass.]LOG]!><time="10:26:44.0274203" date="5-29-2026" component="IntuneManagementExtension" context="" type="1" thread="15" file="">
<![LOG["C:\Program Files (x86)\Microsoft Intune Management Extension\agentexecutor.exe"  -remediationScript  ""C:\Windows\IMECache\HealthScripts\be466d2c-3522-49f1-8434-542e52371153_2\detect.ps1"" ""C:\Windows\IMECache\HealthScripts\be466d2c-3522-49f1-8434-542e52371153_2\f9270fe2-c3ea-4720-b7a6-3484fb1221ad_PreDetectScript.output"" ""C:\Windows\IMECache\HealthScripts\be466d2c-3522-49f1-8434-542e52371153_2\f9270fe2-c3ea-4720-b7a6-3484fb1221ad_PreDetectScript.error"" ""C:\Windows\IMECache\HealthScripts\be466d2c-3522-49f1-8434-542e52371153_2\f9270fe2-c3ea-4720-b7a6-3484fb1221ad_PreDetectScript.timeout"" 3600 "C:\Windows\System32\WindowsPowerShell\v1.0" 0 ""C:\Windows\IMECache\HealthScripts\be466d2c-3522-49f1-8434-542e52371153_2\f9270fe2-c3ea-4720-b7a6-3484fb1221ad_PreDetectScript.exit"" False ""]LOG]!><time="10:26:49.0207132" date="5-29-2026" component="IntuneManagementExtension" context="" type="1" thread="15" file="">
<![LOG[Launch powershell executor in machine session]LOG]!><time="10:26:49.0217261" date="5-29-2026" component="IntuneManagementExtension" context="" type="1" thread="15" file="">
<![LOG[Create proxy process successfully. Process id = 9960]LOG]!><time="10:26:49.0302323" date="5-29-2026" component="IntuneManagementExtension" context="" type="1" thread="15" file="">
<![LOG[Powershell execution is done, exitCode = 0]LOG]!><time="10:26:58.7412781" date="5-29-2026" component="IntuneManagementExtension" context="" type="1" thread="15" file="">
<![LOG[Found 1 MDM certificates from Local Computer Store.]LOG]!><time="10:27:03.7360911" date="5-29-2026" component="IntuneManagementExtension" context="" type="1" thread="15" file="">
<![LOG[Found 1 MDM certificates from Local Computer Store.]LOG]!><time="10:28:10.4790979" date="5-29-2026" component="IntuneManagementExtension" context="" type="1" thread="8" file="">
<![LOG[[ServiceBase], check in using device check in AAD App]LOG]!><time="10:28:10.5241795" date="5-29-2026" component="IntuneManagementExtension" context="" type="1" thread="8" file="">
<![LOG[[SendWebRequestInternal] iteration [0] started, total retryCount: 0]LOG]!><time="10:28:10.5241795" date="5-29-2026" component="IntuneManagementExtension" context="" type="1" thread="8" file="">
<![LOG[PrepareHeaders, client-request-id: 8309bcca-e8d1-4e89-849f-93c04359ed85, Method: PUT]LOG]!><time="10:28:10.5241795" date="5-29-2026" component="IntuneManagementExtension" context="" type="1" thread="8" file="">
<![LOG[Userless session, skip UserToken for device check-in]LOG]!><time="10:28:10.5241795" date="5-29-2026" component="IntuneManagementExtension" context="" type="1" thread="8" file="">
<![LOG[Found 1 MDM certificates from Local Computer Store.]LOG]!><time="10:28:10.5241795" date="5-29-2026" component="IntuneManagementExtension" context="" type="1" thread="8" file="">
<![LOG[Add MdmDeviceCertificate 02E4F9FB5FC65A142EA077D00A8BC04A10DC732B into WebRequest with True]LOG]!><time="10:28:10.5241795" date="5-29-2026" component="IntuneManagementExtension" context="" type="1" thread="8" file="">
<![LOG[[SendWebRequestInternal] Sending network request...  Current proxy is https://agents.amsua0202.manage.microsoft.com/TrafficGateway/TrafficRoutingService/SideCar/StatelessSideCarGatewayService/SideCarGatewaySessions('bda9ac14-667c-44d5-a610-098189852f56')%3Fapi-version=1.5]LOG]!><time="10:28:10.5341343" date="5-29-2026" component="IntuneManagementExtension" context="" type="1" thread="8" file="">
<![LOG[[SendWebRequestInternal] Succeeded, client-request-id: 8309bcca-e8d1-4e89-849f-93c04359ed85, AfdRef: ]LOG]!><time="10:28:11.1913328" date="5-29-2026" component="IntuneManagementExtension" context="" type="1" thread="9" file="">
<![LOG[Found 1 MDM certificates from Local Computer Store.]LOG]!><time="10:28:11.1933426" date="5-29-2026" component="IntuneManagementExtension" context="" type="1" thread="8" file="">
<![LOG[DO Job Id = 6e34946a-e4f3-4c32-9c10-ae93d9f407b1 ]LOG]!><time="10:28:11.4443028" date="5-29-2026" component="IntuneManagementExtension" context="" type="1" thread="8" file="">
<![LOG[Add File to the Job, File Id: 501FCB7D-A970-4E34-A753-4B48FE5D8BEF_5f09d589-ad94-4886-bc14-bcafeea7dc2c_33eca66d-1564-400f-a327-454a2b59ef54_cb9c61b9-5d9f-4d95-b210-85f92f8c95c0-intunewin-bin_e180df2c-1d4b-4f0c-9353-e7a9fb8f4df5_1]LOG]!><time="10:28:11.4466963" date="5-29-2026" component="IntuneManagementExtension" context="" type="1" thread="8" file="">
<![LOG[Starting job 6e34946a-e4f3-4c32-9c10-ae93d9f407b1...]LOG]!><time="10:28:11.4505653" date="5-29-2026" component="IntuneManagementExtension" context="" type="1" thread="8" file="">
<![LOG[...job 6e34946a-e4f3-4c32-9c10-ae93d9f407b1 started]LOG]!><time="10:28:11.4533447" date="5-29-2026" component="IntuneManagementExtension" context="" type="1" thread="8" file="">
<![LOG[Waiting 1800000 ms for 1 jobs to complete]LOG]!><time="10:28:11.4533447" date="5-29-2026" component="IntuneManagementExtension" context="" type="1" thread="8" file="">
<![LOG[JobTransferred callback for job = 6e34946a-e4f3-4c32-9c10-ae93d9f407b1]LOG]!><time="10:28:12.0379491" date="5-29-2026" component="IntuneManagementExtension" context="" type="1" thread="18" file="">
<![LOG[Completing job 6e34946a-e4f3-4c32-9c10-ae93d9f407b1]LOG]!><time="10:28:16.4602940" date="5-29-2026" component="IntuneManagementExtension" context="" type="1" thread="8" file="">
<![LOG[Notified DO Service the job is complete.]LOG]!><time="10:28:16.4602940" date="5-29-2026" component="IntuneManagementExtension" context="" type="1" thread="8" file="">
<![LOG[[Flighting] Fetching flighting value for key EnablePutWithTupleResult...]LOG]!><time="10:28:16.7121550" date="5-29-2026" component="IntuneManagementExtension" context="" type="1" thread="14" file="">
<![LOG[[Flighting] Key: EnablePutWithTupleResult, value not found. Falling back to default value: False.]LOG]!><time="10:28:16.7141703" date="5-29-2026" component="IntuneManagementExtension" context="" type="2" thread="14" file="">
<![LOG[[ServiceBase], check in using device check in AAD App]LOG]!><time="10:28:16.7161840" date="5-29-2026" component="IntuneManagementExtension" context="" type="1" thread="14" file="">
<![LOG[[SendWebRequestInternal] iteration [0] started, total retryCount: 0]LOG]!><time="10:28:16.7161840" date="5-29-2026" component="IntuneManagementExtension" context="" type="1" thread="14" file="">
<![LOG[PrepareHeaders, client-request-id: 9b700497-c136-4f0a-bf3c-0b78d964deec, Method: PUT]LOG]!><time="10:28:16.7181943" date="5-29-2026" component="IntuneManagementExtension" context="" type="1" thread="14" file="">
<![LOG[Userless session, skip UserToken for device check-in]LOG]!><time="10:28:16.7181943" date="5-29-2026" component="IntuneManagementExtension" context="" type="1" thread="14" file="">
<![LOG[Found 1 MDM certificates from Local Computer Store.]LOG]!><time="10:28:16.7202103" date="5-29-2026" component="IntuneManagementExtension" context="" type="1" thread="14" file="">
<![LOG[Add MdmDeviceCertificate 02E4F9FB5FC65A142EA077D00A8BC04A10DC732B into WebRequest with True]LOG]!><time="10:28:16.7222201" date="5-29-2026" component="IntuneManagementExtension" context="" type="1" thread="14" file="">
<![LOG[[SendWebRequestInternal] Sending network request...  Current proxy is https://agents.amsua0202.manage.microsoft.com/TrafficGateway/TrafficRoutingService/SideCar/StatelessSideCarGatewayService/SideCarGatewaySessions('0893e320-a293-47c3-beba-6c4dc2b8fa2c')%3Fapi-version=1.5]LOG]!><time="10:28:16.7222201" date="5-29-2026" component="IntuneManagementExtension" context="" type="1" thread="14" file="">
<![LOG[[SendWebRequestInternal] Succeeded, client-request-id: 9b700497-c136-4f0a-bf3c-0b78d964deec, AfdRef: ]LOG]!><time="10:28:17.0153126" date="5-29-2026" component="IntuneManagementExtension" context="" type="1" thread="3" file="">
<![LOG[[Win32App][Win32AppDownloadExecutor] Execution completed with action status: Success, enforcement state: InProgressDownloadCompleted, error code: , and download running in background: False.]LOG]!><time="10:28:17.1093314" date="5-29-2026" component="IntuneManagementExtension" context="" type="1" thread="8" file="">
<![LOG[[ServiceBase], check in using device check in AAD App]LOG]!><time="10:28:40.2756398" date="5-29-2026" component="IntuneManagementExtension" context="" type="1" thread="8" file="">
<![LOG[[SendWebRequestInternal] iteration [0] started, total retryCount: 2]LOG]!><time="10:28:40.2756398" date="5-29-2026" component="IntuneManagementExtension" context="" type="1" thread="8" file="">
<![LOG[PrepareHeaders, client-request-id: 398823a2-037b-48e9-8b32-9f5cca16b884, Method: PUT]LOG]!><time="10:28:40.2756398" date="5-29-2026" component="IntuneManagementExtension" context="" type="1" thread="8" file="">
<![LOG[Userless session, skip UserToken for device check-in]LOG]!><time="10:28:40.2756398" date="5-29-2026" component="IntuneManagementExtension" context="" type="1" thread="8" file="">
<![LOG[Found 1 MDM certificates from Local Computer Store.]LOG]!><time="10:28:40.2756398" date="5-29-2026" component="IntuneManagementExtension" context="" type="1" thread="8" file="">
<![LOG[Add MdmDeviceCertificate 02E4F9FB5FC65A142EA077D00A8BC04A10DC732B into WebRequest with True]LOG]!><time="10:28:40.2756398" date="5-29-2026" component="IntuneManagementExtension" context="" type="1" thread="8" file="">
<![LOG[[SendWebRequestInternal] Sending network request...  Current proxy is https://agents.amsua0202.manage.microsoft.com/TrafficGateway/TrafficRoutingService/SideCar/StatelessSideCarGatewayService/SideCarGatewaySessions('7117b8e1-07d4-471d-aed4-ccbf98f5a690')%3Fapi-version=1.5]LOG]!><time="10:28:40.2756398" date="5-29-2026" component="IntuneManagementExtension" context="" type="1" thread="8" file="">
<![LOG[[SendWebRequestInternal] Succeeded, client-request-id: 398823a2-037b-48e9-8b32-9f5cca16b884, AfdRef: ]LOG]!><time="10:28:40.5611370" date="5-29-2026" component="IntuneManagementExtension" context="" type="1" thread="3" file="">
<![LOG[Checking throttle setting]LOG]!><time="10:28:55.6128336" date="5-29-2026" component="IntuneManagementExtension" context="" type="1" thread="8" file="">
<![LOG[Successfully updated throttling info. workload AgentCheckIn, currentCnt = 11]LOG]!><time="10:28:55.6153470" date="5-29-2026" component="IntuneManagementExtension" context="" type="1" thread="8" file="">
<![LOG[Finish throttle checking.]LOG]!><time="10:28:55.6153470" date="5-29-2026" component="IntuneManagementExtension" context="" type="1" thread="8" file="">
<![LOG[[ProcessAppsOnSessionChange] End app check in]LOG]!><time="10:28:55.7330636" date="5-29-2026" component="IntuneManagementExtension" context="" type="1" thread="8" file="">
<![LOG[[OnSessionChange][RebootHelper] CheckRebootFlagAndPop start...]LOG]!><time="10:28:55.7330636" date="5-29-2026" component="IntuneManagementExtension" context="" type="2" thread="8" file="">
<![LOG[[OnSessionChange][RebootHelper] CheckRebootFlagAndPop complete]LOG]!><time="10:28:55.7330636" date="5-29-2026" component="IntuneManagementExtension" context="" type="2" thread="8" file="">
<![LOG[System.Exception: GetAADJoinInfo - Failed to get Azure AD Join information using NetGetAadJoinInformation.  hr:1
   at Microsoft.Management.Services.IntuneWindowsAgent.AgentCommon.AADJoinHelper.GetAADJoinInfo()]LOG]!><time="10:28:55.7417752" date="5-29-2026" component="IntuneManagementExtension" context="" type="2" thread="8" file="">
<![LOG[Failed to check if device is WPJ, ex is System.Exception: GetAADJoinInfo - Failed to get Azure AD Join information using NetGetAadJoinInformation.  hr:1
   at Microsoft.Management.Services.IntuneWindowsAgent.AgentCommon.AADJoinHelper.GetAADJoinInfo()
   at Microsoft.Management.Services.IntuneWindowsAgent.AgentCommon.AADJoinHelper.IsDeviceWPJ()]LOG]!><time="10:28:55.7417752" date="5-29-2026" component="IntuneManagementExtension" context="" type="2" thread="8" file="">
<![LOG[starting impersonation, session id = 2]LOG]!><time="10:28:55.7417752" date="5-29-2026" component="IntuneManagementExtension" context="" type="1" thread="8" file="">
<![LOG[After impersonation: BCLDB\aaaggarw_w]LOG]!><time="10:28:55.7417752" date="5-29-2026" component="IntuneManagementExtension" context="" type="1" thread="8" file="">
<![LOG[[TokenManager::GetTokenForNewRequestUsingDeviceCheckInAppId]]LOG]!><time="10:28:55.7417752" date="5-29-2026" component="IntuneManagementExtension" context="" type="1" thread="8" file="">
<![LOG[provider id = https://login.microsoft.com, authority = organizations]LOG]!><time="10:28:55.7575288" date="5-29-2026" component="IntuneManagementExtension" context="" type="1" thread="17" file="">
<![LOG[get provider, provider name = Work or school account]LOG]!><time="10:28:55.7575288" date="5-29-2026" component="IntuneManagementExtension" context="" type="1" thread="17" file="">
<![LOG[Failed to get AAD token. len = 52 using client id fc0f3af4-6835-4174-b806-f7db311fd2f3 and resource id 26a4ae64-5862-427f-a9b0-044e62572a4f, errorCode = 3400073236]LOG]!><time="10:28:56.8792981" date="5-29-2026" component="IntuneManagementExtension" context="" type="1" thread="17" file="">
<![LOG[The requested resource requires user authentication.]LOG]!><time="10:28:56.8813114" date="5-29-2026" component="IntuneManagementExtension" context="" type="1" thread="17" file="">
<![LOG[AAD User check is failed, exception is Intune Management Extension Error.
Exception: Microsoft.Management.Services.IntuneWindowsAgent.AgentCommon.TokenAquireException: Attempt to get token, but failed.
   at Microsoft.Management.Services.IntuneWindowsAgent.AgentCommon.IntuneTokenManager.<GetTokenInternalAsync>d__44.MoveNext()
--- End of stack trace from previous location where exception was thrown ---
   at System.Runtime.CompilerServices.TaskAwaiter.ThrowForNonSuccess(Task task)
   at System.Runtime.CompilerServices.TaskAwaiter.HandleNonSuccessAndDebuggerNotification(Task task)
   at Microsoft.Management.Services.IntuneWindowsAgent.AgentCommon.IntuneTokenManager.<GetTokenForNewRequestUsingDeviceCheckInAppId>d__43.MoveNext()
--- End of stack trace from previous location where exception was thrown ---
   at System.Runtime.CompilerServices.TaskAwaiter.ThrowForNonSuccess(Task task)
   at System.Runtime.CompilerServices.TaskAwaiter.HandleNonSuccessAndDebuggerNotification(Task task)
   at Microsoft.Management.Services.IntuneWindowsAgent.AgentCommon.DiscoveryService.<<IsAADUserInternal>b__19_0>d.MoveNext()
--- End of stack trace from previous location where exception was thrown ---
   at System.Runtime.CompilerServices.TaskAwaiter.ThrowForNonSuccess(Task task)
   at System.Runtime.CompilerServices.TaskAwaiter.HandleNonSuccessAndDebuggerNotification(Task task)
   at System.Runtime.CompilerServices.TaskAwaiter.GetResult()
   at Microsoft.Management.Services.IntuneWindowsAgent.AgentCommon.ImpersonateHelper.<DoActionWithImpersonation>d__4.MoveNext()
--- End of stack trace from previous location where exception was thrown ---
   at System.Runtime.CompilerServices.TaskAwaiter.ThrowForNonSuccess(Task task)
   at System.Runtime.CompilerServices.TaskAwaiter.HandleNonSuccessAndDebuggerNotification(Task task)
   at Microsoft.Management.Services.IntuneWindowsAgent.AgentCommon.DiscoveryService.<IsAADUserInternal>d__19.MoveNext(), session is 2]LOG]!><time="10:28:56.8813114" date="5-29-2026" component="IntuneManagementExtension" context="" type="1" thread="17" file="">
<![LOG[AAD User check using device check in app is failed, now fallback to the Graph audience. ex = Intune Management Extension Error.
Exception: Microsoft.Management.Services.IntuneWindowsAgent.AgentCommon.TokenAquireException: Attempt to get token, but failed.
   at Microsoft.Management.Services.IntuneWindowsAgent.AgentCommon.DiscoveryService.<IsAADUserInternal>d__19.MoveNext()
--- End of stack trace from previous location where exception was thrown ---
   at System.Runtime.CompilerServices.TaskAwaiter.ThrowForNonSuccess(Task task)
   at System.Runtime.CompilerServices.TaskAwaiter.HandleNonSuccessAndDebuggerNotification(Task task)
   at Microsoft.Management.Services.IntuneWindowsAgent.AgentCommon.DiscoveryService.<IsAADUser>d__17.MoveNext()]LOG]!><time="10:28:56.8830680" date="5-29-2026" component="IntuneManagementExtension" context="" type="3" thread="17" file="">
<![LOG[starting impersonation, session id = 2]LOG]!><time="10:28:56.8830680" date="5-29-2026" component="IntuneManagementExtension" context="" type="1" thread="17" file="">
<![LOG[After impersonation: BCLDB\aaaggarw_w]LOG]!><time="10:28:56.8850789" date="5-29-2026" component="IntuneManagementExtension" context="" type="1" thread="17" file="">
<![LOG[[TokenManager::GetTokenForNewRequestAsync]]LOG]!><time="10:28:56.8870918" date="5-29-2026" component="IntuneManagementExtension" context="" type="1" thread="17" file="">
<![LOG[provider id = https://login.microsoft.com, authority = organizations]LOG]!><time="10:28:56.8911170" date="5-29-2026" component="IntuneManagementExtension" context="" type="1" thread="17" file="">
<![LOG[get provider, provider name = Work or school account]LOG]!><time="10:28:56.8931284" date="5-29-2026" component="IntuneManagementExtension" context="" type="1" thread="17" file="">
<![LOG[Failed to get AAD token. len = 52 using client id fc0f3af4-6835-4174-b806-f7db311fd2f3 and resource id 00000003-0000-0000-c000-000000000000, errorCode = 3400073236]LOG]!><time="10:28:57.7700352" date="5-29-2026" component="IntuneManagementExtension" context="" type="1" thread="17" file="">
<![LOG[The requested resource requires user authentication.]LOG]!><time="10:28:57.7700352" date="5-29-2026" component="IntuneManagementExtension" context="" type="1" thread="17" file="">
<![LOG[AAD User check is failed, exception is Intune Management Extension Error.
Exception: Microsoft.Management.Services.IntuneWindowsAgent.AgentCommon.TokenAquireException: Attempt to get token, but failed.
   at Microsoft.Management.Services.IntuneWindowsAgent.AgentCommon.IntuneTokenManager.<GetTokenInternalAsync>d__44.MoveNext()
--- End of stack trace from previous location where exception was thrown ---
   at System.Runtime.CompilerServices.TaskAwaiter.ThrowForNonSuccess(Task task)
   at System.Runtime.CompilerServices.TaskAwaiter.HandleNonSuccessAndDebuggerNotification(Task task)
   at Microsoft.Management.Services.IntuneWindowsAgent.AgentCommon.IntuneTokenManager.<GetTokenForNewRequestAsync>d__42.MoveNext()
--- End of stack trace from previous location where exception was thrown ---
   at System.Runtime.CompilerServices.TaskAwaiter.ThrowForNonSuccess(Task task)
   at System.Runtime.CompilerServices.TaskAwaiter.HandleNonSuccessAndDebuggerNotification(Task task)
   at Microsoft.Management.Services.IntuneWindowsAgent.AgentCommon.DiscoveryService.<<IsAADUserInternal>b__19_1>d.MoveNext()
--- End of stack trace from previous location where exception was thrown ---
   at System.Runtime.CompilerServices.TaskAwaiter.ThrowForNonSuccess(Task task)
   at System.Runtime.CompilerServices.TaskAwaiter.HandleNonSuccessAndDebuggerNotification(Task task)
   at System.Runtime.CompilerServices.TaskAwaiter.GetResult()
   at Microsoft.Management.Services.IntuneWindowsAgent.AgentCommon.ImpersonateHelper.<DoActionWithImpersonation>d__4.MoveNext()
--- End of stack trace from previous location where exception was thrown ---
   at System.Runtime.CompilerServices.TaskAwaiter.ThrowForNonSuccess(Task task)
   at System.Runtime.CompilerServices.TaskAwaiter.HandleNonSuccessAndDebuggerNotification(Task task)
   at Microsoft.Management.Services.IntuneWindowsAgent.AgentCommon.DiscoveryService.<IsAADUserInternal>d__19.MoveNext(), session is 2]LOG]!><time="10:28:57.7723783" date="5-29-2026" component="IntuneManagementExtension" context="" type="1" thread="17" file="">
<![LOG[Found 1 MDM certificates from Local Computer Store.]LOG]!><time="10:28:57.7743940" date="5-29-2026" component="IntuneManagementExtension" context="" type="1" thread="8" file="">
<![LOG[[Location Service] Found cached SideCarGatewayServiceUrl: https://agents.amsua0202.manage.microsoft.com/TrafficGateway/TrafficRoutingService/SideCar/StatelessSideCarGatewayService]LOG]!><time="10:28:57.7743940" date="5-29-2026" component="IntuneManagementExtension" context="" type="1" thread="8" file="">
<![LOG[[ServiceBase], check in using device check in AAD App]LOG]!><time="10:28:57.8134324" date="5-29-2026" component="IntuneManagementExtension" context="" type="1" thread="8" file="">
<![LOG[[SendWebRequestInternal] iteration [0] started, total retryCount: 0]LOG]!><time="10:28:57.8134324" date="5-29-2026" component="IntuneManagementExtension" context="" type="1" thread="8" file="">
<![LOG[PrepareHeaders, client-request-id: e277bc12-7279-4d9c-974e-b9a547af2350, Method: PUT]LOG]!><time="10:28:57.8134324" date="5-29-2026" component="IntuneManagementExtension" context="" type="1" thread="8" file="">
<![LOG[Userless session, skip UserToken for device check-in]LOG]!><time="10:28:57.8134324" date="5-29-2026" component="IntuneManagementExtension" context="" type="1" thread="8" file="">
<![LOG[Found 1 MDM certificates from Local Computer Store.]LOG]!><time="10:28:57.8163125" date="5-29-2026" component="IntuneManagementExtension" context="" type="1" thread="8" file="">
<![LOG[Add MdmDeviceCertificate 02E4F9FB5FC65A142EA077D00A8BC04A10DC732B into WebRequest with True]LOG]!><time="10:28:57.8163125" date="5-29-2026" component="IntuneManagementExtension" context="" type="1" thread="8" file="">
<![LOG[[SendWebRequestInternal] Sending network request...  Current proxy is https://agents.amsua0202.manage.microsoft.com/TrafficGateway/TrafficRoutingService/SideCar/StatelessSideCarGatewayService/SideCarGatewaySessions('a4f78e5c-81c6-4510-b1c8-77ad7d1ccc70')%3Fapi-version=1.5]LOG]!><time="10:28:57.8178255" date="5-29-2026" component="IntuneManagementExtension" context="" type="1" thread="8" file="">
<![LOG[[SendWebRequestInternal] Succeeded, client-request-id: e277bc12-7279-4d9c-974e-b9a547af2350, AfdRef: ]LOG]!><time="10:28:58.5942761" date="5-29-2026" component="IntuneManagementExtension" context="" type="1" thread="15" file="">
<![LOG[GetAADAuthToken - Failed to get Azure AD Join information using NetGetAadJoinInformation in <GetTenantInformation>.  hr:1]LOG]!><time="10:29:14.0609530" date="5-29-2026" component="IntuneManagementExtension" context="" type="3" thread="14" file="">
<![LOG[GetAADAuthToken error in <GetTenantInformation> - System.Exception: GetAADAuthToken - Failed to get Azure AD Join information using NetGetAadJoinInformation in <GetTenantInformation>.  hr:1
   at Microsoft.Management.Clients.IntuneManagementExtension.DataSensorPlugIn.Utils.EventSenderUtils.GetTenantInformation()]LOG]!><time="10:29:14.0609530" date="5-29-2026" component="IntuneManagementExtension" context="" type="3" thread="14" file="">
